CustomerID,total_revenue,total_orders,total_items,first_purchase,last_purchase,country,days_since_last_purchase,avg_order_value
12346.0,77183.6,1,74215,2011-01-18 10:01:00,2011-01-18 10:01:00,United Kingdom,325,77183.6
12347.0,4310.0,7,2458,2010-12-07 14:57:00,2011-12-07 15:52:00,Iceland,1,615.7142857142857
12348.0,1797.24,4,2341,2010-12-16 19:09:00,2011-09-25 13:13:00,Finland,74,449.31
12349.0,1757.55,1,631,2011-11-21 09:51:00,2011-11-21 09:51:00,Italy,18,1757.55
12350.0,334.4,1,197,2011-02-02 16:01:00,2011-02-02 16:01:00,Norway,309,334.4
12352.0,2506.04,8,536,2011-02-16 12:33:00,2011-11-03 14:37:00,Norway,35,313.255
12353.0,89.0,1,20,2011-05-19 17:47:00,2011-05-19 17:47:00,Bahrain,203,89.0
12354.0,1079.4,1,530,2011-04-21 13:11:00,2011-04-21 13:11:00,Spain,231,1079.4
12355.0,459.4,1,240,2011-05-09 13:49:00,2011-05-09 13:49:00,Bahrain,213,459.4
12356.0,2811.43,3,1591,2011-01-18 09:50:00,2011-11-17 08:40:00,Portugal,22,937.1433333333333
12357.0,6207.67,1,2708,2011-11-06 16:07:00,2011-11-06 16:07:00,Switzerland,32,6207.67
12358.0,1168.06,2,248,2011-07-12 10:04:00,2011-12-08 10:26:00,Austria,1,584.03
12359.0,6310.03,4,1609,2011-01-12 12:43:00,2011-10-13 12:47:00,Cyprus,57,1577.5075
12360.0,2662.06,3,1165,2011-05-23 09:43:00,2011-10-18 15:22:00,Austria,51,887.3533333333334
12361.0,189.9,1,91,2011-02-25 13:51:00,2011-02-25 13:51:00,Belgium,286,189.9
12362.0,5226.23,10,2229,2011-02-17 10:30:00,2011-12-06 15:40:00,Belgium,2,522.6229999999999
12363.0,552.0,2,408,2011-04-11 13:29:00,2011-08-22 10:18:00,Unspecified,109,276.0
12364.0,1313.1,4,1506,2011-08-19 15:24:00,2011-12-02 10:22:00,Belgium,7,328.275
12365.0,641.38,2,174,2011-02-21 13:51:00,2011-02-21 14:04:00,Cyprus,290,320.69
12367.0,168.9,1,173,2011-12-05 16:48:00,2011-12-05 16:48:00,Denmark,3,168.9
12370.0,3541.94,4,2352,2010-12-14 12:58:00,2011-10-19 14:51:00,Cyprus,50,885.485
12371.0,1887.96,2,591,2011-10-11 10:43:00,2011-10-26 10:16:00,Switzerland,44,943.98
12372.0,1298.04,3,794,2011-02-16 12:46:00,2011-09-29 12:12:00,Denmark,71,432.68
12373.0,364.6,1,197,2011-02-01 13:10:00,2011-02-01 13:10:00,Austria,310,364.6
12374.0,742.9300000000001,1,342,2011-11-14 15:37:00,2011-11-14 15:37:00,Austria,24,742.9300000000001
12375.0,457.5,2,178,2011-09-02 14:23:00,2011-11-29 10:36:00,Finland,10,228.75
12377.0,1628.12,2,944,2010-12-20 09:37:00,2011-01-28 15:45:00,Switzerland,314,814.06
12378.0,4008.62,1,2529,2011-08-02 10:34:00,2011-08-02 10:34:00,Switzerland,129,4008.62
12379.0,852.24,2,407,2011-06-22 16:32:00,2011-09-19 10:09:00,Belgium,81,426.12
12380.0,2724.81,4,1127,2011-06-07 09:49:00,2011-11-18 11:27:00,Belgium,21,681.2025
12381.0,1845.31,5,808,2011-08-12 09:57:00,2011-12-05 12:44:00,Norway,4,369.062
12383.0,1850.56,5,1532,2010-12-22 14:28:00,2011-06-08 08:02:00,Belgium,184,370.11199999999997
12384.0,585.27,2,126,2011-08-10 11:23:00,2011-11-11 08:39:00,Switzerland,28,292.635
12386.0,401.9,2,354,2010-12-08 09:53:00,2011-01-06 12:37:00,Australia,337,200.95
12388.0,2780.66,6,1462,2011-01-17 11:12:00,2011-11-24 12:30:00,Australia,15,463.4433333333333
12390.0,549.84,1,353,2011-09-21 09:33:00,2011-09-21 09:33:00,Belgium,79,549.84
12391.0,439.66,1,293,2011-11-18 12:07:00,2011-11-18 12:07:00,Cyprus,21,439.66
12393.0,1582.6000000000001,4,816,2011-01-11 09:47:00,2011-09-28 15:41:00,Australia,71,395.65000000000003
12394.0,1272.48,2,819,2011-05-06 14:01:00,2011-10-07 08:08:00,Belgium,63,636.24
12395.0,3018.63,12,2118,2010-12-03 16:35:00,2011-11-20 15:21:00,Belgium,18,251.5525
12397.0,2409.9,2,1263,2011-07-27 14:21:00,2011-11-04 09:52:00,Belgium,35,1204.95
12398.0,1635.6599999999999,1,1394,2011-10-25 10:27:00,2011-10-25 10:27:00,Switzerland,45,1635.6599999999999
12399.0,1108.65,4,1178,2011-03-23 09:42:00,2011-08-12 13:15:00,Belgium,118,277.1625
12401.0,84.3,1,11,2011-02-09 13:50:00,2011-02-09 13:50:00,Belgium,302,84.3
12402.0,225.6,1,94,2011-01-20 13:49:00,2011-01-20 13:49:00,Belgium,322,225.6
12403.0,427.7,1,96,2011-10-21 10:51:00,2011-10-21 10:51:00,Denmark,49,427.7
12405.0,1710.39,1,857,2011-07-14 08:52:00,2011-07-14 08:52:00,Finland,148,1710.39
12406.0,3415.3,2,1818,2011-06-09 10:23:00,2011-11-17 19:22:00,Denmark,21,1707.65
12407.0,1708.1200000000001,5,1416,2011-03-20 13:21:00,2011-10-21 10:11:00,Belgium,49,341.624
12408.0,2888.55,5,1409,2011-03-24 14:46:00,2011-11-07 12:27:00,Belgium,32,577.71
12409.0,11072.67,3,5551,2011-06-10 12:19:00,2011-09-22 10:38:00,Switzerland,78,3690.89
12410.0,693.3299999999999,2,211,2011-02-04 10:38:00,2011-02-04 10:39:00,Switzerland,308,346.66499999999996
12412.0,1226.88,3,829,2011-06-23 13:51:00,2011-09-26 10:16:00,Denmark,74,408.96000000000004
12413.0,758.1,3,286,2011-01-06 16:12:00,2011-10-04 09:00:00,France,66,252.70000000000002
12414.0,562.41,3,300,2011-02-02 14:51:00,2011-05-06 14:51:00,Austria,216,187.47
12415.0,124914.53,21,77374,2011-01-06 11:12:00,2011-11-15 14:22:00,Australia,23,5948.310952380953
12417.0,3649.1,9,1552,2010-12-17 11:51:00,2011-12-06 14:52:00,Belgium,2,405.4555555555555
12418.0,668.58,1,407,2011-08-19 11:08:00,2011-08-19 11:08:00,Switzerland,112,668.58
12420.0,600.39,1,345,2011-10-07 08:55:00,2011-10-07 08:55:00,Cyprus,63,600.39
12421.0,807.04,4,484,2011-01-24 15:09:00,2011-11-24 09:07:00,Spain,15,201.76
12422.0,803.5600000000001,3,370,2011-01-19 09:13:00,2011-09-05 09:48:00,Australia,95,267.85333333333335
12423.0,1859.31,8,1339,2010-12-21 10:54:00,2011-12-09 10:10:00,Belgium,0,232.41375
12424.0,1760.96,2,740,2011-06-30 12:06:00,2011-06-30 12:06:00,Australia,162,880.48
12425.0,777.2,1,496,2011-09-22 17:31:00,2011-09-22 17:31:00,Portugal,77,777.2
12426.0,582.73,1,258,2011-05-29 12:26:00,2011-05-29 12:26:00,Germany,194,582.73
12427.0,825.8,3,533,2010-12-03 10:44:00,2011-11-18 08:56:00,Germany,21,275.26666666666665
12428.0,7956.46,9,3536,2011-03-01 09:33:00,2011-11-14 08:22:00,Finland,25,884.0511111111111
12429.0,3750.4,4,1557,2010-12-09 12:05:00,2011-11-30 17:22:00,Denmark,8,937.6
12430.0,256.4,1,117,2011-10-27 15:09:00,2011-10-27 15:09:00,Norway,42,256.4
12431.0,6419.95,15,2896,2010-12-01 10:03:00,2011-11-04 11:55:00,Australia,35,427.99666666666667
12432.0,5059.32,5,1801,2011-06-20 13:27:00,2011-10-28 11:43:00,Norway,42,1011.8639999999999
12433.0,13375.87,7,11071,2010-12-01 13:24:00,2011-12-09 10:02:00,Norway,0,1910.8385714285716
12434.0,806.14,2,394,2011-03-24 13:05:00,2011-09-16 12:38:00,Australia,84,403.07
12435.0,7829.89,2,2055,2011-03-17 07:40:00,2011-09-21 09:06:00,Denmark,79,3914.945
12436.0,509.01,1,211,2011-09-01 12:09:00,2011-09-01 12:09:00,Norway,99,509.01
12437.0,4951.41,18,2922,2011-01-12 14:13:00,2011-12-08 11:35:00,France,1,275.0783333333333
12438.0,2906.85,2,1180,2011-07-22 13:29:00,2011-11-25 13:28:00,Norway,13,1453.425
12441.0,173.55,1,121,2010-12-08 10:45:00,2010-12-08 10:45:00,France,366,173.55
12442.0,172.06,1,182,2011-12-06 14:22:00,2011-12-06 14:22:00,Spain,2,172.06
12444.0,5005.46,5,1153,2011-06-21 14:00:00,2011-11-18 13:23:00,Norway,20,1001.092
12445.0,133.4,1,62,2011-11-17 18:43:00,2011-11-17 18:43:00,Spain,21,133.4
12446.0,1002.3100000000001,1,351,2011-10-13 12:50:00,2011-10-13 12:50:00,RSA,57,1002.3100000000001
12447.0,476.49,1,190,2011-04-10 13:25:00,2011-04-10 13:25:00,Belgium,242,476.49
12448.0,449.45,1,243,2011-10-26 13:46:00,2011-10-26 13:46:00,Spain,43,449.45
12449.0,4067.29,4,1553,2011-06-05 15:37:00,2011-11-17 13:46:00,Belgium,21,1016.8225
12450.0,197.88,2,128,2011-06-19 14:36:00,2011-07-06 14:41:00,Spain,155,98.94
12451.0,9035.52,5,6575,2011-01-19 09:05:00,2011-11-29 08:40:00,Switzerland,10,1807.104
12452.0,430.57,2,185,2011-11-23 08:05:00,2011-11-23 10:28:00,Switzerland,16,215.285
12453.0,707.09,1,473,2011-07-28 14:08:00,2011-07-28 14:08:00,Austria,133,707.09
12454.0,3528.34,1,1006,2011-10-14 17:13:00,2011-10-14 17:13:00,Spain,55,3528.34
12455.0,2466.86,6,2089,2011-02-16 09:56:00,2011-09-27 15:31:00,Cyprus,72,411.1433333333334
12456.0,3181.04,3,1633,2011-03-30 09:12:00,2011-10-26 14:41:00,Switzerland,43,1060.3466666666666
12457.0,2363.23,7,843,2011-04-14 18:57:00,2011-10-04 13:13:00,Switzerland,65,337.6042857142857
12458.0,947.4,2,506,2011-02-28 10:55:00,2011-09-29 15:25:00,Switzerland,70,473.7
12461.0,826.88,2,287,2011-07-08 10:23:00,2011-09-06 16:57:00,Switzerland,93,413.44
12462.0,1189.59,2,536,2011-02-09 14:44:00,2011-11-21 09:11:00,Spain,18,594.795
12463.0,1344.78,4,776,2011-04-12 12:47:00,2011-10-17 13:44:00,Belgium,52,336.195
12464.0,1212.05,8,112,2011-02-03 13:30:00,2011-11-29 13:33:00,Belgium,9,151.50625
12465.0,742.1899999999999,2,479,2011-06-23 13:37:00,2011-11-22 16:34:00,Belgium,16,371.09499999999997
12468.0,729.5400000000001,2,366,2011-01-27 13:29:00,2011-06-05 11:36:00,Germany,187,364.77000000000004
12471.0,19788.65,30,8200,2010-12-10 09:35:00,2011-12-07 15:43:00,Germany,1,659.6216666666667
12472.0,6572.11,7,4148,2010-12-05 14:19:00,2011-11-07 14:01:00,Germany,31,938.8728571428571
12473.0,3928.0499999999997,5,2414,2011-06-01 10:15:00,2011-11-10 13:46:00,Germany,28,785.6099999999999
12474.0,7324.09,18,4833,2011-01-14 10:06:00,2011-11-22 14:39:00,Germany,16,406.8938888888889
12475.0,723.38,1,535,2011-10-17 10:10:00,2011-10-17 10:10:00,Germany,53,723.38
12476.0,6816.42,11,2408,2010-12-13 14:39:00,2011-11-24 12:40:00,Germany,15,619.6745454545454
12477.0,13219.74,6,3653,2011-02-11 12:45:00,2011-11-17 09:51:00,Germany,22,2203.29
12478.0,680.99,1,236,2011-12-06 09:56:00,2011-12-06 09:56:00,Greece,3,680.99
12479.0,527.2,1,385,2011-11-28 13:26:00,2011-11-28 13:26:00,Germany,10,527.2
12480.0,3281.63,4,1707,2011-01-07 15:27:00,2011-11-11 14:52:00,Germany,27,820.4075
12481.0,5579.82,10,3294,2010-12-09 10:13:00,2011-11-17 08:29:00,Germany,22,557.982
12483.0,2484.98,8,1110,2011-01-04 14:20:00,2011-11-22 17:02:00,Sweden,16,310.6225
12484.0,4527.32,6,2187,2011-01-07 14:04:00,2011-11-07 11:37:00,Spain,32,754.5533333333333
12488.0,1298.66,3,529,2011-09-25 10:34:00,2011-11-30 08:50:00,France,9,432.8866666666667
12489.0,334.93,1,105,2011-01-07 13:13:00,2011-01-07 13:13:00,France,335,334.93
12490.0,5417.93,10,3064,2011-01-14 09:13:00,2011-12-04 16:07:00,France,4,541.793
12491.0,460.40000000000003,1,260,2011-11-01 12:18:00,2011-11-01 12:18:00,France,38,460.40000000000003
12492.0,263.21000000000004,2,192,2011-08-26 14:51:00,2011-10-07 15:15:00,Germany,62,131.60500000000002
12493.0,433.74,2,207,2011-05-26 14:53:00,2011-06-27 10:17:00,France,165,216.87
12494.0,1246.1000000000001,7,707,2010-12-09 11:31:00,2011-11-24 09:34:00,France,15,178.01428571428573
12497.0,1043.1,1,1236,2011-09-19 12:29:00,2011-09-19 12:29:00,Germany,81,1043.1
12498.0,403.70000000000005,3,159,2011-10-13 09:30:00,2011-11-18 12:53:00,Germany,20,134.5666666666667
12500.0,4257.82,11,2678,2011-01-10 09:48:00,2011-11-16 16:20:00,Germany,22,387.07454545454544
12501.0,2169.39,1,1783,2011-01-07 12:28:00,2011-01-07 12:28:00,Germany,336,2169.39
12502.0,3723.87,5,820,2011-02-03 10:41:00,2011-09-05 11:52:00,Spain,95,744.774
12504.0,482.04999999999995,2,90,2011-11-09 14:56:00,2011-11-21 16:02:00,Germany,17,241.02499999999998
12506.0,73.5,1,23,2011-04-21 08:54:00,2011-04-21 08:54:00,France,232,73.5
12507.0,1304.81,3,894,2011-02-14 09:24:00,2011-07-28 17:09:00,Spain,133,434.93666666666667
12508.0,397.88,2,271,2011-11-10 16:27:00,2011-11-13 15:37:00,France,25,198.94
12509.0,176.5,1,55,2011-02-28 14:45:00,2011-02-28 14:45:00,France,283,176.5
12510.0,982.5699999999999,2,353,2011-01-18 14:04:00,2011-07-20 10:15:00,Spain,142,491.28499999999997
12512.0,132.18,2,96,2011-10-04 14:53:00,2011-10-04 14:55:00,Israel,65,66.09
12513.0,612.29,1,462,2011-08-19 10:51:00,2011-08-19 10:51:00,France,112,612.29
12514.0,1017.68,1,440,2011-03-17 16:38:00,2011-03-17 16:38:00,Italy,266,1017.68
12515.0,383.7,1,131,2010-12-21 15:43:00,2010-12-21 15:43:00,Italy,352,383.7
12516.0,1312.06,2,875,2011-06-12 11:37:00,2011-09-23 09:13:00,Germany,77,656.03
12517.0,2481.6,5,1361,2011-06-02 15:13:00,2011-11-11 14:04:00,Germany,27,496.32
12518.0,2056.89,5,1318,2011-08-21 13:18:00,2011-12-09 10:13:00,Germany,0,411.378
12519.0,330.84,1,175,2011-10-07 09:26:00,2011-10-07 09:26:00,Germany,63,330.84
12520.0,2634.26,5,1439,2011-03-11 11:35:00,2011-09-21 15:23:00,Germany,78,526.8520000000001
12521.0,599.68,1,309,2011-07-20 10:51:00,2011-07-20 10:51:00,Germany,142,599.68
12522.0,192.72,2,194,2011-10-19 14:41:00,2011-10-31 15:30:00,Germany,38,96.36
12523.0,1789.77,11,865,2011-01-12 09:43:00,2011-11-20 12:55:00,France,18,162.70636363636365
12524.0,4485.72,8,3699,2011-01-10 10:35:00,2011-11-30 15:31:00,Germany,8,560.715
12526.0,1316.66,3,632,2011-09-06 14:19:00,2011-12-09 12:09:00,Germany,0,438.8866666666667
12527.0,348.71000000000004,3,234,2011-01-18 12:05:00,2011-09-19 11:55:00,Germany,81,116.23666666666668
12528.0,1933.48,6,756,2011-01-31 09:05:00,2011-11-30 14:40:00,Germany,8,322.24666666666667
12530.0,1662.28,4,913,2011-01-07 10:04:00,2011-10-11 12:34:00,Germany,59,415.57
12531.0,125.22,1,45,2011-11-25 11:12:00,2011-11-25 11:12:00,Germany,14,125.22
12532.0,349.83000000000004,1,153,2011-11-09 13:47:00,2011-11-09 13:47:00,France,29,349.83000000000004
12534.0,1089.18,1,651,2011-08-01 10:26:00,2011-08-01 10:26:00,Germany,130,1089.18
12535.0,716.35,2,219,2011-06-06 12:47:00,2011-09-09 08:48:00,France,91,358.175
12536.0,12601.830000000002,3,2803,2011-10-11 14:52:00,2011-10-27 14:20:00,France,42,4200.610000000001
12538.0,363.95,1,191,2011-11-10 17:16:00,2011-11-10 17:16:00,Spain,28,363.95
12539.0,5568.35,4,2067,2011-01-10 09:11:00,2011-11-17 13:30:00,Spain,21,1392.0875
12540.0,13400.24,17,6685,2010-12-13 09:39:00,2011-11-20 11:31:00,Spain,19,788.2494117647059
12541.0,981.18,3,680,2011-03-04 09:32:00,2011-11-10 10:40:00,Spain,29,327.06
12544.0,372.7,1,136,2011-11-03 16:15:00,2011-11-03 16:15:00,Spain,35,372.7
12545.0,1000.39,2,523,2011-03-25 12:04:00,2011-09-25 13:39:00,Spain,74,500.195
12546.0,1161.5,2,633,2011-09-23 09:44:00,2011-10-24 12:09:00,Spain,46,580.75
12547.0,207.79999999999998,2,134,2011-03-04 12:46:00,2011-05-26 12:38:00,Spain,197,103.89999999999999
12548.0,95.19999999999999,1,49,2011-06-26 15:35:00,2011-06-26 15:35:00,Spain,165,95.19999999999999
12550.0,964.83,1,569,2011-09-21 14:35:00,2011-09-21 14:35:00,Spain,78,964.83
12551.0,168.0,1,100,2010-12-17 11:23:00,2010-12-17 11:23:00,Spain,357,168.0
12552.0,437.82,2,88,2011-10-31 12:11:00,2011-11-01 10:02:00,Italy,38,218.91
12553.0,3692.28,10,1965,2011-01-14 10:42:00,2011-12-01 16:38:00,France,7,369.228
12556.0,599.56,2,355,2011-07-11 13:35:00,2011-10-20 13:06:00,Spain,49,299.78
12557.0,11990.960000000001,5,4384,2010-12-03 12:20:00,2011-11-23 16:59:00,Spain,15,2398.192
12558.0,269.96,1,196,2011-12-02 10:41:00,2011-12-02 10:41:00,USA,7,269.96
12559.0,561.71,2,283,2011-01-24 10:12:00,2011-02-02 09:49:00,Germany,310,280.855
12560.0,2134.01,3,1110,2011-07-19 15:55:00,2011-12-04 13:54:00,Germany,4,711.3366666666667
12561.0,238.85,1,177,2011-02-10 11:39:00,2011-02-10 11:39:00,Germany,302,238.85
12562.0,3781.7400000000002,7,1779,2011-05-25 12:44:00,2011-12-01 17:20:00,France,7,540.2485714285715
12564.0,456.9,1,133,2011-03-23 14:55:00,2011-03-23 14:55:00,France,260,456.9
12565.0,145.92,1,80,2011-02-24 10:34:00,2011-02-24 10:34:00,Saudi Arabia,288,145.92
12566.0,351.65,1,265,2011-09-14 14:30:00,2011-09-14 14:30:00,Germany,85,351.65
12567.0,9401.28,10,4305,2010-12-05 11:57:00,2011-11-17 11:02:00,France,22,940.128
12569.0,4124.69,32,1801,2011-04-01 13:47:00,2011-12-07 16:24:00,Germany,1,128.8965625
12571.0,519.61,2,523,2011-08-10 12:35:00,2011-10-31 10:19:00,France,39,259.805
12572.0,1020.42,2,452,2011-10-19 08:20:00,2011-12-01 09:20:00,Germany,8,510.21
12573.0,160.54000000000002,1,84,2011-04-26 15:52:00,2011-04-26 15:52:00,France,226,160.54000000000002
12574.0,218.45,1,61,2011-01-28 09:20:00,2011-01-28 09:20:00,France,315,218.45
12576.0,1315.83,5,967,2011-02-08 11:31:00,2011-11-04 10:11:00,Poland,35,263.166
12577.0,626.6,3,469,2010-12-15 16:21:00,2011-11-04 13:24:00,France,34,208.86666666666667
12578.0,2794.51,2,1196,2011-01-13 15:34:00,2011-11-18 13:30:00,Italy,20,1397.255
12579.0,440.42,1,285,2011-09-22 17:15:00,2011-09-22 17:15:00,France,77,440.42
12580.0,415.7,1,238,2011-04-07 10:24:00,2011-04-07 10:24:00,Germany,246,415.7
12581.0,197.71,1,161,2011-10-31 08:56:00,2011-10-31 08:56:00,Germany,39,197.71
12582.0,511.36,2,300,2011-02-24 11:42:00,2011-04-15 08:45:00,Finland,238,255.68
12583.0,7281.38,15,5060,2010-12-01 08:45:00,2011-12-07 08:07:00,France,2,485.42533333333336
12584.0,2338.15,9,416,2011-03-04 15:15:00,2011-12-06 09:35:00,Italy,3,259.7944444444445
12585.0,2040.1,2,1279,2010-12-23 12:58:00,2011-04-19 13:39:00,Germany,233,1020.05
12586.0,196.94000000000003,1,79,2011-11-22 16:24:00,2011-11-22 16:24:00,Italy,16,196.94000000000003
12587.0,144.0,1,51,2011-12-02 12:47:00,2011-12-02 12:47:00,Finland,7,144.0
12588.0,214.89999999999998,1,53,2011-10-31 15:01:00,2011-10-31 15:01:00,Finland,38,214.89999999999998
12589.0,646.68,2,306,2011-07-18 12:05:00,2011-11-11 10:19:00,France,28,323.34
12590.0,9864.26,2,4283,2011-05-12 14:46:00,2011-05-12 14:52:00,Germany,210,4932.13
12591.0,452.84999999999997,1,228,2011-01-26 14:35:00,2011-01-26 14:35:00,Italy,316,452.84999999999997
12592.0,437.6,2,290,2011-05-10 13:44:00,2011-09-08 15:04:00,Germany,91,218.8
12593.0,418.09999999999997,3,206,2011-05-05 09:29:00,2011-08-23 12:43:00,France,108,139.36666666666665
12594.0,3338.2200000000003,10,1777,2011-01-21 09:52:00,2011-11-02 12:20:00,Italy,37,333.822
12596.0,618.27,2,474,2011-04-11 13:22:00,2011-10-19 13:02:00,Spain,50,309.135
12597.0,3811.22,4,2236,2011-03-16 14:00:00,2011-11-20 13:33:00,Spain,18,952.805
12598.0,3023.08,8,1964,2011-02-28 11:58:00,2011-11-30 12:18:00,France,9,377.885
12599.0,1032.58,7,956,2011-02-08 13:28:00,2011-11-10 13:34:00,France,28,147.51142857142855
12600.0,2599.04,10,774,2010-12-03 12:57:00,2011-11-11 10:29:00,Germany,28,259.904
12601.0,577.0600000000001,5,245,2011-01-11 10:38:00,2011-06-03 10:17:00,Germany,189,115.412
12602.0,153.12,1,162,2011-10-12 11:22:00,2011-10-12 11:22:00,France,58,153.12
12603.0,739.1999999999999,1,63,2011-11-18 10:42:00,2011-11-18 10:42:00,Germany,21,739.1999999999999
12604.0,254.18,2,201,2011-03-23 12:06:00,2011-09-21 14:08:00,France,78,127.09
12607.0,1579.51,1,1228,2011-10-10 16:06:00,2011-10-10 16:06:00,USA,59,1579.51
12609.0,1126.85,3,648,2011-01-25 15:13:00,2011-09-22 16:34:00,Germany,77,375.6166666666666
12610.0,2099.54,5,1049,2011-08-05 13:52:00,2011-11-17 09:34:00,Italy,22,419.908
12611.0,1193.32,1,846,2011-10-18 13:12:00,2011-10-18 13:12:00,Italy,51,1193.32
12612.0,704.0400000000001,1,262,2011-09-26 15:35:00,2011-09-26 15:35:00,Germany,73,704.0400000000001
12613.0,3344.38,5,1644,2011-03-22 15:42:00,2011-10-13 14:59:00,Germany,56,668.876
12614.0,315.6,1,76,2011-03-07 10:22:00,2011-03-07 10:22:00,Germany,277,315.6
12615.0,2291.19,4,1376,2011-06-24 13:35:00,2011-12-07 15:02:00,France,1,572.7975
12616.0,713.3,2,284,2011-02-15 14:17:00,2011-09-05 15:17:00,France,94,356.65
12617.0,352.98,1,210,2011-11-10 14:39:00,2011-11-10 14:39:00,France,28,352.98
12618.0,177.31,1,96,2011-11-18 11:10:00,2011-11-18 11:10:00,Italy,21,177.31
12619.0,3641.24,9,3378,2011-03-31 13:10:00,2011-11-23 14:52:00,Germany,15,404.5822222222222
12620.0,1339.41,3,1181,2011-05-19 12:10:00,2011-11-25 10:20:00,France,14,446.47
12621.0,13689.67,20,7440,2010-12-09 10:16:00,2011-12-08 11:25:00,Germany,1,684.4835
12622.0,180.1,1,69,2011-04-21 16:39:00,2011-04-21 16:39:00,Germany,231,180.1
12623.0,305.1,1,191,2011-03-08 13:50:00,2011-03-08 13:50:00,Germany,275,305.1
12624.0,641.13,2,355,2011-06-15 12:34:00,2011-08-25 15:04:00,France,105,320.565
12625.0,2683.82,2,1612,2011-01-24 13:27:00,2011-05-12 09:54:00,Germany,211,1341.91
12626.0,6620.48,9,3453,2011-01-17 11:01:00,2011-11-16 16:06:00,Germany,22,735.6088888888888
12627.0,4478.53,7,2752,2011-07-22 13:59:00,2011-11-29 12:07:00,Germany,10,639.79
12628.0,786.46,3,448,2011-10-06 09:28:00,2011-12-05 13:15:00,Germany,3,262.15333333333336
12630.0,1270.88,2,548,2011-10-27 10:41:00,2011-11-30 10:48:00,Finland,9,635.44
12631.0,640.5,1,236,2011-10-13 13:53:00,2011-10-13 13:53:00,Finland,56,640.5
12633.0,2163.98,4,1162,2011-02-25 08:44:00,2011-10-12 11:40:00,Germany,58,540.995
12635.0,1689.18,2,1172,2011-07-08 08:43:00,2011-09-11 11:04:00,Germany,89,844.59
12637.0,6002.9,8,2994,2011-01-20 10:47:00,2011-10-03 13:46:00,France,66,750.3625
12638.0,671.69,1,577,2011-11-06 13:11:00,2011-11-06 13:11:00,Sweden,32,671.69
12639.0,486.1,1,201,2011-04-15 12:48:00,2011-04-15 12:48:00,Sweden,238,486.1
12640.0,1174.58,3,311,2011-09-19 12:01:00,2011-11-16 11:52:00,France,23,391.52666666666664
12641.0,185.9,1,72,2011-08-16 13:26:00,2011-08-16 13:26:00,Sweden,114,185.9
12642.0,1013.26,3,552,2011-08-24 09:23:00,2011-11-14 15:03:00,Germany,24,337.75333333333333
12643.0,3344.64,6,1808,2011-01-11 11:48:00,2011-08-03 12:56:00,France,127,557.4399999999999
12644.0,477.91,1,325,2011-08-02 10:33:00,2011-08-02 10:33:00,Germany,129,477.91
12645.0,1775.18,4,1084,2011-01-27 13:08:00,2011-11-06 12:38:00,Germany,33,443.795
12646.0,1346.97,2,897,2011-10-21 12:52:00,2011-12-05 10:14:00,USA,4,673.485
12647.0,3722.82,12,1431,2010-12-05 14:02:00,2011-11-17 12:56:00,Germany,21,310.235
12648.0,318.05,1,160,2011-07-08 11:55:00,2011-07-08 11:55:00,Germany,154,318.05
12649.0,623.51,3,586,2011-05-11 14:37:00,2011-08-24 14:41:00,Germany,106,207.83666666666667
12650.0,314.44,1,254,2011-12-06 16:34:00,2011-12-06 16:34:00,France,2,314.44
12651.0,114.0,1,78,2011-01-09 12:46:00,2011-01-09 12:46:00,France,334,114.0
12652.0,919.98,1,505,2011-01-12 15:00:00,2011-01-12 15:00:00,France,330,919.98
12653.0,2209.85,2,919,2011-02-16 10:53:00,2011-07-14 10:41:00,Israel,148,1104.925
12654.0,601.98,5,264,2011-02-17 13:16:00,2011-11-29 10:10:00,Germany,10,120.396
12656.0,4051.17,5,1723,2011-04-20 09:20:00,2011-11-22 13:42:00,France,16,810.234
12657.0,1643.18,4,1044,2011-09-22 11:40:00,2011-11-28 15:47:00,France,10,410.795
12658.0,686.05,1,320,2011-11-21 10:22:00,2011-11-21 10:22:00,Germany,18,686.05
12659.0,91.68,1,105,2011-11-10 11:53:00,2011-11-10 11:53:00,France,29,91.68
12660.0,245.1,1,127,2011-11-28 13:26:00,2011-11-28 13:26:00,France,10,245.1
12662.0,3849.78,11,2058,2010-12-01 13:04:00,2011-12-09 11:59:00,Germany,0,349.98
12664.0,4881.88,9,1203,2011-01-21 11:42:00,2011-12-01 17:07:00,Finland,7,542.4311111111111
12665.0,63.0,1,37,2011-01-19 08:34:00,2011-01-19 08:34:00,Germany,324,63.0
12667.0,620.13,1,395,2011-10-12 17:00:00,2011-10-12 17:00:00,Finland,57,620.13
12668.0,3807.15,4,1634,2010-12-19 12:46:00,2011-11-28 10:56:00,Germany,11,951.7875
12669.0,2744.0299999999997,3,1115,2011-03-28 10:15:00,2011-07-12 09:54:00,France,150,914.6766666666666
12670.0,2996.05,5,1397,2011-04-21 10:16:00,2011-11-29 15:23:00,France,9,599.21
12672.0,225.89999999999998,1,78,2011-01-14 09:20:00,2011-01-14 09:20:00,France,329,225.89999999999998
12673.0,610.52,2,351,2011-01-17 11:46:00,2011-12-04 13:55:00,Germany,4,305.26
12674.0,1970.6,4,1133,2011-05-16 09:10:00,2011-11-01 12:12:00,France,38,492.65
12676.0,1331.39,6,670,2011-02-01 15:41:00,2011-11-15 12:25:00,Sweden,24,221.89833333333334
12678.0,17628.46,12,10923,2010-12-21 11:00:00,2011-10-28 13:04:00,France,41,1469.0383333333332
12679.0,1113.02,4,554,2011-03-01 12:26:00,2011-10-12 12:30:00,France,58,278.255
12680.0,862.81,4,443,2011-08-18 15:44:00,2011-12-09 12:50:00,France,0,215.7025
12681.0,13787.54,22,7536,2010-12-07 10:08:00,2011-11-25 11:33:00,France,14,626.7063636363637
12682.0,12279.82,31,5555,2010-12-03 13:59:00,2011-12-06 10:00:00,France,3,396.1232258064516
12683.0,8476.57,15,4987,2010-12-09 10:37:00,2011-12-05 16:31:00,France,3,565.1046666666666
12684.0,2283.63,7,1985,2011-05-10 12:55:00,2011-12-02 09:53:00,France,7,326.23285714285714
12685.0,2863.08,6,1523,2011-09-07 10:28:00,2011-11-11 13:46:00,France,27,477.18
12686.0,89.14,1,107,2010-12-03 09:51:00,2010-12-03 09:51:00,France,371,89.14
12688.0,4873.8099999999995,1,3028,2011-08-18 08:49:00,2011-08-18 08:49:00,Israel,113,4873.8099999999995
12689.0,1247.61,2,628,2011-08-04 10:04:00,2011-11-14 08:31:00,France,25,623.805
12690.0,389.01,1,106,2011-05-18 09:09:00,2011-05-18 09:09:00,France,205,389.01
12691.0,1035.8,6,394,2010-12-17 14:46:00,2011-11-11 16:49:00,France,27,172.63333333333333
12693.0,855.91,4,255,2011-01-24 12:58:00,2011-08-04 17:51:00,Germany,126,213.9775
12694.0,869.67,2,509,2011-06-09 17:48:00,2011-09-30 13:06:00,France,69,434.835
12695.0,582.1,4,220,2011-05-13 13:15:00,2011-12-02 13:22:00,France,6,145.525
12697.0,957.59,3,508,2011-06-23 15:44:00,2011-11-11 08:47:00,Sweden,28,319.19666666666666
12700.0,4939.99,4,2967,2011-05-08 16:10:00,2011-12-02 10:47:00,France,7,1234.9975
12701.0,797.71,2,678,2011-04-11 13:02:00,2011-09-21 10:47:00,Germany,79,398.855
12702.0,219.0,1,53,2011-11-20 10:36:00,2011-11-20 10:36:00,Germany,19,219.0
12703.0,283.55,1,164,2011-09-29 17:52:00,2011-09-29 17:52:00,Germany,70,283.55
12704.0,2340.84,8,1006,2011-06-23 10:20:00,2011-12-02 13:15:00,Finland,6,292.605
12705.0,6868.29,9,3997,2010-12-17 15:58:00,2011-11-24 13:17:00,Germany,14,763.1433333333333
12707.0,603.42,1,256,2011-02-21 08:38:00,2011-02-21 08:38:00,France,291,603.42
12708.0,2712.91,10,1307,2010-12-06 10:43:00,2011-11-10 09:52:00,Germany,29,271.291
12709.0,9706.52,15,3912,2010-12-08 09:49:00,2011-11-24 15:38:00,Germany,14,647.1013333333334
12710.0,1149.02,3,851,2011-05-22 14:05:00,2011-09-04 12:00:00,Germany,96,383.00666666666666
12712.0,4396.13,13,1062,2010-12-03 14:30:00,2011-11-11 08:19:00,Germany,28,338.1638461538462
12713.0,848.55,1,508,2011-12-09 12:16:00,2011-12-09 12:16:00,Germany,0,848.55
12714.0,4708.86,5,3069,2011-02-18 10:53:00,2011-11-30 15:43:00,France,8,941.7719999999999
12715.0,343.36,1,192,2011-08-25 15:22:00,2011-08-25 15:22:00,Sweden,105,343.36
12716.0,1053.49,2,708,2011-07-29 13:28:00,2011-12-06 08:55:00,France,3,526.745
12717.0,1030.98,2,506,2011-04-08 10:32:00,2011-07-11 14:47:00,Greece,150,515.49
12718.0,238.25,1,203,2011-09-29 16:38:00,2011-09-29 16:38:00,France,70,238.25
12719.0,644.95,2,374,2011-10-05 14:50:00,2011-12-04 13:45:00,France,4,322.475
12720.0,5781.73,25,4672,2010-12-05 15:21:00,2011-12-07 08:03:00,Germany,2,231.26919999999998
12721.0,2656.13,6,1959,2010-12-20 11:38:00,2011-11-08 12:13:00,France,31,442.68833333333333
12722.0,997.63,4,566,2011-07-12 11:55:00,2011-09-15 14:50:00,France,84,249.4075
12723.0,725.07,5,434,2011-10-05 15:52:00,2011-12-06 10:19:00,France,3,145.014
12724.0,1031.41,4,445,2011-01-11 15:00:00,2011-12-04 16:02:00,France,4,257.8525
12725.0,427.8,1,164,2010-12-03 15:45:00,2010-12-03 15:45:00,Italy,370,427.8
12726.0,2609.1,7,3143,2010-12-17 12:56:00,2011-11-11 13:35:00,France,27,372.7285714285714
12727.0,3980.7,7,2098,2011-01-23 15:17:00,2011-11-29 11:46:00,France,10,568.6714285714286
12728.0,836.33,4,419,2011-01-11 13:31:00,2011-09-29 15:31:00,France,70,209.0825
12729.0,453.01,1,233,2011-08-18 11:40:00,2011-08-18 11:40:00,France,113,453.01
12731.0,18895.91,12,8437,2010-12-10 10:56:00,2011-11-16 11:59:00,France,23,1574.6591666666666
12732.0,236.26000000000002,1,111,2011-06-13 11:33:00,2011-06-13 11:33:00,France,179,236.26000000000002
12733.0,383.95,1,137,2011-04-19 16:19:00,2011-04-19 16:19:00,USA,233,383.95
12734.0,110.39999999999999,1,88,2010-12-22 12:47:00,2010-12-22 12:47:00,France,352,110.39999999999999
12735.0,779.5699999999999,2,368,2011-01-06 14:26:00,2011-01-28 13:37:00,France,314,389.78499999999997
12736.0,234.0,1,173,2011-01-11 07:57:00,2011-01-11 07:57:00,France,332,234.0
12738.0,155.35,1,148,2010-12-02 18:27:00,2010-12-02 18:27:00,Germany,371,155.35
12739.0,1013.04,2,486,2011-09-01 17:45:00,2011-09-22 13:00:00,United Arab Emirates,77,506.52
12740.0,427.6,1,342,2011-10-07 10:44:00,2011-10-07 10:44:00,France,63,427.6
12743.0,540.13,2,315,2011-07-28 16:06:00,2011-07-28 16:21:00,Unspecified,133,270.065
12744.0,21279.29,7,5241,2011-01-25 13:26:00,2011-10-19 11:18:00,Singapore,51,3039.8985714285714
12747.0,4196.01,11,1275,2010-12-05 15:38:00,2011-12-07 14:34:00,United Kingdom,1,381.4554545454546
12748.0,33053.19,209,25287,2010-12-01 12:48:00,2011-12-09 12:20:00,United Kingdom,0,158.14923444976077
12749.0,4090.88,5,1471,2011-05-10 15:25:00,2011-12-06 09:56:00,United Kingdom,3,818.176
12750.0,275.88,1,137,2011-08-03 09:13:00,2011-08-03 09:13:00,Poland,128,275.88
12752.0,4366.78,1,2262,2011-09-19 13:32:00,2011-09-19 13:32:00,Norway,80,4366.78
12753.0,21429.39,6,11421,2010-12-12 11:44:00,2011-11-17 10:52:00,Japan,22,3571.565
12754.0,3010.74,3,6481,2011-02-04 10:31:00,2011-04-18 09:00:00,Japan,235,1003.5799999999999
12755.0,3811.95,2,1491,2010-12-09 10:44:00,2011-03-04 12:42:00,Japan,280,1905.975
12756.0,112.07999999999998,1,144,2011-09-14 09:31:00,2011-09-14 09:31:00,Japan,86,112.07999999999998
12757.0,7834.650000000001,13,2395,2011-05-12 19:01:00,2011-11-24 12:30:00,Portugal,15,602.6653846153847
12758.0,2791.59,2,2135,2011-03-08 12:05:00,2011-08-15 10:22:00,Portugal,116,1395.795
12759.0,1531.44,3,902,2011-03-09 08:09:00,2011-10-18 14:49:00,Netherlands,51,510.48
12762.0,1898.52,2,1227,2011-11-14 14:23:00,2011-12-02 10:23:00,Portugal,7,949.26
12763.0,494.08,2,316,2010-12-05 15:46:00,2011-07-24 14:12:00,Japan,137,247.04
12764.0,1693.88,1,386,2011-01-27 10:19:00,2011-01-27 10:19:00,Lebanon,316,1693.88
12766.0,6989.63,7,3646,2010-12-08 13:53:00,2011-12-06 08:46:00,Portugal,3,998.5185714285715
12769.0,1143.6,1,356,2011-04-15 10:25:00,2011-04-15 10:25:00,Brazil,238,1143.6
12770.0,1351.45,1,743,2011-05-13 09:33:00,2011-05-13 09:33:00,Japan,210,1351.45
12772.0,892.47,1,556,2011-10-11 09:19:00,2011-10-11 09:19:00,Portugal,59,892.47
12775.0,1386.04,5,877,2011-02-01 13:45:00,2011-11-22 16:33:00,Netherlands,16,277.20799999999997
12778.0,822.23,6,825,2011-01-31 14:35:00,2011-11-20 11:30:00,Netherlands,19,137.03833333333333
12779.0,3981.36,8,2024,2010-12-03 13:40:00,2011-11-02 11:43:00,Poland,37,497.67
12781.0,826.74,2,671,2011-02-28 08:43:00,2011-10-07 10:37:00,Czech Republic,63,413.37
12782.0,2330.92,5,1086,2010-12-17 11:30:00,2011-12-05 09:16:00,Portugal,4,466.184
12783.0,2225.91,6,624,2011-09-25 15:35:00,2011-12-07 15:56:00,Portugal,1,370.98499999999996
12784.0,532.8199999999999,2,280,2011-11-24 12:53:00,2011-11-30 15:38:00,Portugal,8,266.40999999999997
12785.0,311.95,1,131,2010-12-10 13:48:00,2010-12-10 13:48:00,Portugal,363,311.95
12787.0,463.66,3,261,2011-05-31 09:36:00,2011-11-30 08:44:00,Netherlands,9,154.55333333333334
12789.0,91.85,1,4,2011-10-05 13:34:00,2011-10-05 13:34:00,Netherlands,64,91.85
12790.0,324.92,1,166,2011-05-31 14:14:00,2011-05-31 14:14:00,Netherlands,191,324.92
12791.0,192.60000000000002,1,97,2010-12-01 11:27:00,2010-12-01 11:27:00,Netherlands,373,192.60000000000002
12792.0,400.53999999999996,1,217,2011-03-28 11:36:00,2011-03-28 11:36:00,Portugal,256,400.53999999999996
12793.0,545.48,2,295,2010-12-03 15:14:00,2011-01-09 12:12:00,Portugal,334,272.74
12794.0,860.41,2,592,2011-09-02 12:01:00,2011-10-17 14:54:00,Portugal,52,430.205
12795.0,430.48,1,68,2011-11-21 10:27:00,2011-11-21 10:27:00,Portugal,18,430.48
12797.0,254.03,1,118,2010-12-09 10:55:00,2010-12-09 10:55:00,Portugal,365,254.03
12798.0,6977.04,3,5256,2011-06-22 10:11:00,2011-11-29 15:52:00,Japan,9,2325.68
12802.0,427.58,1,314,2011-06-06 09:36:00,2011-06-06 09:36:00,Netherlands,186,427.58
12808.0,483.65000000000003,3,188,2010-12-06 10:27:00,2011-11-03 10:05:00,Portugal,36,161.21666666666667
12809.0,489.31,1,220,2011-06-15 10:51:00,2011-06-15 10:51:00,Portugal,177,489.31
12811.0,514.85,3,230,2011-02-28 15:39:00,2011-03-24 09:42:00,Portugal,260,171.61666666666667
12812.0,229.64000000000001,1,164,2011-10-26 09:54:00,2011-10-26 09:54:00,Japan,44,229.64000000000001
12814.0,125.92,1,49,2011-08-30 12:11:00,2011-08-30 12:11:00,Poland,101,125.92
12815.0,1063.46,2,379,2011-05-25 13:34:00,2011-07-15 10:21:00,Poland,147,531.73
12816.0,572.2,2,128,2011-06-16 13:24:00,2011-09-05 12:41:00,Poland,95,286.1
12817.0,166.04,1,53,2011-03-03 16:28:00,2011-03-03 16:28:00,Austria,280,166.04
12818.0,1542.08,1,929,2011-03-23 12:06:00,2011-03-23 12:06:00,Austria,261,1542.08
12820.0,942.34,4,722,2011-01-17 12:34:00,2011-12-06 15:12:00,United Kingdom,2,235.585
12821.0,92.72,1,70,2011-05-09 15:51:00,2011-05-09 15:51:00,United Kingdom,213,92.72
12822.0,948.88,2,550,2011-09-13 13:46:00,2011-09-30 10:04:00,United Kingdom,70,474.44
12823.0,1759.5,5,230,2011-02-16 12:15:00,2011-09-26 07:35:00,United Kingdom,74,351.9
12824.0,397.12,1,232,2011-10-11 12:49:00,2011-10-11 12:49:00,United Kingdom,59,397.12
12826.0,1474.72,7,1058,2010-12-09 15:21:00,2011-12-07 10:25:00,United Kingdom,2,210.67428571428573
12827.0,430.15000000000003,3,197,2011-10-26 15:44:00,2011-12-04 12:17:00,United Kingdom,5,143.38333333333335
12828.0,1018.71,6,494,2011-08-01 16:16:00,2011-12-07 08:45:00,United Kingdom,2,169.785
12829.0,293.0,2,376,2010-12-14 14:54:00,2011-01-07 11:13:00,United Kingdom,336,146.5
12830.0,6814.64,6,9848,2011-06-21 10:53:00,2011-11-02 11:54:00,United Kingdom,37,1135.7733333333333
12831.0,215.05,1,135,2011-03-22 13:02:00,2011-03-22 13:02:00,United Kingdom,261,215.05
12832.0,383.03,2,195,2011-09-02 13:48:00,2011-11-07 13:30:00,United Kingdom,31,191.515
12833.0,417.38,1,156,2011-07-17 13:46:00,2011-07-17 13:46:00,United Kingdom,144,417.38
12834.0,312.38,1,110,2011-03-02 09:49:00,2011-03-02 09:49:00,United Kingdom,282,312.38
12836.0,2610.36,4,1062,2011-02-01 11:19:00,2011-10-11 15:10:00,United Kingdom,58,652.59
12837.0,134.1,1,24,2011-06-19 16:07:00,2011-06-19 16:07:00,United Kingdom,172,134.1
12838.0,671.95,2,355,2010-12-01 11:57:00,2011-11-06 12:20:00,United Kingdom,33,335.975
12839.0,5591.42,14,3807,2010-12-07 15:48:00,2011-12-07 12:33:00,United Kingdom,2,399.38714285714286
12840.0,2726.77,4,1511,2011-04-27 12:21:00,2011-07-19 09:29:00,United Kingdom,143,681.6925
12841.0,3991.58,25,2720,2010-12-03 10:43:00,2011-12-05 11:13:00,United Kingdom,4,159.6632
12842.0,1118.99,2,547,2011-02-04 12:36:00,2011-09-30 15:33:00,United Kingdom,69,559.495
12843.0,1702.26,8,781,2011-03-20 14:38:00,2011-10-05 12:09:00,United Kingdom,65,212.7825
12844.0,325.96000000000004,2,125,2011-08-01 13:11:00,2011-11-10 13:31:00,United Kingdom,28,162.98000000000002
12845.0,354.09,4,204,2011-02-22 14:10:00,2011-03-17 13:34:00,United Kingdom,266,88.5225
12847.0,843.64,1,873,2011-11-17 13:16:00,2011-11-17 13:16:00,United Kingdom,21,843.64
12849.0,1010.29,2,597,2011-03-16 12:26:00,2011-11-08 13:41:00,United Kingdom,30,505.145
12851.0,131.81,1,106,2011-09-04 12:41:00,2011-09-04 12:41:00,United Kingdom,96,131.81
12852.0,311.55,1,149,2011-02-18 08:47:00,2011-02-18 08:47:00,United Kingdom,294,311.55
12853.0,1957.1000000000001,6,800,2011-01-28 10:28:00,2011-07-28 11:29:00,United Kingdom,134,326.18333333333334
12854.0,1316.25,3,626,2011-01-25 13:35:00,2011-09-22 12:15:00,United Kingdom,78,438.75
12855.0,38.1,1,30,2010-12-02 09:37:00,2010-12-02 09:37:00,United Kingdom,372,38.1
12856.0,2170.78,6,1076,2011-10-07 12:38:00,2011-12-02 10:52:00,United Kingdom,7,361.7966666666667
12857.0,1106.4,2,343,2011-02-10 12:32:00,2011-05-13 10:20:00,United Kingdom,210,553.2
12863.0,521.2,1,188,2011-10-18 14:15:00,2011-10-18 14:15:00,United Kingdom,51,521.2
12864.0,147.12,1,216,2011-07-24 13:03:00,2011-07-24 13:03:00,United Kingdom,137,147.12
12865.0,1568.23,2,925,2011-08-08 10:11:00,2011-11-13 14:31:00,Austria,25,784.115
12866.0,559.12,1,171,2011-03-01 14:11:00,2011-03-01 14:11:00,Belgium,282,559.12
12867.0,4009.34,7,4284,2010-12-14 16:39:00,2011-11-13 15:30:00,United Kingdom,25,572.7628571428571
12868.0,1607.0600000000002,6,928,2010-12-01 12:50:00,2011-06-07 10:42:00,United Kingdom,185,267.84333333333336
12871.0,380.64,2,200,2011-05-16 13:32:00,2011-09-16 15:07:00,United Kingdom,83,190.32
12872.0,599.97,2,319,2010-12-09 14:44:00,2011-01-17 10:52:00,United Kingdom,326,299.985
12873.0,374.0,1,128,2011-03-02 14:58:00,2011-03-02 14:58:00,United Kingdom,281,374.0
12875.0,343.2300000000001,2,2019,2010-12-12 12:03:00,2011-07-19 15:30:00,United Kingdom,142,171.61500000000004
12876.0,2218.02,2,1941,2011-05-27 13:34:00,2011-10-13 12:26:00,Belgium,57,1109.01
12877.0,1535.77,12,1178,2010-12-16 12:23:00,2011-12-06 10:30:00,United Kingdom,3,127.98083333333334
12878.0,854.99,2,547,2011-03-18 14:02:00,2011-04-17 13:07:00,United Kingdom,235,427.495
12879.0,573.22,3,370,2011-09-09 12:11:00,2011-10-26 12:24:00,United Kingdom,44,191.07333333333335
12881.0,298.0,1,21,2011-03-09 11:44:00,2011-03-09 11:44:00,United Kingdom,275,298.0
12882.0,1463.04,2,246,2011-11-06 11:22:00,2011-11-30 16:18:00,United Kingdom,8,731.52
12883.0,703.47,4,196,2011-09-11 15:18:00,2011-11-15 09:32:00,United Kingdom,24,175.8675
12884.0,309.05,1,43,2011-09-12 13:10:00,2011-09-12 13:10:00,United Kingdom,87,309.05
12885.0,1175.22,3,655,2011-08-08 11:45:00,2011-10-07 13:40:00,United Kingdom,62,391.74
12886.0,1378.4,2,770,2011-05-04 11:21:00,2011-10-03 10:09:00,United Kingdom,67,689.2
12888.0,354.12,2,76,2011-03-29 14:31:00,2011-05-09 16:02:00,United Kingdom,213,177.06
12890.0,376.71999999999997,1,256,2011-11-15 17:26:00,2011-11-15 17:26:00,United Kingdom,23,376.71999999999997
12891.0,331.0,3,950,2011-02-20 11:28:00,2011-06-07 12:31:00,United Kingdom,185,110.33333333333333
12893.0,176.55,1,90,2011-11-09 12:34:00,2011-11-09 12:34:00,United Kingdom,30,176.55
12895.0,372.8,2,210,2011-09-14 08:35:00,2011-10-28 13:51:00,United Kingdom,41,186.4
12897.0,216.5,2,110,2011-02-11 11:40:00,2011-05-19 12:13:00,United Kingdom,204,108.25
12901.0,17654.54,28,23075,2011-03-14 10:41:00,2011-12-01 10:07:00,United Kingdom,8,630.5192857142857
12902.0,138.68,1,66,2011-03-20 12:06:00,2011-03-20 12:06:00,United Kingdom,264,138.68
12904.0,496.06,2,294,2011-06-20 13:18:00,2011-11-21 14:34:00,United Kingdom,17,248.03
12906.0,2919.81,5,1749,2011-09-22 15:03:00,2011-11-28 09:55:00,United Kingdom,11,583.962
12908.0,750.0,2,1200,2011-01-31 12:37:00,2011-06-16 15:39:00,United Kingdom,175,375.0
12909.0,2178.67,5,1280,2011-03-31 12:51:00,2011-10-31 12:43:00,United Kingdom,39,435.73400000000004
12910.0,3075.04,8,1692,2011-04-12 10:01:00,2011-11-16 14:28:00,United Kingdom,22,384.38
12912.0,1662.3,5,670,2011-10-30 11:35:00,2011-12-07 08:55:00,United Kingdom,2,332.46
12913.0,2483.63,5,1419,2010-12-06 16:36:00,2011-12-05 12:11:00,United Kingdom,4,496.726
12915.0,363.65,2,93,2010-12-02 12:33:00,2011-07-14 11:34:00,United Kingdom,148,181.825
12916.0,2944.95,4,1083,2011-01-23 10:43:00,2011-07-24 10:35:00,United Kingdom,138,736.2375
12917.0,594.0,1,120,2011-08-03 16:42:00,2011-08-03 16:42:00,United Kingdom,127,594.0
12919.0,1335.19,6,673,2011-06-23 09:22:00,2011-12-01 13:47:00,United Kingdom,7,222.53166666666667
12920.0,162.78,1,128,2011-11-22 15:05:00,2011-11-22 15:05:00,United Kingdom,16,162.78
12921.0,16587.09,37,9526,2010-12-01 15:06:00,2011-11-30 16:22:00,United Kingdom,8,448.29972972972973
12922.0,405.38,1,370,2011-07-01 15:35:00,2011-07-01 15:35:00,United Kingdom,160,405.38
12923.0,172.82,1,68,2011-10-06 16:20:00,2011-10-06 16:20:00,United Kingdom,63,172.82
12924.0,933.7,4,481,2011-01-16 11:49:00,2011-09-12 13:55:00,United Kingdom,87,233.425
12925.0,694.05,2,541,2011-09-26 11:05:00,2011-12-05 11:11:00,United Kingdom,4,347.025
12928.0,2062.7000000000003,5,1472,2010-12-15 15:45:00,2011-11-04 14:24:00,United Kingdom,34,412.5400000000001
12929.0,117.85,1,37,2011-02-01 12:08:00,2011-02-01 12:08:00,United Kingdom,311,117.85
12930.0,415.8,2,252,2011-06-21 13:25:00,2011-09-22 15:18:00,United Kingdom,77,207.9
12931.0,42055.96,15,28004,2010-12-17 09:45:00,2011-11-18 12:39:00,United Kingdom,21,2803.730666666667
12933.0,607.53,3,499,2011-03-01 11:30:00,2011-11-15 16:38:00,United Kingdom,23,202.51
12935.0,2160.7,7,1853,2011-01-24 13:58:00,2011-12-07 17:25:00,United Kingdom,1,308.6714285714285
12936.0,1063.9,4,559,2011-09-22 13:51:00,2011-11-22 17:32:00,United Kingdom,16,265.975
12937.0,1504.27,4,1007,2011-03-17 14:19:00,2011-11-24 15:05:00,United Kingdom,14,376.0675
12938.0,114.14,1,140,2011-11-14 11:21:00,2011-11-14 11:21:00,United Kingdom,25,114.14
12939.0,11581.8,8,4876,2011-01-09 11:20:00,2011-10-06 14:33:00,United Kingdom,63,1447.725
12940.0,899.69,2,404,2011-09-13 10:16:00,2011-10-16 12:09:00,United Kingdom,54,449.845
12942.0,675.6,3,198,2010-12-09 09:34:00,2011-07-31 14:39:00,United Kingdom,130,225.20000000000002
12944.0,604.51,2,289,2010-12-20 10:41:00,2011-11-04 11:04:00,United Kingdom,35,302.255
12945.0,462.95,1,165,2011-02-24 14:15:00,2011-02-24 14:15:00,United Kingdom,287,462.95
12947.0,1603.99,6,1165,2010-12-01 16:21:00,2011-07-19 10:06:00,United Kingdom,143,267.33166666666665
12948.0,2064.95,7,1080,2011-03-20 10:17:00,2011-11-23 17:10:00,United Kingdom,15,294.99285714285713
12949.0,4167.22,8,2381,2011-04-01 13:20:00,2011-11-09 11:25:00,United Kingdom,30,520.9025
12950.0,1843.0,3,1380,2011-11-15 13:48:00,2011-12-07 13:17:00,United Kingdom,1,614.3333333333334
12951.0,1064.07,6,503,2011-01-13 10:33:00,2011-12-01 12:14:00,United Kingdom,8,177.345
12952.0,1387.79,4,653,2011-09-22 16:37:00,2011-12-04 10:35:00,United Kingdom,5,346.9475
12953.0,329.85,1,84,2011-11-30 09:24:00,2011-11-30 09:24:00,United Kingdom,9,329.85
12955.0,4757.16,11,3664,2011-03-17 09:03:00,2011-12-08 16:29:00,United Kingdom,0,432.4690909090909
12956.0,108.07,1,34,2011-02-06 16:08:00,2011-02-06 16:08:00,United Kingdom,305,108.07
12957.0,4017.54,8,2549,2011-01-04 12:18:00,2011-11-30 09:53:00,United Kingdom,9,502.1925
12962.0,266.39,2,129,2011-08-18 13:38:00,2011-12-02 15:55:00,United Kingdom,6,133.195
12963.0,1856.63,8,881,2010-12-09 09:14:00,2011-12-01 12:55:00,United Kingdom,7,232.07875
12965.0,769.8100000000001,1,282,2011-09-11 15:31:00,2011-09-11 15:31:00,United Kingdom,88,769.8100000000001
12966.0,160.18,1,75,2011-11-30 12:38:00,2011-11-30 12:38:00,United Kingdom,9,160.18
12967.0,1660.9,2,438,2010-12-03 09:49:00,2010-12-16 19:10:00,United Kingdom,357,830.45
12968.0,135.95,1,73,2011-08-19 15:44:00,2011-08-19 15:44:00,United Kingdom,111,135.95
12970.0,405.47,4,268,2011-01-21 14:04:00,2011-12-02 14:30:00,United Kingdom,6,101.3675
12971.0,11189.91,86,9289,2010-12-02 16:42:00,2011-12-06 12:20:00,United Kingdom,3,130.11523255813952
12974.0,144.8,1,24,2011-05-26 09:33:00,2011-05-26 09:33:00,United Kingdom,197,144.8
12976.0,738.6,1,561,2011-05-12 09:55:00,2011-05-12 09:55:00,United Kingdom,211,738.6
12977.0,39.239999999999995,1,12,2011-07-06 16:40:00,2011-07-06 16:40:00,United Kingdom,155,39.239999999999995
12980.0,7374.900000000001,9,886,2010-12-16 11:36:00,2011-07-05 09:34:00,United Kingdom,157,819.4333333333334
12981.0,372.21999999999997,2,242,2011-07-29 14:14:00,2011-11-10 12:00:00,United Kingdom,29,186.10999999999999
12982.0,390.54,1,288,2011-04-11 11:51:00,2011-04-11 11:51:00,United Kingdom,242,390.54
12984.0,97.5,1,26,2011-11-21 12:37:00,2011-11-21 12:37:00,United Kingdom,18,97.5
12985.0,1239.38,2,1533,2011-11-11 12:44:00,2011-12-09 10:46:00,United Kingdom,0,619.69
12987.0,558.7,2,219,2011-05-26 12:00:00,2011-09-27 12:03:00,United Kingdom,73,279.35
12988.0,505.82,1,126,2011-02-20 14:31:00,2011-02-20 14:31:00,United Kingdom,291,505.82
12989.0,6924.110000000001,15,2943,2010-12-10 13:24:00,2011-12-06 15:28:00,United Kingdom,2,461.6073333333334
12990.0,409.5,3,200,2011-02-02 15:39:00,2011-11-08 13:01:00,United Kingdom,30,136.5
12991.0,503.76,2,405,2011-08-19 14:39:00,2011-11-16 15:34:00,United Kingdom,22,251.88
12993.0,414.76,4,240,2011-02-14 14:29:00,2011-11-16 15:49:00,United Kingdom,22,103.69
12994.0,974.4200000000001,3,459,2011-03-16 08:31:00,2011-12-05 15:43:00,United Kingdom,3,324.8066666666667
12995.0,211.32,1,108,2011-09-15 15:44:00,2011-09-15 15:44:00,United Kingdom,84,211.32
12997.0,1226.89,4,664,2011-01-26 15:49:00,2011-11-17 15:47:00,United Kingdom,21,306.7225
12999.0,455.88,3,342,2011-04-08 10:26:00,2011-05-27 13:24:00,United Kingdom,195,151.96
13000.0,534.85,3,379,2010-12-10 10:26:00,2011-08-25 10:43:00,United Kingdom,106,178.28333333333333
13001.0,9785.970000000001,13,5490,2011-01-17 12:45:00,2011-12-05 14:51:00,United Kingdom,3,752.7669230769231
13002.0,120.94999999999999,1,73,2011-01-25 15:18:00,2011-01-25 15:18:00,United Kingdom,317,120.94999999999999
13003.0,149.05,3,103,2011-05-09 08:23:00,2011-08-26 10:50:00,United Kingdom,105,49.68333333333334
13004.0,5655.91,18,4822,2010-12-17 08:20:00,2011-11-28 11:27:00,United Kingdom,11,314.21722222222223
13005.0,513.7,2,172,2011-04-07 13:32:00,2011-06-19 10:53:00,United Kingdom,173,256.85
13006.0,81.57,1,55,2011-10-14 13:49:00,2011-10-14 13:49:00,United Kingdom,55,81.57
13008.0,229.46999999999997,1,175,2011-01-20 14:24:00,2011-01-20 14:24:00,United Kingdom,322,229.46999999999997
13011.0,50.550000000000004,1,13,2010-12-02 17:22:00,2010-12-02 17:22:00,United Kingdom,371,50.550000000000004
13012.0,1646.8400000000001,8,820,2011-02-18 09:43:00,2011-11-30 13:05:00,United Kingdom,8,205.85500000000002
13013.0,4810.9400000000005,13,2224,2010-12-03 12:28:00,2011-12-08 15:01:00,United Kingdom,0,370.07230769230773
13014.0,3466.2799999999997,10,905,2011-03-03 18:28:00,2011-11-29 12:27:00,United Kingdom,10,346.628
13015.0,3339.64,5,1609,2011-04-04 14:28:00,2011-10-17 13:19:00,United Kingdom,52,667.928
13016.0,789.89,3,527,2011-08-08 15:00:00,2011-09-27 14:08:00,United Kingdom,72,263.2966666666667
13017.0,204.0,1,48,2011-12-02 15:53:00,2011-12-02 15:53:00,United Kingdom,6,204.0
13018.0,7277.7,28,5435,2011-02-17 11:05:00,2011-11-23 13:28:00,United Kingdom,15,259.91785714285714
13021.0,2616.38,9,1352,2010-12-16 10:12:00,2011-12-05 16:37:00,United Kingdom,3,290.7088888888889
13023.0,689.9,2,286,2011-08-02 09:34:00,2011-10-06 16:27:00,United Kingdom,63,344.95
13026.0,975.36,5,1620,2011-03-09 11:35:00,2011-12-08 16:58:00,United Kingdom,0,195.072
13027.0,6912.0,6,17280,2010-12-20 12:45:00,2011-08-18 09:39:00,United Kingdom,113,1152.0
13028.0,661.3199999999999,2,798,2011-10-25 14:09:00,2011-11-17 11:10:00,United Kingdom,22,330.65999999999997
13029.0,1247.5,3,134,2010-12-21 13:53:00,2011-11-09 09:13:00,United Kingdom,30,415.8333333333333
13030.0,752.4399999999999,2,348,2010-12-06 14:31:00,2011-11-28 14:30:00,United Kingdom,10,376.21999999999997
13032.0,1010.18,2,375,2011-09-13 16:40:00,2011-10-18 15:54:00,United Kingdom,51,505.09
13033.0,190.55,1,83,2010-12-17 14:23:00,2010-12-17 14:23:00,United Kingdom,356,190.55
13034.0,642.77,2,369,2010-12-05 14:52:00,2011-10-16 12:21:00,United Kingdom,54,321.385
13035.0,921.88,2,644,2011-03-24 09:21:00,2011-09-27 08:57:00,United Kingdom,73,460.94
13037.0,881.07,3,431,2011-03-28 15:42:00,2011-07-24 15:46:00,United Kingdom,137,293.69
13038.0,908.46,3,360,2011-02-22 11:43:00,2011-09-20 14:37:00,United Kingdom,79,302.82
13040.0,676.99,2,355,2011-11-06 13:53:00,2011-12-01 10:38:00,United Kingdom,8,338.495
13043.0,516.42,1,254,2011-03-11 14:52:00,2011-03-11 14:52:00,United Kingdom,272,516.42
13044.0,560.47,1,429,2011-02-21 15:20:00,2011-02-21 15:20:00,United Kingdom,290,560.47
13045.0,305.28000000000003,1,221,2011-09-01 15:04:00,2011-09-01 15:04:00,United Kingdom,98,305.28000000000003
13046.0,629.31,2,264,2011-03-18 15:43:00,2011-11-09 08:36:00,United Kingdom,30,314.655
13047.0,3237.54,10,1391,2010-12-01 08:34:00,2011-11-08 12:06:00,United Kingdom,31,323.754
13048.0,1819.41,4,1228,2011-01-16 14:36:00,2011-11-25 13:23:00,United Kingdom,13,454.8525
13049.0,656.6800000000001,2,268,2011-01-25 16:33:00,2011-10-06 15:31:00,United Kingdom,63,328.34000000000003
13050.0,5836.86,17,3748,2010-12-08 09:30:00,2011-11-25 09:18:00,United Kingdom,14,343.3447058823529
13052.0,348.15000000000003,1,222,2011-05-11 14:12:00,2011-05-11 14:12:00,United Kingdom,211,348.15000000000003
13055.0,1214.41,3,894,2011-05-10 08:58:00,2011-09-22 14:26:00,United Kingdom,77,404.80333333333334
13058.0,271.40000000000003,3,52,2011-07-11 12:01:00,2011-11-15 12:43:00,United Kingdom,24,90.46666666666668
13059.0,183.4,1,35,2011-04-04 10:40:00,2011-04-04 10:40:00,United Kingdom,249,183.4
13060.0,307.53,1,123,2011-03-31 11:37:00,2011-03-31 11:37:00,United Kingdom,253,307.53
13061.0,248.61,1,107,2011-09-28 16:04:00,2011-09-28 16:04:00,United Kingdom,71,248.61
13062.0,346.98,1,343,2011-06-01 15:12:00,2011-06-01 15:12:00,United Kingdom,190,346.98
13064.0,1105.59,4,514,2011-01-16 13:41:00,2011-11-27 12:31:00,United Kingdom,12,276.3975
13065.0,205.86,1,74,2010-12-01 16:52:00,2010-12-01 16:52:00,United Kingdom,372,205.86
13066.0,470.8,2,322,2011-11-07 17:06:00,2011-11-15 12:57:00,United Kingdom,23,235.4
13067.0,115.46000000000001,1,32,2011-09-18 13:38:00,2011-09-18 13:38:00,United Kingdom,81,115.46000000000001
13068.0,344.0,2,200,2011-01-24 08:20:00,2011-11-29 15:00:00,United Kingdom,9,172.0
13069.0,4431.44,24,5873,2010-12-05 11:02:00,2011-12-09 08:39:00,United Kingdom,0,184.64333333333332
13070.0,228.8,1,110,2011-05-31 13:45:00,2011-05-31 13:45:00,United Kingdom,191,228.8
13072.0,177.15,1,69,2011-03-18 08:12:00,2011-03-18 08:12:00,United Kingdom,266,177.15
13075.0,919.61,1,485,2011-08-02 10:19:00,2011-08-02 10:19:00,United Kingdom,129,919.61
13077.0,728.02,4,862,2010-12-08 14:59:00,2011-12-08 19:24:00,United Kingdom,0,182.005
13078.0,12627.94,26,5630,2010-12-08 09:07:00,2011-12-06 15:36:00,United Kingdom,2,485.69
13079.0,220.10000000000002,5,62,2011-07-22 14:41:00,2011-12-05 16:53:00,United Kingdom,3,44.02
13080.0,58.08,1,120,2011-06-13 14:59:00,2011-06-13 14:59:00,United Kingdom,178,58.08
13081.0,28337.38,11,19068,2010-12-03 17:20:00,2011-11-28 10:54:00,United Kingdom,11,2576.1254545454544
13082.0,3613.63,9,4324,2011-01-05 15:42:00,2011-08-05 16:16:00,United Kingdom,125,401.51444444444445
13083.0,303.75,2,187,2011-09-25 10:46:00,2011-12-05 15:01:00,United Kingdom,3,151.875
13085.0,416.08000000000004,2,216,2011-02-17 13:57:00,2011-07-05 12:11:00,United Kingdom,157,208.04000000000002
13089.0,58762.08,97,31025,2010-12-05 10:27:00,2011-12-07 09:02:00,United Kingdom,2,605.7946391752578
13090.0,8910.82,14,2263,2010-12-02 07:48:00,2011-12-01 12:39:00,United Kingdom,8,636.4871428571429
13091.0,345.82,1,466,2011-11-11 15:54:00,2011-11-11 15:54:00,United Kingdom,27,345.82
13092.0,477.83,5,279,2010-12-15 12:27:00,2011-09-30 11:18:00,United Kingdom,70,95.566
13093.0,7832.47,8,3961,2010-12-01 15:00:00,2011-03-09 12:14:00,United Kingdom,275,979.05875
13094.0,1927.3200000000002,12,1716,2010-12-06 10:34:00,2011-11-18 14:07:00,United Kingdom,20,160.61
13095.0,74.39999999999999,1,144,2011-09-30 12:03:00,2011-09-30 12:03:00,United Kingdom,70,74.39999999999999
13097.0,6003.22,10,2360,2010-12-14 15:13:00,2011-11-07 10:43:00,United Kingdom,32,600.322
13098.0,28882.44,28,15968,2011-01-26 13:46:00,2011-12-08 14:14:00,United Kingdom,0,1031.5157142857142
13099.0,207.35999999999999,1,288,2011-09-01 17:40:00,2011-09-01 17:40:00,United Kingdom,98,207.35999999999999
13101.0,101.19,1,113,2011-04-19 14:37:00,2011-04-19 14:37:00,United Kingdom,233,101.19
13102.0,6424.09,24,4204,2010-12-09 13:38:00,2011-12-08 12:52:00,United Kingdom,0,267.67041666666665
13103.0,243.94,1,82,2011-10-31 09:38:00,2011-10-31 09:38:00,United Kingdom,39,243.94
13104.0,1098.48,6,504,2010-12-20 11:58:00,2011-12-06 13:10:00,United Kingdom,2,183.08
13106.0,76.5,1,18,2011-07-29 15:12:00,2011-07-29 15:12:00,United Kingdom,132,76.5
13107.0,1531.6200000000001,4,1293,2011-01-10 12:28:00,2011-10-26 14:52:00,United Kingdom,43,382.90500000000003
13108.0,350.06,1,298,2010-12-02 10:35:00,2010-12-02 10:35:00,United Kingdom,372,350.06
13109.0,786.54,2,520,2011-07-05 14:56:00,2011-10-11 10:16:00,United Kingdom,59,393.27
13110.0,1488.67,7,388,2011-02-01 15:24:00,2011-11-08 14:30:00,United Kingdom,30,212.66714285714286
13113.0,12245.960000000001,24,3045,2010-12-08 13:21:00,2011-12-09 12:49:00,United Kingdom,0,510.2483333333334
13115.0,2294.78,4,1567,2011-06-08 16:15:00,2011-11-28 12:38:00,United Kingdom,11,573.695
13116.0,501.14,1,291,2011-07-24 14:33:00,2011-07-24 14:33:00,United Kingdom,137,501.14
13117.0,984.91,8,945,2010-12-02 13:11:00,2011-11-18 12:02:00,United Kingdom,21,123.11375
13118.0,1197.81,5,410,2011-02-24 12:32:00,2011-11-20 12:46:00,United Kingdom,19,239.56199999999998
13120.0,30.599999999999998,1,12,2011-04-15 10:19:00,2011-04-15 10:19:00,United Kingdom,238,30.599999999999998
13121.0,283.73,1,252,2011-03-15 16:47:00,2011-03-15 16:47:00,United Kingdom,268,283.73
13122.0,922.39,2,585,2011-04-13 14:12:00,2011-09-06 15:53:00,United Kingdom,93,461.195
13124.0,3756.33,3,2119,2010-12-15 15:00:00,2011-09-11 12:45:00,United Kingdom,89,1252.11
13126.0,2099.64,8,2143,2010-12-08 11:42:00,2011-12-05 10:00:00,United Kingdom,4,262.455
13127.0,259.17,1,127,2011-09-23 10:26:00,2011-09-23 10:26:00,United Kingdom,77,259.17
13130.0,64.0,1,32,2011-09-06 15:30:00,2011-09-06 15:30:00,United Kingdom,93,64.0
13131.0,1073.3,3,447,2011-06-05 10:54:00,2011-11-16 13:21:00,United Kingdom,22,357.76666666666665
13132.0,77.3,1,20,2011-03-23 12:44:00,2011-03-23 12:44:00,United Kingdom,261,77.3
13133.0,109.8,2,32,2011-02-08 15:48:00,2011-03-11 10:31:00,United Kingdom,273,54.9
13134.0,1793.58,4,1059,2011-04-13 12:57:00,2011-09-15 10:35:00,United Kingdom,85,448.395
13135.0,3096.0,1,4300,2011-05-27 10:52:00,2011-05-27 10:52:00,United Kingdom,196,3096.0
13136.0,2607.61,5,1328,2011-05-11 12:47:00,2011-10-14 13:41:00,United Kingdom,55,521.522
13137.0,3603.29,8,2204,2011-02-04 11:54:00,2011-11-29 12:09:00,United Kingdom,10,450.41125
13138.0,962.39,6,473,2010-12-02 15:03:00,2011-11-17 16:51:00,United Kingdom,21,160.39833333333334
13139.0,5064.94,7,2425,2011-03-25 11:57:00,2011-11-23 13:54:00,United Kingdom,15,723.5628571428571
13140.0,422.47,3,185,2010-12-08 15:12:00,2011-08-23 15:33:00,United Kingdom,107,140.82333333333335
13141.0,2388.75,5,1548,2011-01-28 13:04:00,2011-09-16 09:54:00,United Kingdom,84,477.75
13142.0,307.09,1,258,2011-11-20 16:07:00,2011-11-20 16:07:00,United Kingdom,18,307.09
13144.0,110.95,1,21,2011-01-11 11:15:00,2011-01-11 11:15:00,United Kingdom,332,110.95
13145.0,618.52,4,145,2010-12-02 18:06:00,2011-10-31 12:45:00,United Kingdom,39,154.63
13146.0,228.91,1,154,2011-11-13 15:29:00,2011-11-13 15:29:00,United Kingdom,25,228.91
13147.0,712.8000000000001,4,144,2011-09-01 12:28:00,2011-11-29 13:59:00,United Kingdom,9,178.20000000000002
13148.0,3683.26,12,1965,2010-12-10 13:06:00,2011-11-10 15:23:00,United Kingdom,28,306.93833333333333
13149.0,1676.06,4,1280,2011-02-23 13:57:00,2011-11-25 13:09:00,United Kingdom,13,419.015
13151.0,1257.8700000000001,1,363,2011-02-17 12:29:00,2011-02-17 12:29:00,United Kingdom,295,1257.8700000000001
13153.0,486.22,1,418,2011-12-04 12:14:00,2011-12-04 12:14:00,United Kingdom,5,486.22
13155.0,971.76,4,497,2010-12-06 12:44:00,2011-11-06 15:41:00,United Kingdom,32,242.94
13157.0,1741.22,4,1439,2011-02-14 14:03:00,2011-10-21 13:50:00,United Kingdom,48,435.305
13158.0,1201.06,4,784,2011-01-25 09:58:00,2011-09-06 11:58:00,United Kingdom,94,300.265
13159.0,1429.35,4,1058,2011-08-16 11:44:00,2011-12-01 11:20:00,United Kingdom,8,357.3375
13160.0,91.8,1,56,2011-11-17 13:07:00,2011-11-17 13:07:00,United Kingdom,21,91.8
13161.0,112.75,1,29,2011-01-30 14:03:00,2011-01-30 14:03:00,United Kingdom,312,112.75
13162.0,1688.29,4,1713,2011-01-09 10:43:00,2011-08-09 15:59:00,United Kingdom,121,422.0725
13165.0,1021.48,2,1376,2010-12-23 14:06:00,2011-10-24 15:05:00,United Kingdom,45,510.74
13166.0,417.2,1,216,2011-03-01 15:16:00,2011-03-01 15:16:00,United Kingdom,282,417.2
13167.0,791.33,4,785,2011-07-19 12:13:00,2011-11-21 12:24:00,United Kingdom,18,197.8325
13168.0,1299.59,4,670,2011-01-25 13:55:00,2011-11-03 12:56:00,United Kingdom,35,324.8975
13169.0,712.88,2,272,2011-04-01 14:24:00,2011-10-07 12:11:00,United Kingdom,63,356.44
13170.0,108.81,1,141,2011-11-13 12:19:00,2011-11-13 12:19:00,United Kingdom,26,108.81
13171.0,468.41,3,229,2011-02-13 14:16:00,2011-11-18 10:27:00,United Kingdom,21,156.13666666666668
13173.0,353.65,2,277,2010-12-07 14:30:00,2011-12-05 15:51:00,United Kingdom,3,176.825
13174.0,2742.82,3,1352,2010-12-05 16:24:00,2011-11-23 14:35:00,United Kingdom,15,914.2733333333334
13176.0,481.49,1,448,2011-10-24 15:43:00,2011-10-24 15:43:00,United Kingdom,45,481.49
13177.0,282.45,1,91,2011-10-06 09:56:00,2011-10-06 09:56:00,United Kingdom,64,282.45
13178.0,5725.47,11,3570,2010-12-14 12:22:00,2011-11-13 16:14:00,United Kingdom,25,520.4972727272727
13182.0,121.18,1,201,2011-10-25 13:46:00,2011-10-25 13:46:00,United Kingdom,44,121.18
13183.0,3957.78,9,2208,2011-01-09 10:50:00,2011-12-02 10:30:00,United Kingdom,7,439.75333333333333
13184.0,1668.95,10,1662,2011-02-22 17:25:00,2011-11-25 12:02:00,United Kingdom,14,166.895
13185.0,71.4,1,12,2011-03-17 11:56:00,2011-03-17 11:56:00,United Kingdom,267,71.4
13186.0,1575.89,3,820,2011-08-03 09:09:00,2011-10-31 11:40:00,United Kingdom,39,525.2966666666667
13187.0,236.02,1,95,2011-01-06 18:57:00,2011-01-06 18:57:00,United Kingdom,336,236.02
13188.0,114.60000000000001,1,25,2011-11-28 15:28:00,2011-11-28 15:28:00,United Kingdom,10,114.60000000000001
13189.0,260.68,2,842,2011-08-16 13:12:00,2011-11-21 10:39:00,United Kingdom,18,130.34
13192.0,911.94,2,595,2011-05-18 14:57:00,2011-09-05 14:13:00,United Kingdom,94,455.97
13193.0,112.08,1,46,2011-10-09 14:30:00,2011-10-09 14:30:00,United Kingdom,60,112.08
13194.0,60.7,1,26,2011-07-27 09:01:00,2011-07-27 09:01:00,United Kingdom,135,60.7
13196.0,1797.78,4,1224,2011-03-22 14:24:00,2011-11-28 13:54:00,United Kingdom,10,449.445
13198.0,3401.2400000000002,6,2648,2010-12-13 09:29:00,2011-11-29 15:17:00,United Kingdom,9,566.8733333333333
13199.0,9817.12,38,6176,2010-12-08 10:51:00,2011-12-06 12:30:00,United Kingdom,3,258.34526315789475
13200.0,870.09,4,516,2011-08-05 14:50:00,2011-11-20 15:35:00,United Kingdom,18,217.5225
13203.0,869.46,4,800,2011-04-11 14:40:00,2011-11-30 10:45:00,United Kingdom,9,217.365
13207.0,250.26000000000002,2,130,2011-07-12 11:35:00,2011-11-24 14:52:00,United Kingdom,14,125.13000000000001
13208.0,1217.65,6,803,2011-02-03 19:32:00,2011-10-12 09:54:00,United Kingdom,58,202.9416666666667
13209.0,5891.61,8,4253,2010-12-13 10:31:00,2011-11-09 13:54:00,United Kingdom,29,736.45125
13210.0,353.48,1,316,2011-09-07 08:18:00,2011-09-07 08:18:00,United Kingdom,93,353.48
13211.0,1095.42,3,834,2010-12-13 16:17:00,2011-11-29 14:43:00,United Kingdom,9,365.14000000000004
13212.0,786.83,3,309,2011-10-09 14:48:00,2011-11-20 12:40:00,United Kingdom,19,262.2766666666667
13213.0,1520.58,5,1360,2011-05-24 12:22:00,2011-10-14 11:42:00,United Kingdom,56,304.116
13216.0,333.74,1,297,2011-03-17 12:18:00,2011-03-17 12:18:00,United Kingdom,267,333.74
13217.0,533.98,3,262,2011-07-06 12:08:00,2011-08-09 15:32:00,United Kingdom,121,177.99333333333334
13218.0,62.63999999999999,1,88,2011-08-04 16:59:00,2011-08-04 16:59:00,United Kingdom,126,62.63999999999999
13220.0,819.2900000000001,4,196,2011-04-17 10:59:00,2011-09-22 13:38:00,United Kingdom,77,204.82250000000002
13221.0,847.41,2,244,2010-12-15 13:24:00,2011-04-13 16:58:00,United Kingdom,239,423.705
13223.0,163.20000000000002,2,88,2011-04-21 15:16:00,2011-05-23 13:03:00,United Kingdom,199,81.60000000000001
13224.0,2155.95,2,1518,2011-07-11 14:10:00,2011-10-10 14:55:00,United Kingdom,59,1077.975
13225.0,6463.84,7,3416,2010-12-13 09:49:00,2011-12-06 13:29:00,United Kingdom,2,923.4057142857143
13226.0,108.21000000000001,1,80,2011-03-11 14:35:00,2011-03-11 14:35:00,United Kingdom,272,108.21000000000001
13227.0,257.7,1,99,2011-05-22 11:47:00,2011-05-22 11:47:00,United Kingdom,201,257.7
13228.0,358.0,1,200,2011-09-19 14:28:00,2011-09-19 14:28:00,United Kingdom,80,358.0
13229.0,160.95,1,63,2011-04-28 12:07:00,2011-04-28 12:07:00,United Kingdom,225,160.95
13230.0,2755.63,14,1638,2010-12-09 19:28:00,2011-12-05 16:03:00,United Kingdom,3,196.8307142857143
13232.0,1328.35,7,773,2011-04-10 13:48:00,2011-11-27 10:39:00,United Kingdom,12,189.7642857142857
13233.0,605.12,2,1004,2011-01-07 14:49:00,2011-09-26 13:25:00,United Kingdom,73,302.56
13235.0,1031.07,1,441,2011-05-11 17:13:00,2011-05-11 17:13:00,United Kingdom,211,1031.07
13236.0,744.85,2,416,2011-08-25 08:58:00,2011-11-15 12:50:00,United Kingdom,24,372.425
13238.0,700.73,4,298,2010-12-14 14:37:00,2011-11-22 15:37:00,United Kingdom,16,175.1825
13239.0,329.56,1,327,2011-03-23 10:25:00,2011-03-23 10:25:00,United Kingdom,261,329.56
13240.0,663.65,4,298,2010-12-09 12:49:00,2011-09-04 14:08:00,United Kingdom,95,165.9125
13242.0,270.40000000000003,3,130,2011-05-10 12:26:00,2011-08-19 12:53:00,United Kingdom,111,90.13333333333334
13243.0,585.12,1,232,2011-05-20 13:14:00,2011-05-20 13:14:00,United Kingdom,202,585.12
13244.0,121.74000000000001,1,38,2011-09-08 11:46:00,2011-09-08 11:46:00,United Kingdom,92,121.74000000000001
13245.0,430.5,1,125,2011-10-20 11:40:00,2011-10-20 11:40:00,United Kingdom,50,430.5
13246.0,1961.52,6,1587,2011-01-13 13:36:00,2011-11-21 16:50:00,United Kingdom,17,326.92
13247.0,501.12,4,328,2011-09-18 11:31:00,2011-11-22 10:59:00,United Kingdom,17,125.28
13248.0,465.68,2,305,2011-06-03 13:05:00,2011-08-07 12:40:00,United Kingdom,124,232.84
13249.0,711.41,3,546,2011-03-23 15:26:00,2011-09-08 13:26:00,United Kingdom,91,237.13666666666666
13253.0,1030.4,2,1572,2011-01-04 15:43:00,2011-07-06 10:09:00,United Kingdom,156,515.2
13255.0,399.51,2,177,2010-12-01 11:58:00,2011-11-30 13:14:00,United Kingdom,8,199.755
13258.0,672.83,3,282,2011-05-18 13:11:00,2011-11-28 09:31:00,United Kingdom,11,224.27666666666667
13259.0,283.18,1,126,2011-10-09 10:48:00,2011-10-09 10:48:00,United Kingdom,61,283.18
13260.0,557.62,1,142,2011-10-09 13:21:00,2011-10-09 13:21:00,United Kingdom,60,557.62
13261.0,944.1,2,210,2011-02-27 10:41:00,2011-03-16 12:22:00,United Kingdom,268,472.05
13262.0,200.29,1,125,2011-03-21 15:06:00,2011-03-21 15:06:00,United Kingdom,262,200.29
13263.0,7436.93,35,4768,2011-01-18 16:31:00,2011-12-08 13:59:00,United Kingdom,0,212.48371428571429
13265.0,2092.66,5,1740,2011-03-11 09:54:00,2011-10-17 15:02:00,United Kingdom,52,418.532
13266.0,3834.2599999999998,12,4428,2011-03-28 10:14:00,2011-11-28 14:39:00,United Kingdom,10,319.52166666666665
13267.0,4521.49,19,1969,2010-12-08 09:20:00,2011-12-07 11:12:00,United Kingdom,2,237.97315789473683
13268.0,3174.75,11,3624,2011-03-17 13:20:00,2011-11-22 11:51:00,United Kingdom,17,288.6136363636364
13269.0,5343.28,15,3513,2010-12-05 11:51:00,2011-12-08 14:53:00,United Kingdom,0,356.21866666666665
13270.0,590.0,1,200,2010-12-08 14:53:00,2010-12-08 14:53:00,United Kingdom,365,590.0
13271.0,211.49,1,240,2011-11-02 14:31:00,2011-11-02 14:31:00,United Kingdom,36,211.49
13272.0,276.56,2,96,2011-09-11 12:06:00,2011-11-08 14:00:00,United Kingdom,30,138.28
13273.0,138.98,1,153,2011-08-18 14:02:00,2011-08-18 14:02:00,United Kingdom,112,138.98
13276.0,590.9300000000001,2,161,2011-09-01 10:03:00,2011-10-07 12:44:00,United Kingdom,63,295.46500000000003
13277.0,258.4,4,176,2011-07-29 10:06:00,2011-11-24 09:21:00,United Kingdom,15,64.6
13278.0,542.73,1,537,2011-10-30 11:49:00,2011-10-30 11:49:00,United Kingdom,40,542.73
13279.0,137.75,1,73,2011-09-22 17:24:00,2011-09-22 17:24:00,United Kingdom,77,137.75
13280.0,798.46,3,518,2011-01-06 17:10:00,2011-08-09 13:14:00,United Kingdom,121,266.15333333333336
13282.0,1132.14,3,307,2011-05-03 12:03:00,2011-11-21 15:33:00,United Kingdom,17,377.38000000000005
13283.0,93.66,2,90,2011-06-07 12:39:00,2011-10-11 09:50:00,United Kingdom,59,46.83
13284.0,201.19,1,91,2011-01-13 09:23:00,2011-01-13 09:23:00,United Kingdom,330,201.19
13285.0,2709.12,4,2051,2011-02-22 17:13:00,2011-11-16 13:19:00,United Kingdom,22,677.28
13291.0,361.11,1,233,2011-07-07 10:36:00,2011-07-07 10:36:00,United Kingdom,155,361.11
13292.0,578.9399999999999,2,347,2011-02-28 15:00:00,2011-11-01 10:04:00,United Kingdom,38,289.46999999999997
13294.0,873.74,2,453,2011-04-04 12:37:00,2011-06-03 08:54:00,United Kingdom,189,436.87
13295.0,201.20000000000002,1,82,2010-12-15 11:21:00,2010-12-15 11:21:00,United Kingdom,359,201.20000000000002
13296.0,87.4,1,78,2011-07-25 13:46:00,2011-07-25 13:46:00,United Kingdom,136,87.4
13297.0,2089.85,4,963,2011-10-03 15:08:00,2011-12-02 09:32:00,United Kingdom,7,522.4625
13298.0,360.0,1,96,2011-12-08 13:11:00,2011-12-08 13:11:00,United Kingdom,0,360.0
13299.0,142.5,1,30,2011-03-16 12:55:00,2011-03-16 12:55:00,United Kingdom,267,142.5
13300.0,371.89,1,203,2011-06-23 13:09:00,2011-06-23 13:09:00,United Kingdom,168,371.89
13301.0,618.09,4,345,2011-02-20 13:13:00,2011-08-28 11:25:00,United Kingdom,103,154.5225
13302.0,63.75,1,5,2011-07-07 17:56:00,2011-07-07 17:56:00,United Kingdom,154,63.75
13304.0,300.42,1,238,2010-12-23 14:35:00,2010-12-23 14:35:00,United Kingdom,350,300.42
13305.0,2000.86,10,1232,2010-12-02 12:10:00,2011-12-05 15:15:00,United Kingdom,3,200.08599999999998
13307.0,15.0,1,4,2011-08-11 17:14:00,2011-08-11 17:14:00,United Kingdom,119,15.0
13308.0,1385.51,3,843,2011-05-20 13:13:00,2011-11-17 09:31:00,United Kingdom,22,461.83666666666664
13309.0,1456.79,5,1544,2011-02-04 12:29:00,2011-12-02 16:34:00,United Kingdom,6,291.358
13310.0,1132.03,3,587,2011-01-19 14:50:00,2011-11-11 17:23:00,United Kingdom,27,377.3433333333333
13311.0,598.57,2,305,2011-07-12 14:26:00,2011-12-05 12:55:00,United Kingdom,3,299.285
13313.0,1555.32,5,851,2011-01-04 10:00:00,2011-11-17 16:48:00,United Kingdom,21,311.06399999999996
13314.0,775.94,3,560,2011-09-27 10:20:00,2011-12-08 12:29:00,United Kingdom,1,258.6466666666667
13316.0,5732.93,4,5508,2011-03-30 13:01:00,2011-11-02 13:40:00,United Kingdom,36,1433.2325
13317.0,2273.68,6,1035,2010-12-16 09:22:00,2011-10-04 13:35:00,United Kingdom,65,378.94666666666666
13318.0,640.76,3,304,2011-11-02 13:26:00,2011-12-08 18:51:00,United Kingdom,0,213.58666666666667
13319.0,10845.550000000001,26,4724,2010-12-09 10:04:00,2011-12-04 13:34:00,United Kingdom,4,417.1365384615385
13320.0,1532.2,4,1086,2011-05-10 10:29:00,2011-09-22 18:07:00,United Kingdom,77,383.05
13321.0,567.36,2,372,2011-09-14 15:18:00,2011-09-28 15:24:00,United Kingdom,71,283.68
13322.0,199.48000000000002,1,117,2011-11-22 14:21:00,2011-11-22 14:21:00,United Kingdom,16,199.48000000000002
13323.0,787.85,5,175,2011-09-16 13:23:00,2011-12-06 17:12:00,United Kingdom,2,157.57
13324.0,7121.95,10,5205,2010-12-14 09:50:00,2011-11-03 16:28:00,United Kingdom,35,712.1949999999999
13325.0,675.3,1,240,2011-09-19 10:36:00,2011-09-19 10:36:00,United Kingdom,81,675.3
13327.0,3627.77,8,1600,2010-12-09 15:32:00,2011-11-01 10:21:00,United Kingdom,38,453.47125
13328.0,1308.48,1,680,2011-01-27 15:22:00,2011-01-27 15:22:00,United Kingdom,315,1308.48
13329.0,789.0,2,463,2010-12-08 10:11:00,2011-11-08 10:29:00,United Kingdom,31,394.5
13330.0,1140.93,3,751,2011-01-28 10:08:00,2011-09-08 12:27:00,United Kingdom,92,380.31
13332.0,350.9,1,179,2011-11-25 13:30:00,2011-11-25 13:30:00,United Kingdom,13,350.9
13334.0,3502.32,3,1764,2011-02-07 11:42:00,2011-09-18 15:21:00,United Kingdom,81,1167.44
13336.0,795.12,1,559,2011-09-23 14:05:00,2011-09-23 14:05:00,United Kingdom,76,795.12
13338.0,487.02,1,256,2011-07-05 09:06:00,2011-07-05 09:06:00,United Kingdom,157,487.02
13339.0,860.12,1,326,2011-05-23 08:31:00,2011-05-23 08:31:00,United Kingdom,200,860.12
13340.0,10736.48,7,5770,2011-03-08 11:39:00,2011-10-25 13:15:00,United Kingdom,44,1533.782857142857
13341.0,775.85,1,301,2011-03-24 09:50:00,2011-03-24 09:50:00,United Kingdom,260,775.85
13343.0,353.43,1,135,2011-06-15 12:24:00,2011-06-15 12:24:00,United Kingdom,177,353.43
13344.0,2511.69,3,952,2011-03-07 10:28:00,2011-10-03 09:45:00,United Kingdom,67,837.23
13345.0,389.5,1,141,2011-02-25 09:01:00,2011-02-25 09:01:00,United Kingdom,287,389.5
13347.0,341.36,1,205,2011-09-30 13:28:00,2011-09-30 13:28:00,United Kingdom,69,341.36
13348.0,233.76,1,136,2011-10-06 17:28:00,2011-10-06 17:28:00,United Kingdom,63,233.76
13349.0,247.32,1,225,2011-11-29 08:07:00,2011-11-29 08:07:00,United Kingdom,10,247.32
13350.0,979.12,2,287,2011-09-21 13:33:00,2011-11-23 16:33:00,United Kingdom,15,489.56
13351.0,373.94,1,117,2011-10-04 12:55:00,2011-10-04 12:55:00,United Kingdom,65,373.94
13352.0,397.97999999999996,1,321,2011-10-10 13:55:00,2011-10-10 13:55:00,United Kingdom,59,397.97999999999996
13354.0,743.53,1,604,2011-09-29 13:17:00,2011-09-29 13:17:00,United Kingdom,70,743.53
13355.0,674.7,1,314,2011-08-09 14:48:00,2011-08-09 14:48:00,United Kingdom,121,674.7
13356.0,768.24,1,325,2011-09-20 14:33:00,2011-09-20 14:33:00,United Kingdom,79,768.24
13357.0,609.4,1,321,2011-03-27 13:56:00,2011-03-27 13:56:00,United Kingdom,256,609.4
13358.0,439.03,1,285,2011-03-16 11:52:00,2011-03-16 11:52:00,United Kingdom,268,439.03
13359.0,439.56,1,161,2011-10-07 09:30:00,2011-10-07 09:30:00,United Kingdom,63,439.56
13362.0,3090.7400000000002,4,1382,2011-02-25 11:33:00,2011-11-30 14:41:00,United Kingdom,8,772.6850000000001
13363.0,992.5,2,710,2011-10-27 10:46:00,2011-11-22 12:40:00,United Kingdom,17,496.25
13364.0,134.95999999999998,1,71,2011-09-29 18:13:00,2011-09-29 18:13:00,United Kingdom,70,134.95999999999998
13365.0,2225.37,2,1247,2011-05-06 12:00:00,2011-11-06 12:36:00,United Kingdom,33,1112.685
13366.0,56.160000000000004,1,144,2011-10-20 13:37:00,2011-10-20 13:37:00,United Kingdom,49,56.160000000000004
13368.0,623.4,2,327,2011-01-06 12:32:00,2011-03-28 09:59:00,United Kingdom,256,311.7
13369.0,308.28000000000003,1,149,2010-12-09 11:30:00,2010-12-09 11:30:00,United Kingdom,365,308.28000000000003
13370.0,754.87,1,343,2010-12-03 10:26:00,2010-12-03 10:26:00,United Kingdom,371,754.87
13372.0,378.64,1,159,2011-09-11 12:46:00,2011-09-11 12:46:00,United Kingdom,89,378.64
13373.0,3312.25,3,1651,2011-03-08 14:35:00,2011-10-10 10:51:00,United Kingdom,60,1104.0833333333333
13375.0,778.65,1,442,2011-09-12 10:19:00,2011-09-12 10:19:00,United Kingdom,88,778.65
13376.0,1019.76,3,493,2011-04-19 13:03:00,2011-09-01 16:16:00,United Kingdom,98,339.92
13379.0,572.56,3,601,2011-07-26 12:26:00,2011-11-13 13:45:00,United Kingdom,25,190.85333333333332
13381.0,3639.31,6,2029,2011-02-14 10:10:00,2011-11-08 11:58:00,United Kingdom,31,606.5516666666666
13382.0,222.99,1,131,2011-03-04 10:03:00,2011-03-04 10:03:00,United Kingdom,280,222.99
13384.0,4151.93,7,2422,2011-06-14 12:47:00,2011-11-09 11:04:00,United Kingdom,30,593.1328571428572
13385.0,534.57,1,281,2011-01-14 09:52:00,2011-01-14 09:52:00,United Kingdom,329,534.57
13388.0,677.1,2,282,2011-07-31 12:52:00,2011-07-31 12:52:00,United Kingdom,130,338.55
13389.0,797.96,3,429,2011-04-21 12:12:00,2011-11-28 14:01:00,United Kingdom,10,265.9866666666667
13390.0,544.08,1,224,2011-09-26 08:38:00,2011-09-26 08:38:00,United Kingdom,74,544.08
13391.0,59.8,1,4,2011-05-20 10:50:00,2011-05-20 10:50:00,United Kingdom,203,59.8
13394.0,2520.02,8,2392,2011-02-03 10:39:00,2011-12-08 11:36:00,United Kingdom,1,315.0025
13395.0,307.72,1,336,2011-06-07 15:04:00,2011-06-07 15:04:00,United Kingdom,184,307.72
13396.0,1360.99,2,600,2011-01-24 13:37:00,2011-11-10 16:59:00,United Kingdom,28,680.495
13397.0,1544.13,5,430,2011-01-04 13:50:00,2011-09-28 10:56:00,United Kingdom,72,308.826
13398.0,457.34,1,281,2011-05-31 13:17:00,2011-05-31 13:17:00,United Kingdom,191,457.34
13402.0,621.23,2,479,2010-12-02 17:12:00,2011-08-04 15:51:00,United Kingdom,126,310.615
13403.0,75.0,1,44,2011-11-22 08:28:00,2011-11-22 08:28:00,United Kingdom,17,75.0
13404.0,252.49,2,111,2011-05-11 11:57:00,2011-12-08 15:37:00,United Kingdom,0,126.245
13405.0,572.451,3,165,2011-01-26 09:27:00,2011-09-26 17:01:00,United Kingdom,73,190.817
13408.0,28117.04,62,16232,2010-12-01 10:39:00,2011-12-08 09:05:00,United Kingdom,1,453.5006451612903
13410.0,1003.06,5,518,2011-02-21 14:38:00,2011-11-15 15:33:00,United Kingdom,23,200.612
13411.0,213.55,1,72,2011-08-24 13:57:00,2011-08-24 13:57:00,United Kingdom,106,213.55
13414.0,1390.5,3,1574,2011-02-16 12:13:00,2011-07-29 11:45:00,United Kingdom,133,463.5
13416.0,712.5,2,142,2011-09-19 14:43:00,2011-10-27 08:56:00,United Kingdom,43,356.25
13417.0,640.83,2,162,2011-05-18 16:26:00,2011-12-05 08:49:00,United Kingdom,4,320.415
13418.0,6127.43,18,3918,2010-12-02 10:45:00,2011-11-28 10:23:00,United Kingdom,11,340.4127777777778
13419.0,221.06,1,275,2011-10-07 12:49:00,2011-10-07 12:49:00,United Kingdom,63,221.06
13420.0,159.85,2,101,2011-06-22 11:35:00,2011-07-13 08:48:00,United Kingdom,149,79.925
13421.0,1833.71,2,1128,2011-02-22 15:46:00,2011-10-30 14:21:00,United Kingdom,39,916.855
13422.0,2626.3,1,1326,2011-10-06 13:42:00,2011-10-06 13:42:00,United Kingdom,63,2626.3
13425.0,1624.21,3,1123,2011-02-18 08:34:00,2011-08-23 17:13:00,United Kingdom,107,541.4033333333333
13426.0,3641.32,10,2245,2010-12-15 12:43:00,2011-12-09 08:59:00,United Kingdom,0,364.132
13427.0,582.6,3,545,2011-05-08 15:58:00,2011-11-20 13:02:00,United Kingdom,18,194.20000000000002
13428.0,201.78,1,151,2011-11-29 14:20:00,2011-11-29 14:20:00,United Kingdom,9,201.78
13429.0,1006.8,4,1390,2011-09-25 15:59:00,2011-11-29 09:10:00,United Kingdom,10,251.7
13430.0,679.45,2,751,2011-09-14 14:26:00,2011-11-21 08:19:00,United Kingdom,18,339.725
13431.0,1269.1,2,672,2011-09-12 11:25:00,2011-10-03 13:49:00,United Kingdom,66,634.55
13434.0,534.24,2,300,2011-09-04 10:35:00,2011-09-26 14:30:00,United Kingdom,73,267.12
13435.0,3809.8900000000003,7,2129,2011-06-03 17:07:00,2011-12-04 14:45:00,United Kingdom,4,544.2700000000001
13436.0,196.89,1,76,2011-12-08 10:33:00,2011-12-08 10:33:00,United Kingdom,1,196.89
13437.0,3408.06,7,1283,2011-06-02 14:30:00,2011-11-25 14:00:00,United Kingdom,13,486.86571428571426
13439.0,283.71,1,242,2011-03-29 14:20:00,2011-03-29 14:20:00,United Kingdom,254,283.71
13441.0,296.64,1,204,2011-09-09 09:38:00,2011-09-09 09:38:00,United Kingdom,91,296.64
13447.0,1129.14,3,584,2011-11-04 10:10:00,2011-11-16 13:38:00,United Kingdom,22,376.38000000000005
13448.0,3534.69,6,1648,2010-12-01 10:52:00,2011-11-23 12:33:00,United Kingdom,16,589.115
13449.0,291.88,1,222,2011-11-16 08:28:00,2011-11-16 08:28:00,United Kingdom,23,291.88
13450.0,2043.7199999999998,6,1982,2011-05-05 19:48:00,2011-11-13 11:54:00,United Kingdom,26,340.61999999999995
13451.0,2898.2599999999998,5,2128,2011-01-09 15:35:00,2011-11-13 15:58:00,United Kingdom,25,579.6519999999999
13452.0,590.0,2,2,2011-03-14 11:38:00,2011-03-25 14:19:00,United Kingdom,258,295.0
13453.0,356.97999999999996,2,134,2011-02-23 09:44:00,2011-06-27 09:34:00,United Kingdom,165,178.48999999999998
13455.0,1058.34,2,354,2010-12-08 13:11:00,2011-11-15 11:21:00,United Kingdom,24,529.17
13456.0,1766.72,6,765,2011-05-16 15:34:00,2011-11-22 09:18:00,United Kingdom,17,294.4533333333333
13458.0,9646.57,14,5508,2010-12-15 12:05:00,2011-12-02 15:29:00,United Kingdom,6,689.0407142857142
13460.0,183.44,2,286,2011-10-21 09:50:00,2011-11-10 17:17:00,United Kingdom,28,91.72
13461.0,1445.0,3,1170,2011-06-29 10:23:00,2011-11-01 09:01:00,United Kingdom,38,481.6666666666667
13462.0,151.5,1,62,2011-04-01 11:20:00,2011-04-01 11:20:00,United Kingdom,252,151.5
13464.0,674.68,1,403,2011-10-12 15:01:00,2011-10-12 15:01:00,United Kingdom,57,674.68
13466.0,307.9,1,259,2011-06-08 16:39:00,2011-06-08 16:39:00,United Kingdom,183,307.9
13467.0,1071.91,2,580,2011-11-03 16:56:00,2011-11-29 10:01:00,United Kingdom,10,535.955
13468.0,5704.97,37,2589,2010-12-01 15:08:00,2011-12-08 10:39:00,United Kingdom,1,154.1883783783784
13470.0,165.0,2,100,2011-08-16 17:06:00,2011-09-01 14:57:00,United Kingdom,98,82.5
13471.0,2501.84,4,1583,2011-10-23 13:10:00,2011-12-08 15:44:00,United Kingdom,0,625.46
13473.0,422.64,2,266,2011-01-11 08:45:00,2011-10-10 11:20:00,United Kingdom,60,211.32
13474.0,226.84,1,129,2011-04-17 13:53:00,2011-04-17 13:53:00,United Kingdom,235,226.84
13475.0,1431.78,4,1012,2011-02-14 12:36:00,2011-06-01 13:52:00,United Kingdom,190,357.945
13476.0,1238.47,2,417,2011-03-03 14:43:00,2011-06-14 12:00:00,United Kingdom,178,619.235
13477.0,1454.58,6,1021,2011-02-21 12:29:00,2011-11-02 12:04:00,United Kingdom,37,242.42999999999998
13479.0,300.95,2,134,2011-04-19 11:27:00,2011-05-23 10:45:00,United Kingdom,200,150.475
13481.0,1804.56,5,1142,2011-03-28 09:07:00,2011-10-25 09:07:00,United Kingdom,45,360.912
13482.0,184.64,1,116,2011-04-21 17:03:00,2011-04-21 17:03:00,United Kingdom,231,184.64
13483.0,140.34,1,160,2011-10-05 11:53:00,2011-10-05 11:53:00,United Kingdom,65,140.34
13484.0,313.8,1,44,2011-04-12 16:30:00,2011-04-12 16:30:00,United Kingdom,240,313.8
13485.0,454.24,1,277,2011-04-20 13:58:00,2011-04-20 13:58:00,United Kingdom,232,454.24
13486.0,1122.41,3,669,2011-07-07 17:19:00,2011-09-22 13:13:00,United Kingdom,77,374.1366666666667
13487.0,575.4,3,265,2010-12-21 14:54:00,2011-10-13 12:07:00,United Kingdom,57,191.79999999999998
13488.0,8968.31,13,4518,2010-12-07 13:01:00,2011-11-22 14:41:00,United Kingdom,16,689.87
13489.0,449.52,4,560,2011-02-18 10:42:00,2011-08-26 13:16:00,United Kingdom,104,112.38
13491.0,1215.82,10,903,2010-12-02 14:30:00,2011-10-19 08:32:00,United Kingdom,51,121.582
13492.0,1269.84,3,408,2011-05-09 10:06:00,2011-07-26 14:25:00,Switzerland,135,423.28
13493.0,618.63,2,380,2011-02-25 16:42:00,2011-03-09 15:35:00,Switzerland,274,309.315
13494.0,316.26000000000005,1,162,2011-02-01 11:58:00,2011-02-01 11:58:00,United Kingdom,311,316.26000000000005
13495.0,2044.8700000000001,5,829,2010-12-06 15:14:00,2011-12-02 11:21:00,United Kingdom,7,408.97400000000005
13496.0,653.33,2,341,2010-12-15 10:17:00,2011-11-29 10:58:00,United Kingdom,10,326.665
13497.0,348.05,2,163,2010-12-06 11:37:00,2011-03-02 09:04:00,United Kingdom,282,174.025
13499.0,1159.11,5,1365,2011-03-15 08:52:00,2011-11-22 11:21:00,United Kingdom,17,231.82199999999997
13500.0,1166.77,3,609,2011-08-09 12:20:00,2011-11-16 15:35:00,United Kingdom,22,388.92333333333335
13501.0,1340.32,1,560,2011-02-24 18:59:00,2011-02-24 18:59:00,Switzerland,287,1340.32
13502.0,292.0,3,264,2011-01-20 09:03:00,2011-11-23 10:39:00,United Kingdom,16,97.33333333333333
13503.0,216.85,1,248,2011-09-29 13:23:00,2011-09-29 13:23:00,United Kingdom,70,216.85
13504.0,295.93,1,178,2011-10-06 13:20:00,2011-10-06 13:20:00,United Kingdom,63,295.93
13505.0,4393.63,4,2486,2011-04-21 12:07:00,2011-09-28 11:56:00,Switzerland,72,1098.4075
13506.0,458.52,2,324,2010-12-05 12:15:00,2011-01-27 13:53:00,United Kingdom,315,229.26
13507.0,2479.16,4,1597,2011-07-17 11:50:00,2011-12-06 13:13:00,United Kingdom,2,619.79
13508.0,110.97,1,24,2011-04-10 11:58:00,2011-04-10 11:58:00,United Kingdom,243,110.97
13509.0,979.72,7,1106,2011-02-28 13:27:00,2011-12-01 10:10:00,United Kingdom,8,139.96
13510.0,1791.56,4,1386,2011-06-09 09:32:00,2011-12-08 13:46:00,United Kingdom,0,447.89
13512.0,251.21,1,143,2011-03-24 10:03:00,2011-03-24 10:03:00,United Kingdom,260,251.21
13513.0,205.1,1,109,2011-08-05 11:50:00,2011-08-05 11:50:00,United Kingdom,126,205.1
13514.0,152.20000000000002,1,40,2011-09-27 09:39:00,2011-09-27 09:39:00,United Kingdom,73,152.20000000000002
13515.0,891.12,4,681,2011-04-06 10:33:00,2011-09-28 11:26:00,United Kingdom,72,222.78
13516.0,1389.41,3,985,2011-04-15 11:06:00,2011-11-18 13:15:00,United Kingdom,20,463.1366666666667
13517.0,2128.42,3,1369,2011-06-13 08:44:00,2011-10-11 11:43:00,United Kingdom,59,709.4733333333334
13518.0,627.16,1,382,2011-09-15 10:29:00,2011-09-15 10:29:00,United Kingdom,85,627.16
13519.0,122.75,1,23,2011-09-22 18:24:00,2011-09-22 18:24:00,United Kingdom,77,122.75
13520.0,3624.35,6,1649,2010-12-03 10:36:00,2011-10-12 10:20:00,Switzerland,58,604.0583333333333
13521.0,1071.73,3,718,2011-11-29 15:09:00,2011-12-08 13:50:00,United Kingdom,0,357.24333333333334
13522.0,125.80000000000001,1,44,2011-11-09 15:11:00,2011-11-09 15:11:00,United Kingdom,29,125.80000000000001
13523.0,3964.88,5,1752,2010-12-08 14:22:00,2011-11-06 15:11:00,United Kingdom,32,792.976
13524.0,680.1800000000001,5,324,2011-05-04 12:26:00,2011-10-30 12:34:00,United Kingdom,40,136.036
13525.0,628.78,2,394,2011-04-05 15:36:00,2011-11-25 12:01:00,United Kingdom,14,314.39
13527.0,2242.36,7,1683,2011-01-17 11:17:00,2011-11-06 12:04:00,United Kingdom,33,320.33714285714285
13529.0,307.76,2,74,2011-05-19 11:50:00,2011-09-22 09:15:00,United Kingdom,78,153.88
13531.0,483.8,2,174,2010-12-08 15:03:00,2011-05-18 16:56:00,United Kingdom,204,241.9
13532.0,210.31,1,129,2011-11-06 12:25:00,2011-11-06 12:25:00,United Kingdom,33,210.31
13533.0,269.09,3,202,2011-03-17 12:47:00,2011-06-10 11:54:00,United Kingdom,182,89.69666666666666
13534.0,5870.08,25,2961,2010-12-16 15:23:00,2011-12-07 14:52:00,United Kingdom,1,234.8032
13536.0,3444.39,7,2126,2011-09-25 13:30:00,2011-12-08 16:38:00,United Kingdom,0,492.05571428571426
13538.0,1280.85,7,175,2011-01-28 10:40:00,2011-10-27 16:34:00,United Kingdom,42,182.97857142857143
13539.0,631.34,3,320,2011-02-03 15:23:00,2011-09-15 10:18:00,United Kingdom,85,210.4466666666667
13544.0,276.06,2,112,2011-04-13 12:09:00,2011-10-31 11:57:00,United Kingdom,39,138.03
13546.0,621.09,3,357,2011-05-23 12:14:00,2011-11-27 14:50:00,United Kingdom,11,207.03
13548.0,678.16,2,436,2011-04-10 11:35:00,2011-09-04 14:50:00,United Kingdom,95,339.08
13549.0,918.2,7,458,2011-04-11 13:42:00,2011-11-14 09:20:00,United Kingdom,25,131.17142857142858
13551.0,91.80000000000001,1,12,2011-01-24 14:46:00,2011-01-24 14:46:00,United Kingdom,318,91.80000000000001
13552.0,3740.07,12,1417,2011-01-28 10:10:00,2011-10-04 15:19:00,United Kingdom,65,311.6725
13555.0,4098.88,4,2636,2011-05-22 11:06:00,2011-09-27 12:36:00,United Kingdom,73,1024.72
13557.0,584.06,2,546,2011-03-04 12:14:00,2011-11-11 15:24:00,United Kingdom,27,292.03
13558.0,594.52,4,338,2011-10-02 13:01:00,2011-12-04 11:24:00,United Kingdom,5,148.63
13560.0,171.42000000000002,1,63,2011-12-02 13:11:00,2011-12-02 13:11:00,United Kingdom,6,171.42000000000002
13561.0,141.85999999999999,1,83,2011-05-08 12:39:00,2011-05-08 12:39:00,United Kingdom,215,141.85999999999999
13562.0,1799.33,3,757,2011-04-08 12:42:00,2011-09-19 10:51:00,United Kingdom,81,599.7766666666666
13563.0,777.53,2,209,2011-07-22 17:21:00,2011-09-16 14:45:00,United Kingdom,83,388.765
13564.0,1724.67,3,636,2010-12-06 17:26:00,2011-07-18 14:33:00,United Kingdom,143,574.89
13565.0,240.22,2,172,2011-01-09 14:28:00,2011-11-20 14:33:00,United Kingdom,18,120.11
13566.0,856.84,2,567,2011-09-18 12:40:00,2011-10-30 11:59:00,United Kingdom,40,428.42
13568.0,187.05,1,66,2011-06-19 14:42:00,2011-06-19 14:42:00,United Kingdom,172,187.05
13569.0,338.62,2,156,2010-12-07 12:29:00,2011-11-22 13:07:00,United Kingdom,16,169.31
13570.0,239.49,1,161,2011-04-10 13:36:00,2011-04-10 13:36:00,United Kingdom,242,239.49
13571.0,2088.94,12,1757,2011-03-31 12:43:00,2011-11-27 10:47:00,United Kingdom,12,174.07833333333335
13572.0,1384.25,1,534,2011-05-18 11:59:00,2011-05-18 11:59:00,United Kingdom,205,1384.25
13573.0,290.25,2,302,2011-03-31 14:47:00,2011-10-20 14:33:00,United Kingdom,49,145.125
13575.0,732.0699999999999,5,449,2011-06-16 14:24:00,2011-11-16 13:14:00,United Kingdom,22,146.414
13576.0,6717.34,18,2646,2010-12-01 17:24:00,2011-11-29 15:34:00,United Kingdom,9,373.18555555555554
13577.0,1687.6000000000001,4,791,2011-04-12 10:33:00,2011-11-14 15:19:00,United Kingdom,24,421.90000000000003
13579.0,467.04,2,176,2010-12-05 16:10:00,2011-11-25 08:41:00,United Kingdom,14,233.52
13581.0,118.0,1,30,2011-02-03 14:41:00,2011-02-03 14:41:00,United Kingdom,308,118.0
13583.0,781.03,1,725,2011-07-07 10:40:00,2011-07-07 10:40:00,United Kingdom,155,781.03
13584.0,142.4,1,37,2011-02-06 12:49:00,2011-02-06 12:49:00,United Kingdom,306,142.4
13587.0,712.4,1,180,2011-10-07 12:31:00,2011-10-07 12:31:00,United Kingdom,63,712.4
13588.0,2478.95,9,2606,2011-03-29 15:53:00,2011-11-24 10:42:00,United Kingdom,15,275.43888888888887
13589.0,379.65,2,114,2011-06-13 12:44:00,2011-11-25 12:10:00,United Kingdom,14,189.825
13590.0,1981.92,6,1848,2011-02-09 13:25:00,2011-11-28 12:54:00,United Kingdom,10,330.32
13591.0,1117.13,3,485,2011-03-18 12:18:00,2011-10-06 12:26:00,United Kingdom,64,372.3766666666667
13592.0,247.95999999999998,4,84,2011-03-20 14:01:00,2011-11-04 09:49:00,United Kingdom,35,61.989999999999995
13593.0,2011.88,5,719,2011-01-07 16:32:00,2011-08-23 13:35:00,United Kingdom,107,402.37600000000003
13594.0,396.97,1,359,2011-10-18 10:19:00,2011-10-18 10:19:00,United Kingdom,52,396.97
13596.0,664.11,2,384,2011-11-27 11:57:00,2011-12-04 12:01:00,United Kingdom,5,332.055
13598.0,160.04,1,52,2011-10-23 14:28:00,2011-10-23 14:28:00,United Kingdom,46,160.04
13599.0,5149.92,21,3293,2010-12-08 10:11:00,2011-12-08 16:10:00,United Kingdom,0,245.2342857142857
13600.0,219.52,1,324,2011-01-31 15:27:00,2011-01-31 15:27:00,United Kingdom,311,219.52
13601.0,693.32,2,548,2011-05-12 16:52:00,2011-10-25 17:31:00,United Kingdom,44,346.66
13602.0,428.89,1,267,2011-10-06 11:47:00,2011-10-06 11:47:00,United Kingdom,64,428.89
13603.0,164.34,1,164,2011-11-13 15:57:00,2011-11-13 15:57:00,United Kingdom,25,164.34
13606.0,276.75,3,276,2011-02-01 11:42:00,2011-11-10 17:46:00,United Kingdom,28,92.25
13607.0,675.51,1,288,2011-10-30 16:17:00,2011-10-30 16:17:00,United Kingdom,39,675.51
13610.0,1082.33,7,488,2011-02-27 14:44:00,2011-11-27 15:38:00,United Kingdom,11,154.6185714285714
13611.0,1154.4,3,754,2010-12-15 10:31:00,2011-09-11 14:51:00,United Kingdom,88,384.8
13614.0,1585.46,4,564,2011-01-13 12:37:00,2011-11-15 14:47:00,United Kingdom,23,396.365
13615.0,417.69,1,189,2011-01-25 08:21:00,2011-01-25 08:21:00,United Kingdom,318,417.69
13617.0,544.18,3,300,2011-06-12 12:55:00,2011-10-30 13:50:00,United Kingdom,39,181.39333333333332
13618.0,177.34,1,246,2011-06-19 11:09:00,2011-06-19 11:09:00,United Kingdom,173,177.34
13621.0,213.85,1,343,2011-08-15 08:26:00,2011-08-15 08:26:00,United Kingdom,116,213.85
13623.0,727.74,5,286,2011-02-15 13:08:00,2011-11-09 12:00:00,United Kingdom,30,145.548
13626.0,257.23,1,209,2011-04-01 10:05:00,2011-04-01 10:05:00,United Kingdom,252,257.23
13627.0,1638.47,5,1269,2010-12-17 09:52:00,2011-10-11 14:20:00,United Kingdom,58,327.694
13629.0,7792.36,11,4372,2011-01-05 12:09:00,2011-11-16 13:21:00,United Kingdom,22,708.3963636363636
13630.0,2031.78,7,1391,2011-02-27 12:49:00,2011-12-04 15:16:00,United Kingdom,4,290.2542857142857
13631.0,3070.42,11,467,2011-03-17 17:13:00,2011-09-01 09:57:00,United Kingdom,99,279.1290909090909
13632.0,2118.93,5,1031,2011-04-10 15:07:00,2011-11-15 10:51:00,United Kingdom,24,423.78599999999994
13634.0,1547.3600000000001,5,700,2011-01-16 15:30:00,2011-11-06 13:40:00,United Kingdom,32,309.47200000000004
13635.0,1071.03,1,677,2011-10-03 10:55:00,2011-10-03 10:55:00,United Kingdom,67,1071.03
13636.0,949.12,5,592,2011-02-27 14:29:00,2011-11-03 10:30:00,United Kingdom,36,189.824
13637.0,804.3,3,405,2011-04-27 13:06:00,2011-10-18 13:32:00,United Kingdom,51,268.09999999999997
13638.0,122.64,1,93,2011-11-24 10:38:00,2011-11-24 10:38:00,United Kingdom,15,122.64
13639.0,1033.34,1,800,2011-09-26 13:36:00,2011-09-26 13:36:00,United Kingdom,73,1033.34
13642.0,312.28,1,151,2011-05-08 12:34:00,2011-05-08 12:34:00,United Kingdom,215,312.28
13643.0,519.44,3,273,2011-06-07 11:40:00,2011-11-08 15:37:00,United Kingdom,30,173.14666666666668
13644.0,2624.26,4,2067,2011-08-26 11:53:00,2011-11-23 14:07:00,United Kingdom,15,656.065
13645.0,252.1,1,158,2011-08-11 16:11:00,2011-08-11 16:11:00,United Kingdom,119,252.1
13647.0,1648.1200000000001,4,887,2011-04-19 09:49:00,2011-11-30 12:00:00,United Kingdom,9,412.03000000000003
13649.0,346.6,2,139,2010-12-08 14:46:00,2011-03-28 11:51:00,United Kingdom,256,173.3
13650.0,1836.34,6,922,2011-03-17 12:37:00,2011-11-23 12:22:00,United Kingdom,16,306.0566666666667
13651.0,94.2,2,33,2011-10-31 12:11:00,2011-11-04 14:59:00,United Kingdom,34,47.1
13652.0,1095.08,3,578,2010-12-06 09:21:00,2011-10-25 08:51:00,United Kingdom,45,365.02666666666664
13654.0,2707.33,6,2182,2011-03-11 12:54:00,2011-10-27 16:24:00,United Kingdom,42,451.22166666666664
13655.0,932.97,2,605,2011-04-12 09:53:00,2011-08-17 14:25:00,United Kingdom,113,466.485
13656.0,379.65,2,490,2011-01-06 15:42:00,2011-06-28 10:31:00,United Kingdom,164,189.825
13657.0,382.14,2,209,2011-05-22 12:35:00,2011-11-29 12:32:00,United Kingdom,10,191.07
13658.0,2639.17,5,1019,2011-05-19 17:15:00,2011-11-30 10:13:00,United Kingdom,9,527.8340000000001
13659.0,1563.0,2,882,2011-01-23 12:08:00,2011-05-18 12:37:00,United Kingdom,205,781.5
13662.0,881.26,3,533,2011-03-25 13:23:00,2011-09-15 12:04:00,United Kingdom,85,293.75333333333333
13663.0,189.47,1,91,2011-06-13 15:44:00,2011-06-13 15:44:00,United Kingdom,178,189.47
13666.0,84.65,3,41,2011-02-25 13:05:00,2011-10-10 15:39:00,United Kingdom,59,28.21666666666667
13667.0,299.05,1,149,2011-07-13 15:42:00,2011-07-13 15:42:00,United Kingdom,148,299.05
13668.0,6309.83,21,3722,2010-12-12 12:35:00,2011-12-07 12:11:00,United Kingdom,2,300.46809523809526
13669.0,218.55,2,237,2011-07-13 11:44:00,2011-10-20 09:32:00,United Kingdom,50,109.275
13670.0,349.7,1,282,2011-09-25 15:25:00,2011-09-25 15:25:00,United Kingdom,74,349.7
13672.0,186.39000000000001,2,57,2011-01-11 13:54:00,2011-02-11 13:53:00,United Kingdom,300,93.19500000000001
13673.0,387.44,2,114,2011-11-07 15:40:00,2011-11-21 12:11:00,United Kingdom,18,193.72
13675.0,486.82000000000005,2,330,2011-02-28 12:14:00,2011-07-11 12:57:00,United Kingdom,150,243.41000000000003
13678.0,232.6,1,924,2011-07-11 10:14:00,2011-07-11 10:14:00,United Kingdom,151,232.6
13680.0,3719.12,4,1934,2011-01-04 14:12:00,2011-12-08 13:47:00,United Kingdom,0,929.78
13681.0,827.83,4,360,2011-07-07 15:21:00,2011-11-22 11:13:00,United Kingdom,17,206.9575
13682.0,59.5,1,10,2011-06-05 14:06:00,2011-06-05 14:06:00,United Kingdom,186,59.5
13684.0,65.13,1,38,2011-02-27 10:13:00,2011-02-27 10:13:00,United Kingdom,285,65.13
13685.0,3119.44,7,5056,2011-10-10 12:59:00,2011-12-07 11:41:00,United Kingdom,2,445.63428571428574
13686.0,72.0,1,70,2011-06-10 09:10:00,2011-06-10 09:10:00,United Kingdom,182,72.0
13689.0,910.0,1,512,2011-10-07 13:21:00,2011-10-07 13:21:00,United Kingdom,62,910.0
13690.0,172.25,1,67,2011-10-11 15:03:00,2011-10-11 15:03:00,United Kingdom,58,172.25
13692.0,1488.32,3,1226,2011-04-17 12:57:00,2011-11-15 11:17:00,United Kingdom,24,496.1066666666666
13694.0,65039.62,50,63312,2010-12-01 12:12:00,2011-12-06 09:32:00,United Kingdom,3,1300.7924
13695.0,2504.13,15,1603,2011-03-25 11:31:00,2011-11-08 14:26:00,United Kingdom,30,166.942
13697.0,151.29999999999998,1,177,2011-11-01 09:14:00,2011-11-01 09:14:00,United Kingdom,38,151.29999999999998
13699.0,308.58000000000004,1,66,2011-07-07 16:51:00,2011-07-07 16:51:00,United Kingdom,154,308.58000000000004
13700.0,2248.63,10,2281,2011-01-16 13:18:00,2011-11-13 13:00:00,United Kingdom,25,224.863
13703.0,99.5,1,10,2011-01-25 13:10:00,2011-01-25 13:10:00,United Kingdom,317,99.5
13704.0,2308.06,9,1531,2011-09-12 14:40:00,2011-12-04 15:13:00,United Kingdom,4,256.4511111111111
13705.0,711.86,3,363,2010-12-01 10:29:00,2011-12-02 12:32:00,United Kingdom,7,237.28666666666666
13706.0,330.79,1,189,2011-02-10 09:21:00,2011-02-10 09:21:00,United Kingdom,302,330.79
13707.0,806.41,2,351,2011-01-28 13:27:00,2011-03-17 18:03:00,United Kingdom,266,403.205
13708.0,285.33,1,301,2011-03-13 13:46:00,2011-03-13 13:46:00,United Kingdom,270,285.33
13709.0,6307.650000000001,13,3508,2011-01-28 14:57:00,2011-12-06 10:28:00,United Kingdom,3,485.2038461538462
13710.0,180.48,1,176,2011-11-08 08:16:00,2011-11-08 08:16:00,United Kingdom,31,180.48
13711.0,252.06,2,140,2011-05-05 10:29:00,2011-05-05 10:31:00,United Kingdom,218,126.03
13712.0,228.84,1,352,2011-04-07 12:33:00,2011-04-07 12:33:00,United Kingdom,246,228.84
13715.0,1077.39,5,562,2010-12-02 08:52:00,2011-03-03 19:21:00,United Kingdom,280,215.478
13716.0,138.28,1,138,2011-03-15 13:49:00,2011-03-15 13:49:00,United Kingdom,268,138.28
13717.0,1445.01,6,1959,2011-02-14 13:21:00,2011-11-07 14:13:00,United Kingdom,31,240.835
13718.0,306.55,2,173,2011-02-17 11:58:00,2011-04-07 13:24:00,United Kingdom,245,153.275
13719.0,1041.68,5,609,2011-04-19 13:56:00,2011-11-24 15:26:00,United Kingdom,14,208.336
13720.0,799.9,4,501,2011-03-30 09:17:00,2011-08-15 12:46:00,United Kingdom,116,199.975
13721.0,524.14,1,316,2011-11-03 14:05:00,2011-11-03 14:05:00,United Kingdom,35,524.14
13722.0,2375.41,3,1401,2011-03-02 11:43:00,2011-07-31 12:44:00,United Kingdom,131,791.8033333333333
13723.0,199.85000000000002,1,43,2011-05-06 17:04:00,2011-05-06 17:04:00,United Kingdom,216,199.85000000000002
13725.0,1980.56,8,806,2011-02-04 12:18:00,2011-10-21 10:03:00,United Kingdom,49,247.57
13726.0,1079.6599999999999,2,1054,2011-08-31 11:06:00,2011-11-01 10:49:00,United Kingdom,38,539.8299999999999
13727.0,333.48,2,162,2011-11-06 12:16:00,2011-11-11 09:46:00,United Kingdom,28,166.74
13728.0,1016.14,6,458,2011-02-02 12:09:00,2011-11-03 10:49:00,United Kingdom,36,169.35666666666665
13730.0,752.6,2,488,2011-07-01 12:47:00,2011-07-27 08:35:00,United Kingdom,135,376.3
13731.0,610.59,2,278,2011-04-07 10:10:00,2011-05-04 14:33:00,United Kingdom,218,305.295
13732.0,491.86,1,498,2011-11-11 15:49:00,2011-11-11 15:49:00,United Kingdom,27,491.86
13735.0,2883.54,4,1128,2011-04-19 13:49:00,2011-11-15 11:14:00,United Kingdom,24,720.885
13736.0,729.8,2,496,2011-03-24 13:04:00,2011-12-04 15:19:00,United Kingdom,4,364.9
13737.0,339.59999999999997,1,125,2011-05-23 16:32:00,2011-05-23 16:32:00,United Kingdom,199,339.59999999999997
13739.0,216.9,1,54,2011-11-21 13:35:00,2011-11-21 13:35:00,United Kingdom,17,216.9
13740.0,350.75,1,425,2011-04-13 10:32:00,2011-04-13 10:32:00,United Kingdom,240,350.75
13741.0,668.4300000000001,3,218,2011-05-06 13:43:00,2011-09-29 09:19:00,United Kingdom,71,222.81000000000003
13742.0,3107.87,12,1115,2011-01-23 14:59:00,2011-11-23 11:07:00,United Kingdom,16,258.9891666666667
13743.0,1341.6,7,1776,2011-03-25 14:46:00,2011-12-07 10:09:00,United Kingdom,2,191.65714285714284
13744.0,1080.52,2,1153,2011-02-20 14:08:00,2011-09-05 15:19:00,United Kingdom,94,540.26
13745.0,300.04,1,496,2011-06-30 16:43:00,2011-06-30 16:43:00,United Kingdom,161,300.04
13747.0,79.6,1,8,2010-12-01 10:37:00,2010-12-01 10:37:00,United Kingdom,373,79.6
13748.0,948.25,5,439,2010-12-01 09:00:00,2011-09-05 09:45:00,United Kingdom,95,189.65
13750.0,1647.26,5,516,2011-01-07 11:49:00,2011-10-17 12:16:00,United Kingdom,53,329.452
13751.0,296.25,1,152,2011-02-24 15:56:00,2011-02-24 15:56:00,United Kingdom,287,296.25
13752.0,1175.38,6,874,2011-04-07 12:04:00,2011-08-07 14:16:00,United Kingdom,123,195.89666666666668
13753.0,741.26,1,512,2011-02-25 12:48:00,2011-02-25 12:48:00,United Kingdom,287,741.26
13754.0,282.59999999999997,2,214,2011-01-26 14:58:00,2011-07-11 11:51:00,United Kingdom,151,141.29999999999998
13755.0,2108.06,9,1242,2011-10-07 15:45:00,2011-12-06 12:26:00,United Kingdom,3,234.2288888888889
13756.0,5189.52,14,3188,2010-12-07 11:41:00,2011-12-07 16:44:00,United Kingdom,1,370.68
13758.0,3190.55,7,1844,2010-12-01 12:08:00,2011-11-28 11:11:00,United Kingdom,11,455.79285714285714
13759.0,659.4100000000001,2,287,2011-09-29 15:40:00,2011-11-06 14:47:00,United Kingdom,32,329.70500000000004
13760.0,286.79,2,197,2011-03-28 12:52:00,2011-10-16 16:13:00,United Kingdom,53,143.395
13761.0,1070.65,2,642,2011-06-13 08:43:00,2011-10-20 14:01:00,United Kingdom,49,535.325
13762.0,306.72,1,272,2011-05-05 09:15:00,2011-05-05 09:15:00,United Kingdom,218,306.72
13763.0,1714.96,1,728,2011-10-07 15:13:00,2011-10-07 15:13:00,United Kingdom,62,1714.96
13764.0,1519.42,3,926,2011-01-06 14:53:00,2011-09-30 12:03:00,United Kingdom,70,506.47333333333336
13767.0,17220.36,37,7322,2010-12-01 10:47:00,2011-12-07 15:00:00,United Kingdom,1,465.41513513513513
13769.0,2796.51,10,1163,2010-12-07 13:28:00,2011-12-07 15:08:00,United Kingdom,1,279.651
13771.0,2634.45,4,1477,2011-04-06 15:47:00,2011-10-06 14:18:00,United Kingdom,63,658.6125
13772.0,1122.63,3,540,2011-04-14 12:31:00,2011-11-06 11:43:00,United Kingdom,33,374.21000000000004
13774.0,345.0,1,192,2011-09-19 12:06:00,2011-09-19 12:06:00,United Kingdom,81,345.0
13777.0,25977.16,33,12897,2010-12-01 16:01:00,2011-12-09 12:25:00,United Kingdom,0,787.1866666666666
13778.0,178.7,1,70,2011-08-28 15:25:00,2011-08-28 15:25:00,United Kingdom,102,178.7
13780.0,360.01,2,318,2011-06-22 11:43:00,2011-12-02 13:49:00,United Kingdom,6,180.005
13781.0,127.84,1,30,2011-04-03 12:08:00,2011-04-03 12:08:00,United Kingdom,250,127.84
13782.0,908.86,6,369,2011-01-16 11:08:00,2011-11-27 11:54:00,United Kingdom,12,151.47666666666666
13784.0,2462.79,11,2493,2011-01-11 14:38:00,2011-11-30 09:33:00,United Kingdom,9,223.89
13786.0,230.39999999999998,1,136,2010-12-07 13:53:00,2010-12-07 13:53:00,United Kingdom,366,230.39999999999998
13787.0,309.04,2,337,2010-12-10 14:45:00,2011-09-25 12:06:00,United Kingdom,75,154.52
13790.0,348.8,1,748,2011-12-05 15:48:00,2011-12-05 15:48:00,United Kingdom,3,348.8
13791.0,1516.0,2,1200,2011-06-24 16:38:00,2011-08-04 11:44:00,United Kingdom,127,758.0
13792.0,195.55,2,92,2011-02-25 14:03:00,2011-10-04 14:31:00,United Kingdom,65,97.775
13798.0,37153.85,57,23948,2010-12-02 17:24:00,2011-12-08 15:51:00,United Kingdom,0,651.8219298245614
13799.0,688.86,2,402,2011-02-18 14:18:00,2011-08-15 12:07:00,United Kingdom,116,344.43
13800.0,558.32,1,331,2011-02-03 12:27:00,2011-02-03 12:27:00,United Kingdom,309,558.32
13801.0,324.8,1,168,2011-10-04 10:15:00,2011-10-04 10:15:00,United Kingdom,66,324.8
13802.0,4599.42,3,2572,2011-02-01 12:03:00,2011-07-24 10:54:00,United Kingdom,138,1533.14
13803.0,277.07,1,121,2011-03-29 12:57:00,2011-03-29 12:57:00,United Kingdom,254,277.07
13804.0,2588.39,7,1462,2011-02-23 09:09:00,2011-11-09 12:32:00,United Kingdom,30,369.77
13805.0,924.6,2,1900,2011-08-02 15:29:00,2011-10-18 14:50:00,United Kingdom,51,462.3
13806.0,256.38,1,56,2011-10-07 11:43:00,2011-10-07 11:43:00,United Kingdom,63,256.38
13807.0,112.6,1,36,2010-12-07 15:48:00,2010-12-07 15:48:00,United Kingdom,366,112.6
13808.0,1747.66,5,782,2011-09-04 12:07:00,2011-12-04 12:18:00,United Kingdom,5,349.53200000000004
13809.0,155.05,1,29,2011-02-07 13:15:00,2011-02-07 13:15:00,Cyprus,304,155.05
13810.0,1499.01,3,312,2011-10-14 12:57:00,2011-11-11 08:33:00,Germany,28,499.67
13811.0,814.5,3,68,2011-04-14 18:40:00,2011-06-09 09:54:00,Germany,183,271.5
13812.0,539.0,3,333,2011-08-26 12:54:00,2011-10-28 14:27:00,Germany,41,179.66666666666666
13813.0,1366.8600000000001,4,552,2011-07-28 10:33:00,2011-10-31 10:38:00,Germany,39,341.71500000000003
13814.0,1579.12,2,864,2011-07-25 13:54:00,2011-09-08 13:48:00,Germany,91,789.56
13815.0,4027.36,4,2560,2011-01-25 12:16:00,2011-11-17 14:19:00,Germany,21,1006.84
13816.0,571.6700000000001,2,269,2011-10-06 14:37:00,2011-11-16 08:38:00,Germany,23,285.83500000000004
13817.0,382.98,2,211,2010-12-23 11:46:00,2011-11-10 17:49:00,Germany,28,191.49
13819.0,1140.35,3,1109,2011-01-24 10:38:00,2011-02-11 10:38:00,United Kingdom,301,380.1166666666666
13821.0,385.64,2,153,2011-03-23 11:30:00,2011-07-18 09:49:00,United Kingdom,144,192.82
13822.0,632.0,2,611,2011-10-30 15:55:00,2011-12-04 12:13:00,United Kingdom,5,316.0
13823.0,957.66,2,439,2011-09-09 10:42:00,2011-11-21 10:22:00,United Kingdom,18,478.83
13824.0,1698.94,5,768,2011-02-02 13:07:00,2011-11-07 12:41:00,United Kingdom,32,339.788
13826.0,189.5,1,82,2011-06-16 13:48:00,2011-06-16 13:48:00,United Kingdom,175,189.5
13827.0,409.8,3,138,2011-07-19 15:38:00,2011-10-13 12:38:00,United Kingdom,57,136.6
13828.0,209.49,1,311,2011-11-17 16:02:00,2011-11-17 16:02:00,United Kingdom,21,209.49
13831.0,2198.45,6,743,2010-12-05 12:13:00,2011-11-23 15:41:00,United Kingdom,15,366.4083333333333
13832.0,52.199999999999996,1,28,2011-11-20 15:36:00,2011-11-20 15:36:00,United Kingdom,18,52.199999999999996
13833.0,383.85,1,117,2011-07-03 13:27:00,2011-07-03 13:27:00,United Kingdom,158,383.85
13835.0,834.57,4,442,2011-05-08 15:22:00,2011-11-14 15:37:00,United Kingdom,24,208.6425
13837.0,266.59000000000003,2,182,2011-01-26 12:15:00,2011-05-12 12:10:00,United Kingdom,211,133.29500000000002
13838.0,674.82,4,254,2010-12-05 10:45:00,2011-12-04 11:00:00,United Kingdom,5,168.705
13841.0,85.0,1,100,2011-04-01 12:10:00,2011-04-01 12:10:00,United Kingdom,252,85.0
13842.0,3385.62,9,1768,2010-12-08 10:39:00,2011-10-12 10:51:00,United Kingdom,58,376.18
13844.0,361.62,1,196,2011-11-28 13:21:00,2011-11-28 13:21:00,United Kingdom,10,361.62
13845.0,312.98,1,182,2011-10-06 08:25:00,2011-10-06 08:25:00,United Kingdom,64,312.98
13846.0,865.0600000000001,3,388,2010-12-14 16:07:00,2011-11-15 12:07:00,United Kingdom,24,288.35333333333335
13848.0,1255.0,3,3700,2010-12-08 15:10:00,2011-09-08 12:58:00,United Kingdom,91,418.3333333333333
13849.0,1537.95,2,1016,2011-06-22 10:11:00,2011-10-19 10:59:00,United Kingdom,51,768.975
13850.0,1595.48,1,944,2011-08-02 14:04:00,2011-08-02 14:04:00,United Kingdom,128,1595.48
13851.0,2651.46,3,1705,2011-02-24 17:18:00,2011-09-05 12:36:00,United Kingdom,95,883.82
13853.0,1090.14,1,312,2011-10-13 14:18:00,2011-10-13 14:18:00,United Kingdom,56,1090.14
13854.0,8109.5199999999995,25,2296,2010-12-09 10:48:00,2011-12-01 09:06:00,United Kingdom,8,324.38079999999997
13856.0,388.5,3,494,2011-05-20 13:13:00,2011-06-24 10:03:00,United Kingdom,168,129.5
13858.0,216.17,1,75,2011-10-13 16:17:00,2011-10-13 16:17:00,United Kingdom,56,216.17
13859.0,201.16,1,129,2011-01-17 16:14:00,2011-01-17 16:14:00,United Kingdom,325,201.16
13860.0,1245.9,5,591,2011-09-14 09:27:00,2011-12-08 12:57:00,United Kingdom,0,249.18
13862.0,2209.36,8,1688,2011-01-11 15:13:00,2011-11-21 16:24:00,United Kingdom,17,276.17
13863.0,305.78,1,224,2011-04-06 10:20:00,2011-04-06 10:20:00,United Kingdom,247,305.78
13865.0,501.56,4,204,2011-02-23 12:04:00,2011-10-12 13:31:00,United Kingdom,57,125.39
13866.0,145.67000000000002,1,57,2011-09-26 14:54:00,2011-09-26 14:54:00,United Kingdom,73,145.67000000000002
13867.0,1005.09,3,501,2011-05-05 17:28:00,2011-11-08 15:48:00,United Kingdom,30,335.03000000000003
13868.0,3192.54,2,1964,2011-11-01 12:45:00,2011-12-02 16:32:00,United Kingdom,6,1596.27
13869.0,3083.65,4,1709,2010-12-17 15:14:00,2011-08-08 13:53:00,United Kingdom,122,770.9125
13870.0,2770.94,8,1325,2011-02-25 09:09:00,2011-12-07 13:23:00,United Kingdom,1,346.3675
13871.0,6403.25,13,2806,2011-02-04 09:30:00,2011-11-17 10:49:00,United Kingdom,22,492.5576923076923
13873.0,389.6,3,140,2011-02-03 09:37:00,2011-08-12 10:08:00,United Kingdom,119,129.86666666666667
13874.0,540.45,1,180,2010-12-16 18:20:00,2010-12-16 18:20:00,United Kingdom,357,540.45
13875.0,1786.79,5,1316,2011-02-11 15:39:00,2011-10-17 09:36:00,United Kingdom,53,357.358
13876.0,122.7,1,36,2011-10-07 10:22:00,2011-10-07 10:22:00,United Kingdom,63,122.7
13877.0,117.24,1,108,2011-09-14 15:49:00,2011-09-14 15:49:00,United Kingdom,85,117.24
13878.0,1271.57,1,463,2011-10-16 12:19:00,2011-10-16 12:19:00,United Kingdom,54,1271.57
13880.0,3219.77,13,1842,2010-12-07 14:00:00,2011-11-18 13:44:00,United Kingdom,20,247.67461538461538
13881.0,17159.52,20,10118,2011-02-01 10:14:00,2011-12-06 12:50:00,United Kingdom,3,857.976
13882.0,1191.13,5,953,2011-10-06 15:28:00,2011-12-07 11:16:00,United Kingdom,2,238.22600000000003
13883.0,2674.48,5,1436,2011-03-31 17:17:00,2011-11-29 10:45:00,United Kingdom,10,534.896
13884.0,787.6,5,300,2011-03-01 13:40:00,2011-12-02 16:30:00,United Kingdom,6,157.52
13885.0,506.8,2,182,2011-05-23 08:52:00,2011-06-03 15:07:00,United Kingdom,188,253.4
13886.0,243.56,1,126,2011-09-29 13:17:00,2011-09-29 13:17:00,United Kingdom,70,243.56
13887.0,349.55,1,147,2011-05-19 17:22:00,2011-05-19 17:22:00,United Kingdom,203,349.55
13888.0,595.67,2,254,2011-05-05 14:41:00,2011-08-12 10:13:00,United Kingdom,119,297.835
13889.0,416.90000000000003,1,146,2011-09-08 09:13:00,2011-09-08 09:13:00,United Kingdom,92,416.90000000000003
13890.0,1883.8100000000002,10,831,2010-12-16 09:31:00,2011-12-08 15:36:00,United Kingdom,0,188.38100000000003
13892.0,632.97,4,983,2011-04-07 12:04:00,2011-11-13 11:50:00,United Kingdom,26,158.2425
13893.0,821.1,1,190,2011-02-15 11:30:00,2011-02-15 11:30:00,United Kingdom,297,821.1
13894.0,564.62,3,354,2011-02-02 12:54:00,2011-11-16 09:44:00,United Kingdom,23,188.20666666666668
13895.0,2593.07,4,1365,2011-06-28 10:17:00,2011-11-11 16:57:00,United Kingdom,27,648.2675
13897.0,311.16,1,200,2011-10-20 14:30:00,2011-10-20 14:30:00,United Kingdom,49,311.16
13898.0,155.93,1,133,2011-01-18 10:28:00,2011-01-18 10:28:00,United Kingdom,325,155.93
13899.0,388.52,2,156,2011-03-10 09:30:00,2011-11-23 13:40:00,United Kingdom,15,194.26
13900.0,740.95,3,430,2011-03-22 10:13:00,2011-06-09 19:26:00,United Kingdom,182,246.98333333333335
13901.0,2867.2,5,1739,2011-01-25 09:01:00,2011-09-28 14:48:00,United Kingdom,71,573.4399999999999
13904.0,332.64,2,332,2011-02-18 11:18:00,2011-11-02 13:41:00,United Kingdom,36,166.32
13908.0,2369.55,4,1478,2011-03-08 12:04:00,2011-09-21 11:49:00,United Kingdom,79,592.3875
13911.0,2580.91,9,2731,2011-02-04 14:46:00,2011-10-13 15:43:00,United Kingdom,56,286.7677777777778
13914.0,626.45,2,380,2011-11-03 16:28:00,2011-11-28 10:35:00,United Kingdom,11,313.225
13917.0,272.04,2,228,2011-06-01 12:46:00,2011-10-21 09:56:00,United Kingdom,49,136.02
13918.0,1212.8400000000001,2,1140,2011-03-31 18:05:00,2011-10-21 12:25:00,United Kingdom,49,606.4200000000001
13919.0,384.81,2,474,2011-08-10 10:15:00,2011-10-11 14:24:00,Denmark,58,192.405
13922.0,172.25,1,93,2010-12-23 10:38:00,2010-12-23 10:38:00,United Kingdom,351,172.25
13923.0,351.13,1,185,2011-10-17 12:33:00,2011-10-17 12:33:00,United Kingdom,53,351.13
13924.0,1838.8500000000001,6,1575,2011-09-28 15:07:00,2011-12-08 09:39:00,United Kingdom,1,306.475
13925.0,678.25,4,331,2011-07-28 12:09:00,2011-09-08 12:47:00,United Kingdom,92,169.5625
13926.0,223.85000000000002,1,104,2011-11-16 13:16:00,2011-11-16 13:16:00,United Kingdom,22,223.85000000000002
13927.0,348.99,1,214,2011-09-26 12:00:00,2011-09-26 12:00:00,United Kingdom,74,348.99
13928.0,464.57,4,129,2011-07-29 15:59:00,2011-11-29 10:33:00,United Kingdom,10,116.1425
13929.0,842.65,2,143,2011-01-17 15:11:00,2011-06-23 15:26:00,United Kingdom,168,421.325
13930.0,337.34,2,274,2011-07-26 11:00:00,2011-10-13 09:45:00,United Kingdom,57,168.67
13931.0,1237.53,2,725,2011-03-04 08:43:00,2011-09-05 10:12:00,United Kingdom,95,618.765
13932.0,307.4,1,72,2011-02-18 12:02:00,2011-02-18 12:02:00,United Kingdom,294,307.4
13933.0,608.7900000000001,2,205,2011-07-14 13:35:00,2011-08-22 14:03:00,United Kingdom,108,304.39500000000004
13934.0,922.1,1,390,2011-03-21 08:39:00,2011-03-21 08:39:00,United Kingdom,263,922.1
13936.0,376.58,1,330,2011-06-13 08:47:00,2011-06-13 08:47:00,United Kingdom,179,376.58
13937.0,158.85,1,123,2011-06-23 16:35:00,2011-06-23 16:35:00,United Kingdom,168,158.85
13938.0,71.66,1,70,2011-11-04 14:37:00,2011-11-04 14:37:00,United Kingdom,34,71.66
13939.0,568.55,3,847,2011-02-01 11:30:00,2011-11-16 13:33:00,United Kingdom,22,189.51666666666665
13940.0,839.14,4,516,2011-07-18 16:05:00,2011-11-22 15:15:00,United Kingdom,16,209.785
13941.0,5112.96,5,2364,2010-12-02 10:17:00,2011-11-18 09:43:00,United Kingdom,21,1022.592
13946.0,561.5699999999999,3,443,2011-03-17 10:02:00,2011-09-21 13:33:00,United Kingdom,78,187.18999999999997
13947.0,90.6,1,44,2011-10-05 14:42:00,2011-10-05 14:42:00,United Kingdom,64,90.6
13948.0,102.0,1,40,2010-12-14 10:18:00,2010-12-14 10:18:00,United Kingdom,360,102.0
13949.0,2427.32,6,2474,2011-09-06 11:55:00,2011-12-07 09:35:00,United Kingdom,2,404.55333333333334
13950.0,745.06,4,323,2011-04-07 11:29:00,2011-11-28 14:44:00,United Kingdom,10,186.265
13951.0,674.45,3,459,2011-02-18 15:21:00,2011-06-16 16:43:00,United Kingdom,175,224.8166666666667
13952.0,3251.071,2,1431,2011-04-15 09:27:00,2011-05-06 09:00:00,United Kingdom,217,1625.5355
13953.0,3515.68,7,2724,2010-12-22 10:29:00,2011-12-02 16:04:00,United Kingdom,6,502.23999999999995
13954.0,439.92,2,150,2011-09-30 10:52:00,2011-12-08 12:50:00,United Kingdom,1,219.96
13955.0,322.96,2,154,2011-02-07 12:24:00,2011-07-08 17:19:00,United Kingdom,153,161.48
13956.0,1019.27,5,486,2011-03-13 12:51:00,2011-12-04 13:20:00,United Kingdom,4,203.85399999999998
13959.0,594.04,3,355,2010-12-12 13:56:00,2011-09-21 15:06:00,United Kingdom,78,198.01333333333332
13960.0,230.22,2,142,2011-09-29 12:39:00,2011-11-18 15:27:00,United Kingdom,20,115.11
13962.0,169.55,2,87,2011-04-08 11:21:00,2011-11-18 08:47:00,United Kingdom,21,84.775
13963.0,664.54,4,460,2010-12-07 09:21:00,2011-02-04 14:43:00,United Kingdom,307,166.135
13967.0,80.7,1,42,2011-07-17 12:02:00,2011-07-17 12:02:00,United Kingdom,145,80.7
13969.0,9024.17,18,4528,2010-12-09 19:32:00,2011-12-02 15:11:00,United Kingdom,6,501.34277777777777
13971.0,2758.26,8,1844,2011-02-27 12:27:00,2011-11-21 12:06:00,United Kingdom,18,344.7825
13972.0,190.25,2,187,2011-05-22 11:34:00,2011-09-30 11:54:00,United Kingdom,70,95.125
13973.0,264.7,1,109,2011-02-25 15:21:00,2011-02-25 15:21:00,United Kingdom,286,264.7
13974.0,413.59000000000003,1,249,2011-10-21 14:41:00,2011-10-21 14:41:00,United Kingdom,48,413.59000000000003
13975.0,2461.2400000000002,6,1697,2011-03-08 12:19:00,2011-11-08 13:19:00,United Kingdom,30,410.2066666666667
13976.0,357.98,1,154,2011-05-17 09:13:00,2011-05-17 09:13:00,United Kingdom,206,357.98
13978.0,196.79000000000002,2,315,2011-10-25 15:04:00,2011-11-25 11:36:00,United Kingdom,14,98.39500000000001
13979.0,869.87,1,639,2011-09-27 13:32:00,2011-09-27 13:32:00,United Kingdom,72,869.87
13980.0,200.14,1,172,2011-10-10 13:34:00,2011-10-10 13:34:00,United Kingdom,59,200.14
13982.0,1871.81,4,1136,2010-12-09 13:57:00,2011-10-31 16:24:00,United Kingdom,38,467.9525
13983.0,2603.43,12,1183,2010-12-08 10:38:00,2011-11-10 11:06:00,United Kingdom,29,216.9525
13984.0,920.51,5,679,2010-12-08 15:58:00,2011-11-13 12:38:00,United Kingdom,26,184.102
13985.0,7060.13,15,3445,2011-03-20 13:48:00,2011-12-05 17:06:00,United Kingdom,3,470.67533333333336
13986.0,320.46,1,430,2011-11-22 15:00:00,2011-11-22 15:00:00,United Kingdom,16,320.46
13988.0,4147.96,6,3044,2011-03-30 11:48:00,2011-11-20 10:15:00,United Kingdom,19,691.3266666666667
13989.0,1266.08,2,1313,2011-04-14 15:39:00,2011-10-05 09:47:00,United Kingdom,65,633.04
13990.0,311.3,1,190,2011-05-10 15:19:00,2011-05-10 15:19:00,United Kingdom,212,311.3
13991.0,852.88,6,995,2011-07-19 12:58:00,2011-11-27 16:18:00,United Kingdom,11,142.14666666666668
13992.0,76.8,1,64,2011-11-09 15:23:00,2011-11-09 15:23:00,United Kingdom,29,76.8
13993.0,3466.36,9,900,2011-01-13 10:43:00,2011-10-28 09:06:00,United Kingdom,42,385.1511111111111
13994.0,2274.14,6,932,2011-07-14 18:28:00,2011-12-06 11:05:00,United Kingdom,3,379.0233333333333
13995.0,1393.69,5,879,2011-04-08 08:20:00,2011-11-24 14:22:00,United Kingdom,14,278.738
13999.0,3901.81,12,2243,2010-12-13 11:23:00,2011-11-29 13:40:00,United Kingdom,9,325.1508333333333
14000.0,635.66,1,710,2011-05-12 16:50:00,2011-05-12 16:50:00,United Kingdom,210,635.66
14001.0,2043.0800000000002,3,962,2010-12-01 12:58:00,2011-10-25 10:31:00,United Kingdom,45,681.0266666666668
14002.0,529.73,2,877,2011-07-06 14:59:00,2011-07-28 15:55:00,United Kingdom,133,264.865
14004.0,4582.64,7,2668,2011-02-24 09:28:00,2011-10-27 14:40:00,United Kingdom,42,654.6628571428572
14005.0,2874.72,5,2478,2011-05-08 10:33:00,2011-11-30 12:41:00,United Kingdom,9,574.944
14006.0,962.19,3,641,2011-01-31 15:11:00,2011-08-16 09:39:00,United Kingdom,115,320.73
14009.0,695.61,2,365,2011-05-18 13:00:00,2011-05-25 15:47:00,United Kingdom,197,347.805
14012.0,328.8,1,160,2011-03-07 12:26:00,2011-03-07 12:26:00,United Kingdom,277,328.8
14013.0,473.02,3,462,2011-03-09 08:59:00,2011-08-21 15:01:00,United Kingdom,109,157.67333333333332
14014.0,505.18,1,1076,2011-09-23 13:18:00,2011-09-23 13:18:00,United Kingdom,76,505.18
14015.0,917.34,1,378,2011-10-18 10:02:00,2011-10-18 10:02:00,United Kingdom,52,917.34
14016.0,4341.21,4,2125,2010-12-17 14:21:00,2011-07-01 11:29:00,EIRE,161,1085.3025
14019.0,1421.61,3,1037,2011-07-24 15:39:00,2011-10-24 10:13:00,United Kingdom,46,473.86999999999995
14020.0,642.8,2,441,2011-09-12 15:32:00,2011-11-23 09:22:00,United Kingdom,16,321.4
14021.0,631.9,3,192,2011-03-28 15:10:00,2011-07-07 15:46:00,United Kingdom,154,210.63333333333333
14022.0,440.0,1,487,2011-04-28 14:39:00,2011-04-28 14:39:00,United Kingdom,224,440.0
14023.0,584.07,2,345,2011-04-03 15:50:00,2011-12-02 13:58:00,United Kingdom,6,292.035
14024.0,327.7,2,150,2011-08-07 13:31:00,2011-08-10 11:30:00,United Kingdom,121,163.85
14027.0,104.82,1,62,2011-10-10 09:01:00,2011-10-10 09:01:00,United Kingdom,60,104.82
14029.0,467.66,2,198,2011-07-18 16:57:00,2011-10-07 14:46:00,United Kingdom,62,233.83
14030.0,2358.84,8,1478,2010-12-08 16:11:00,2011-11-21 16:48:00,United Kingdom,17,294.855
14031.0,17286.86,19,5788,2010-12-02 16:34:00,2011-12-02 17:13:00,United Kingdom,6,909.8347368421053
14032.0,2975.59,11,2032,2010-12-08 10:53:00,2011-12-07 15:23:00,United Kingdom,1,270.5081818181818
14034.0,648.89,3,420,2011-07-05 13:06:00,2011-11-17 14:02:00,United Kingdom,21,216.29666666666665
14035.0,1428.02,5,739,2011-02-15 12:48:00,2011-11-11 10:03:00,United Kingdom,28,285.604
14036.0,626.65,1,268,2011-02-28 09:26:00,2011-02-28 09:26:00,United Kingdom,284,626.65
14037.0,147.20000000000002,2,46,2010-12-10 11:39:00,2011-06-16 13:57:00,United Kingdom,175,73.60000000000001
14038.0,1560.38,3,965,2011-05-16 14:05:00,2011-09-22 13:37:00,United Kingdom,77,520.1266666666667
14039.0,152.2,1,92,2011-11-06 13:48:00,2011-11-06 13:48:00,United Kingdom,32,152.2
14040.0,3560.32,12,1544,2011-01-12 14:57:00,2011-10-30 12:42:00,United Kingdom,40,296.6933333333333
14041.0,141.41,1,94,2011-03-18 13:25:00,2011-03-18 13:25:00,United Kingdom,265,141.41
14044.0,646.42,4,304,2011-02-03 11:39:00,2011-11-13 12:05:00,United Kingdom,26,161.605
14045.0,1659.75,4,535,2010-12-01 11:32:00,2011-08-22 15:27:00,United Kingdom,108,414.9375
14046.0,154.99,1,460,2011-02-28 14:48:00,2011-02-28 14:48:00,United Kingdom,283,154.99
14047.0,1308.6100000000001,5,381,2010-12-02 10:09:00,2011-12-01 11:43:00,United Kingdom,8,261.72200000000004
14048.0,409.93,1,288,2011-02-07 14:53:00,2011-02-07 14:53:00,United Kingdom,304,409.93
14049.0,5578.72,4,3808,2011-01-26 11:27:00,2011-11-23 12:20:00,United Kingdom,16,1394.68
14050.0,746.36,2,689,2011-08-25 13:46:00,2011-11-08 10:00:00,United Kingdom,31,373.18
14051.0,15610.390000000001,23,3756,2010-12-08 12:49:00,2011-12-09 10:20:00,United Kingdom,0,678.7126086956522
14052.0,225.36,1,89,2011-11-20 12:30:00,2011-11-20 12:30:00,United Kingdom,19,225.36
14053.0,260.25,2,215,2011-07-03 12:21:00,2011-08-07 14:27:00,United Kingdom,123,130.125
14054.0,92.46,1,62,2011-10-05 15:49:00,2011-10-05 15:49:00,United Kingdom,64,92.46
14055.0,725.6400000000001,1,216,2011-08-25 15:04:00,2011-08-25 15:04:00,United Kingdom,105,725.6400000000001
14056.0,8152.71,23,4252,2011-02-28 15:19:00,2011-12-08 13:36:00,United Kingdom,0,354.46565217391304
14057.0,6211.66,17,4873,2010-12-14 12:11:00,2011-11-16 10:32:00,United Kingdom,23,365.39176470588234
14059.0,183.6,1,128,2011-03-18 10:06:00,2011-03-18 10:06:00,United Kingdom,266,183.6
14060.0,6140.42,19,5386,2010-12-02 12:11:00,2011-12-05 12:29:00,United Kingdom,4,323.18
14062.0,10464.85,12,5593,2010-12-10 15:56:00,2011-11-30 10:04:00,United Kingdom,9,872.0708333333333
14064.0,1334.34,5,1772,2011-03-10 12:59:00,2011-11-10 13:14:00,United Kingdom,28,266.868
14066.0,152.55,1,45,2011-03-18 12:21:00,2011-03-18 12:21:00,United Kingdom,266,152.55
14067.0,374.7,2,361,2011-09-04 12:00:00,2011-10-07 10:21:00,United Kingdom,63,187.35
14068.0,265.85,1,73,2011-01-23 16:02:00,2011-01-23 16:02:00,United Kingdom,319,265.85
14071.0,1437.57,8,994,2011-03-20 11:33:00,2011-12-06 12:27:00,United Kingdom,3,179.69625
14073.0,151.04,1,130,2011-11-07 15:49:00,2011-11-07 15:49:00,United Kingdom,31,151.04
14075.0,942.26,3,754,2011-03-23 16:35:00,2011-12-05 08:38:00,United Kingdom,4,314.08666666666664
14076.0,118.67,1,79,2011-08-02 15:19:00,2011-08-02 15:19:00,United Kingdom,128,118.67
14077.0,499.41999999999996,5,268,2011-03-10 15:52:00,2011-10-30 12:35:00,United Kingdom,40,99.88399999999999
14078.0,1049.37,6,310,2010-12-01 12:54:00,2011-08-30 12:16:00,United Kingdom,101,174.89499999999998
14079.0,375.1,1,301,2011-08-07 12:10:00,2011-08-07 12:10:00,United Kingdom,124,375.1
14080.0,45.599999999999994,1,48,2011-11-07 11:09:00,2011-11-07 11:09:00,United Kingdom,32,45.599999999999994
14081.0,921.62,2,592,2010-12-05 15:47:00,2011-02-10 16:17:00,United Kingdom,301,460.81
14082.0,182.25,1,110,2010-12-10 11:02:00,2010-12-10 11:02:00,United Kingdom,364,182.25
14083.0,1002.9,9,705,2010-12-03 12:24:00,2011-12-05 13:14:00,United Kingdom,3,111.43333333333334
14085.0,4421.29,18,3177,2010-12-06 12:39:00,2011-12-07 13:46:00,United Kingdom,1,245.62722222222223
14087.0,191.47,1,250,2011-12-07 12:41:00,2011-12-07 12:41:00,United Kingdom,2,191.47
14088.0,50491.81,13,12665,2011-01-21 13:07:00,2011-11-29 16:16:00,United Kingdom,9,3883.9853846153846
14089.0,158.75,1,133,2011-10-14 10:38:00,2011-10-14 10:38:00,United Kingdom,56,158.75
14090.0,76.32000000000001,1,72,2011-01-19 10:51:00,2011-01-19 10:51:00,United Kingdom,324,76.32000000000001
14092.0,4076.91,14,2066,2010-12-16 15:47:00,2011-12-02 12:13:00,United Kingdom,7,291.2078571428571
14093.0,433.86,1,391,2011-11-27 16:27:00,2011-11-27 16:27:00,United Kingdom,11,433.86
14096.0,65164.79,17,16352,2011-08-30 10:49:00,2011-12-05 17:17:00,United Kingdom,3,3833.2229411764706
14098.0,147.35,1,104,2011-11-03 10:13:00,2011-11-03 10:13:00,United Kingdom,36,147.35
14099.0,3104.17,11,2179,2010-12-20 11:14:00,2011-11-23 13:53:00,United Kingdom,15,282.1972727272727
14100.0,191.95000000000002,1,63,2011-07-25 11:01:00,2011-07-25 11:01:00,United Kingdom,137,191.95000000000002
14101.0,5976.79,6,6942,2011-01-17 13:09:00,2011-09-27 12:28:00,United Kingdom,73,996.1316666666667
14102.0,1105.8799999999999,5,769,2011-10-26 12:46:00,2011-12-04 15:38:00,United Kingdom,4,221.176
14104.0,216.20999999999998,2,72,2011-06-27 12:49:00,2011-07-08 12:50:00,United Kingdom,154,108.10499999999999
14105.0,1266.23,1,800,2011-04-14 17:58:00,2011-04-14 17:58:00,United Kingdom,238,1266.23
14107.0,2703.23,7,1793,2010-12-10 13:29:00,2011-10-19 12:12:00,United Kingdom,51,386.17571428571426
14108.0,597.91,2,381,2011-08-30 11:32:00,2011-11-09 10:41:00,United Kingdom,30,298.955
14109.0,144.2,1,88,2011-09-28 10:18:00,2011-09-28 10:18:00,United Kingdom,72,144.2
14110.0,5683.15,12,2445,2011-03-18 09:59:00,2011-12-06 12:26:00,United Kingdom,3,473.5958333333333
14111.0,692.85,4,458,2011-04-12 11:36:00,2011-11-25 13:44:00,United Kingdom,13,173.2125
14112.0,2915.15,7,1651,2011-03-09 11:28:00,2011-11-17 12:30:00,United Kingdom,22,416.45
14113.0,1840.42,4,745,2010-12-20 12:14:00,2011-12-06 12:18:00,United Kingdom,3,460.105
14114.0,386.53,2,101,2011-01-13 11:05:00,2011-03-11 09:42:00,United Kingdom,273,193.265
14116.0,1382.74,5,707,2011-08-10 12:44:00,2011-11-20 10:29:00,United Kingdom,19,276.548
14117.0,90.0,1,72,2011-07-19 09:49:00,2011-07-19 09:49:00,United Kingdom,143,90.0
14121.0,2780.15,4,2082,2011-10-11 10:39:00,2011-12-06 12:19:00,United Kingdom,3,695.0375
14124.0,419.58000000000004,1,1618,2011-09-16 13:32:00,2011-09-16 13:32:00,United Kingdom,83,419.58000000000004
14125.0,2720.63,3,1628,2011-09-22 15:40:00,2011-11-29 12:47:00,United Kingdom,10,906.8766666666667
14126.0,706.1300000000001,3,508,2011-11-29 12:21:00,2011-12-02 11:45:00,United Kingdom,7,235.3766666666667
14127.0,709.71,3,321,2011-02-02 12:26:00,2011-08-09 10:49:00,United Kingdom,122,236.57000000000002
14128.0,637.5,2,564,2011-03-29 10:49:00,2011-10-10 12:00:00,United Kingdom,60,318.75
14129.0,1123.8600000000001,5,592,2011-03-24 08:44:00,2011-12-08 11:02:00,United Kingdom,1,224.77200000000002
14130.0,480.91,1,257,2011-01-24 16:05:00,2011-01-24 16:05:00,United Kingdom,318,480.91
14132.0,3586.0299999999997,11,3368,2011-06-09 12:04:00,2011-12-07 13:35:00,United Kingdom,1,326.00272727272727
14133.0,605.64,3,348,2011-01-28 11:27:00,2011-08-02 11:34:00,United Kingdom,129,201.88
14135.0,4690.31,15,3850,2010-12-02 10:27:00,2011-12-08 11:38:00,United Kingdom,1,312.68733333333336
14138.0,965.8800000000001,2,600,2011-10-07 09:38:00,2011-12-08 12:44:00,United Kingdom,1,482.94000000000005
14139.0,415.82,1,510,2011-10-24 13:34:00,2011-10-24 13:34:00,United Kingdom,45,415.82
14140.0,935.05,2,811,2011-11-08 11:20:00,2011-12-06 09:05:00,United Kingdom,3,467.525
14141.0,915.13,4,355,2011-08-26 14:40:00,2011-12-07 09:53:00,United Kingdom,2,228.7825
14142.0,311.81,1,313,2010-12-01 16:33:00,2010-12-01 16:33:00,United Kingdom,372,311.81
14143.0,115.8,1,30,2011-07-29 09:48:00,2011-07-29 09:48:00,United Kingdom,133,115.8
14145.0,3742.2,4,756,2011-05-06 13:01:00,2011-10-24 12:10:00,United Kingdom,46,935.55
14146.0,4191.0,5,2437,2010-12-17 15:52:00,2011-12-01 10:18:00,United Kingdom,8,838.2
14147.0,483.4,2,108,2011-02-27 11:42:00,2011-09-22 18:10:00,United Kingdom,77,241.7
14148.0,157.2,1,16,2011-04-20 12:02:00,2011-04-20 12:02:00,United Kingdom,233,157.2
14149.0,446.62,1,218,2011-05-03 09:44:00,2011-05-03 09:44:00,United Kingdom,220,446.62
14150.0,658.64,2,496,2010-12-15 10:04:00,2011-11-04 10:05:00,United Kingdom,35,329.32
14152.0,621.29,2,711,2011-04-19 15:46:00,2011-09-25 12:54:00,United Kingdom,74,310.645
14154.0,1345.62,2,465,2011-04-14 15:58:00,2011-04-14 16:26:00,United Kingdom,238,672.81
14155.0,118.75,1,25,2011-03-18 14:13:00,2011-03-18 14:13:00,United Kingdom,265,118.75
14156.0,117210.08,55,57768,2010-12-03 11:48:00,2011-11-30 10:54:00,EIRE,9,2131.0923636363636
14157.0,424.89000000000004,2,271,2011-02-27 13:04:00,2011-11-20 11:32:00,United Kingdom,19,212.44500000000002
14158.0,507.66,1,781,2011-10-30 15:08:00,2011-10-30 15:08:00,United Kingdom,39,507.66
14159.0,4630.35,11,4348,2010-12-12 11:17:00,2011-11-20 12:36:00,United Kingdom,19,420.94090909090914
14161.0,1097.6200000000001,3,450,2010-12-05 13:18:00,2011-05-08 11:41:00,United Kingdom,215,365.8733333333334
14162.0,289.36,2,142,2011-02-20 12:32:00,2011-06-19 11:36:00,United Kingdom,173,144.68
14163.0,2445.91,4,893,2011-04-14 17:33:00,2011-09-13 15:18:00,United Kingdom,86,611.4775
14164.0,1631.77,2,1033,2011-09-20 12:18:00,2011-09-30 12:24:00,United Kingdom,70,815.885
14165.0,120.44,1,53,2011-03-09 12:39:00,2011-03-09 12:39:00,United Kingdom,275,120.44
14167.0,562.59,4,147,2011-01-12 15:44:00,2011-10-31 14:29:00,United Kingdom,38,140.6475
14171.0,363.79,1,167,2011-09-02 16:43:00,2011-09-02 16:43:00,United Kingdom,97,363.79
14173.0,450.84,4,150,2011-05-04 14:03:00,2011-11-29 11:54:00,United Kingdom,10,112.71
14174.0,134.46,1,94,2011-11-06 13:17:00,2011-11-06 13:17:00,United Kingdom,32,134.46
14175.0,3222.3,3,1515,2011-01-14 12:22:00,2011-10-11 11:55:00,United Kingdom,59,1074.1000000000001
14176.0,576.9000000000001,4,209,2010-12-07 11:45:00,2011-02-15 13:12:00,United Kingdom,296,144.22500000000002
14177.0,549.46,4,204,2011-06-13 11:10:00,2011-09-14 15:11:00,United Kingdom,85,137.365
14178.0,1600.26,7,1494,2011-06-10 12:51:00,2011-12-01 12:01:00,United Kingdom,8,228.60857142857142
14179.0,701.57,2,319,2011-10-18 14:00:00,2011-10-30 12:07:00,United Kingdom,40,350.785
14180.0,4748.52,25,719,2010-12-02 13:08:00,2011-11-29 10:56:00,United Kingdom,10,189.94080000000002
14184.0,452.89,1,127,2011-10-04 12:43:00,2011-10-04 12:43:00,United Kingdom,66,452.89
14185.0,197.65,1,6,2011-01-12 13:52:00,2011-01-12 13:52:00,United Kingdom,330,197.65
14188.0,2054.36,6,1162,2011-02-02 13:46:00,2011-11-09 12:45:00,United Kingdom,30,342.3933333333334
14189.0,4654.08,15,3937,2010-12-06 11:42:00,2011-12-07 15:55:00,United Kingdom,1,310.272
14191.0,4684.76,13,3662,2011-05-03 10:30:00,2011-12-08 09:23:00,United Kingdom,1,360.36615384615385
14193.0,853.39,2,445,2011-03-15 11:38:00,2011-10-03 09:34:00,United Kingdom,67,426.695
14194.0,11349.52,21,5840,2011-02-04 14:51:00,2011-12-05 10:38:00,United Kingdom,4,540.4533333333334
14195.0,1012.0,2,760,2011-04-01 16:50:00,2011-05-22 10:29:00,United Kingdom,201,506.0
14196.0,335.52,1,142,2011-08-25 10:25:00,2011-08-25 10:25:00,United Kingdom,106,335.52
14198.0,701.4,4,290,2011-04-14 14:54:00,2011-11-21 16:35:00,United Kingdom,17,175.35
14199.0,185.39999999999998,1,28,2011-05-05 13:44:00,2011-05-05 13:44:00,United Kingdom,217,185.39999999999998
14201.0,747.44,7,590,2010-12-15 13:25:00,2011-10-10 13:27:00,United Kingdom,59,106.77714285714286
14204.0,150.61,1,72,2011-12-07 13:38:00,2011-12-07 13:38:00,United Kingdom,1,150.61
14205.0,466.7,2,204,2011-03-20 15:07:00,2011-11-23 10:55:00,United Kingdom,16,233.35
14206.0,328.15999999999997,1,276,2011-04-14 16:38:00,2011-04-14 16:38:00,United Kingdom,238,328.15999999999997
14208.0,151.74,1,114,2011-09-06 12:48:00,2011-09-06 12:48:00,United Kingdom,94,151.74
14209.0,2073.43,6,691,2011-01-11 12:56:00,2011-11-29 10:18:00,United Kingdom,10,345.57166666666666
14210.0,1905.8400000000001,6,760,2010-12-03 12:43:00,2011-08-26 12:36:00,United Kingdom,105,317.64000000000004
14211.0,2241.1,9,1242,2011-02-17 15:50:00,2011-10-17 13:23:00,United Kingdom,52,249.0111111111111
14212.0,1070.48,1,1152,2011-09-11 12:45:00,2011-09-11 12:45:00,United Kingdom,89,1070.48
14214.0,1004.38,5,751,2011-03-07 12:26:00,2011-11-09 10:31:00,United Kingdom,30,200.876
14215.0,1789.72,6,1358,2010-12-06 15:34:00,2011-11-28 12:19:00,United Kingdom,11,298.2866666666667
14216.0,1839.3,4,594,2011-11-02 10:51:00,2011-12-06 14:56:00,United Kingdom,2,459.825
14217.0,2004.98,17,689,2010-12-08 13:28:00,2011-12-08 11:53:00,United Kingdom,1,117.94
14218.0,169.48000000000002,1,160,2011-10-28 10:00:00,2011-10-28 10:00:00,United Kingdom,42,169.48000000000002
14219.0,89.94,1,78,2011-12-05 16:23:00,2011-12-05 16:23:00,United Kingdom,3,89.94
14220.0,632.4,2,272,2010-12-16 18:18:00,2011-04-06 13:23:00,United Kingdom,246,316.2
14221.0,3432.8,9,2191,2011-01-04 15:33:00,2011-10-28 13:42:00,United Kingdom,41,381.4222222222222
14222.0,683.17,1,607,2011-06-15 16:42:00,2011-06-15 16:42:00,United Kingdom,176,683.17
14223.0,991.13,3,585,2011-03-20 16:02:00,2011-09-08 13:38:00,United Kingdom,91,330.37666666666667
14224.0,1009.73,4,483,2011-01-23 13:58:00,2011-08-21 13:24:00,United Kingdom,109,252.4325
14226.0,2214.79,5,1296,2011-03-15 15:36:00,2011-11-11 11:34:00,United Kingdom,28,442.95799999999997
14227.0,3350.96,10,1820,2011-02-28 12:27:00,2011-11-13 15:48:00,United Kingdom,25,335.096
14229.0,1547.2,3,610,2011-01-10 12:03:00,2011-10-19 10:04:00,United Kingdom,51,515.7333333333333
14231.0,925.71,3,409,2011-02-24 11:55:00,2011-06-09 11:05:00,United Kingdom,183,308.57
14232.0,2048.07,5,1941,2011-03-20 12:44:00,2011-10-28 11:09:00,United Kingdom,42,409.61400000000003
14233.0,1462.72,4,680,2011-01-26 12:43:00,2011-10-21 15:54:00,United Kingdom,48,365.68
14234.0,754.12,4,951,2011-10-13 13:58:00,2011-11-17 17:53:00,United Kingdom,21,188.53
14235.0,3144.86,5,1959,2011-03-24 13:23:00,2011-09-25 14:37:00,United Kingdom,74,628.972
14236.0,490.86,2,310,2010-12-02 18:49:00,2011-09-20 09:13:00,United Kingdom,80,245.43
14237.0,161.0,1,38,2010-12-01 13:20:00,2010-12-01 13:20:00,United Kingdom,372,161.0
14238.0,146.85,1,111,2011-01-17 14:40:00,2011-01-17 14:40:00,United Kingdom,325,146.85
14239.0,2380.85,11,993,2011-01-27 14:45:00,2011-10-27 14:40:00,United Kingdom,42,216.4409090909091
14240.0,890.34,2,418,2011-04-28 11:40:00,2011-11-09 13:45:00,United Kingdom,29,445.17
14241.0,213.70000000000002,1,146,2011-06-09 11:46:00,2011-06-09 11:46:00,United Kingdom,183,213.70000000000002
14242.0,280.55,2,123,2011-01-18 08:53:00,2011-04-19 11:46:00,United Kingdom,234,140.275
14243.0,2588.77,10,1221,2010-12-09 08:34:00,2011-12-01 11:12:00,United Kingdom,8,258.877
14245.0,1693.45,2,976,2011-03-21 10:41:00,2011-05-04 08:40:00,United Kingdom,219,846.725
14246.0,1474.06,3,804,2011-04-08 08:25:00,2011-08-21 11:50:00,United Kingdom,110,491.3533333333333
14247.0,136.76999999999998,1,47,2011-03-06 15:21:00,2011-03-06 15:21:00,United Kingdom,277,136.76999999999998
14248.0,302.58,1,102,2011-01-25 14:45:00,2011-01-25 14:45:00,United Kingdom,317,302.58
14250.0,1904.05,3,1200,2011-09-11 13:44:00,2011-12-02 14:30:00,United Kingdom,6,634.6833333333333
14251.0,2879.7000000000003,5,1674,2011-10-13 12:46:00,2011-12-08 08:32:00,United Kingdom,1,575.94
14256.0,969.0600000000001,2,414,2010-12-10 11:44:00,2011-03-24 13:17:00,United Kingdom,259,484.53000000000003
14257.0,3099.7200000000003,5,1682,2011-01-25 10:49:00,2011-10-06 16:54:00,United Kingdom,63,619.9440000000001
14258.0,12669.98,9,7100,2011-01-06 12:18:00,2011-11-30 15:27:00,United Kingdom,8,1407.7755555555555
14259.0,120.0,1,68,2011-07-21 10:44:00,2011-07-21 10:44:00,United Kingdom,141,120.0
14261.0,1163.45,2,406,2011-09-22 10:47:00,2011-10-20 10:04:00,United Kingdom,50,581.725
14262.0,2618.23,8,1645,2011-04-13 12:23:00,2011-12-01 14:17:00,United Kingdom,7,327.27875
14264.0,333.97,2,70,2011-04-08 12:20:00,2011-07-08 10:20:00,United Kingdom,154,166.985
14265.0,530.18,2,330,2011-07-14 09:10:00,2011-08-22 13:32:00,Unspecified,108,265.09
14267.0,1516.24,3,530,2011-03-24 11:38:00,2011-06-30 10:09:00,United Kingdom,162,505.41333333333336
14270.0,492.65000000000003,1,197,2011-01-12 09:33:00,2011-01-12 09:33:00,United Kingdom,331,492.65000000000003
14271.0,112.32,1,88,2011-04-28 12:47:00,2011-04-28 12:47:00,United Kingdom,225,112.32
14272.0,437.96,2,599,2011-03-30 13:57:00,2011-09-27 10:08:00,United Kingdom,73,218.98
14273.0,559.97,4,264,2011-04-11 13:24:00,2011-10-19 13:20:00,United Kingdom,50,139.9925
14276.0,1119.74,3,744,2011-02-23 09:38:00,2011-09-02 09:45:00,United Kingdom,98,373.24666666666667
14277.0,4188.0,3,1976,2011-05-11 13:20:00,2011-11-24 15:01:00,France,14,1396.0
14280.0,134.04,1,52,2011-05-27 10:37:00,2011-05-27 10:37:00,United Kingdom,196,134.04
14282.0,3701.44,15,2656,2010-12-07 12:21:00,2011-12-06 17:04:00,United Kingdom,2,246.76266666666666
14284.0,595.25,2,161,2011-09-14 13:04:00,2011-11-09 08:11:00,United Kingdom,30,297.625
14285.0,1910.01,4,541,2011-06-16 12:36:00,2011-11-18 14:50:00,United Kingdom,20,477.5025
14286.0,4628.75,3,4338,2011-04-11 08:16:00,2011-11-16 10:34:00,United Kingdom,23,1542.9166666666667
14287.0,176.63,3,261,2011-05-25 11:41:00,2011-12-01 13:25:00,United Kingdom,7,58.876666666666665
14288.0,426.6,1,188,2011-05-10 13:22:00,2011-05-10 13:22:00,United Kingdom,212,426.6
14289.0,911.26,6,292,2011-02-23 12:33:00,2011-12-01 11:44:00,United Kingdom,8,151.87666666666667
14290.0,2314.65,5,915,2010-12-13 10:24:00,2011-11-28 14:02:00,United Kingdom,10,462.93
14291.0,3883.25,11,2749,2011-03-09 15:20:00,2011-12-08 10:26:00,United Kingdom,1,353.02272727272725
14292.0,4871.93,9,1663,2011-03-02 08:26:00,2011-12-02 11:50:00,United Kingdom,7,541.3255555555556
14293.0,1046.56,4,709,2010-12-06 10:18:00,2011-12-06 15:17:00,United Kingdom,2,261.64
14295.0,166.20000000000002,1,84,2011-10-30 15:50:00,2011-10-30 15:50:00,United Kingdom,39,166.20000000000002
14297.0,1305.33,4,865,2011-03-10 08:31:00,2011-11-22 09:06:00,United Kingdom,17,326.3325
14298.0,51527.3,44,58343,2010-12-14 12:59:00,2011-12-01 13:12:00,United Kingdom,7,1171.075
14299.0,3965.62,9,2149,2010-12-09 10:30:00,2011-12-01 16:05:00,United Kingdom,7,440.6244444444444
14300.0,43.2,1,32,2011-11-21 08:57:00,2011-11-21 08:57:00,United Kingdom,18,43.2
14301.0,640.14,1,606,2011-08-14 15:33:00,2011-08-14 15:33:00,United Kingdom,116,640.14
14304.0,383.45,1,139,2011-05-01 11:50:00,2011-05-01 11:50:00,United Kingdom,222,383.45
14305.0,1858.96,3,1089,2011-07-27 14:14:00,2011-09-29 15:29:00,United Kingdom,70,619.6533333333333
14306.0,2093.32,2,1075,2011-09-15 10:31:00,2011-10-19 13:23:00,United Kingdom,50,1046.66
14307.0,2995.72,6,2058,2010-12-01 11:41:00,2011-09-12 09:38:00,United Kingdom,88,499.28666666666663
14309.0,2352.53,9,1633,2010-12-16 13:05:00,2011-12-01 13:33:00,United Kingdom,7,261.39222222222224
14311.0,310.26,1,146,2011-04-11 10:14:00,2011-04-11 10:14:00,United Kingdom,242,310.26
14312.0,1611.59,6,1012,2011-01-06 16:35:00,2011-10-24 09:46:00,United Kingdom,46,268.5983333333333
14314.0,120.0,1,296,2011-08-25 10:39:00,2011-08-25 10:39:00,United Kingdom,106,120.0
14315.0,2481.13,6,1021,2011-03-18 12:59:00,2011-10-26 12:06:00,United Kingdom,44,413.5216666666667
14317.0,508.58000000000004,1,255,2011-10-06 10:44:00,2011-10-06 10:44:00,United Kingdom,64,508.58000000000004
14320.0,477.79,2,325,2011-01-11 09:12:00,2011-05-17 09:24:00,United Kingdom,206,238.895
14321.0,1530.75,5,2406,2011-01-10 11:35:00,2011-11-29 09:47:00,United Kingdom,10,306.15
14323.0,605.0600000000001,2,350,2011-04-15 11:44:00,2011-08-17 11:37:00,United Kingdom,114,302.53000000000003
14326.0,183.85,1,103,2011-04-11 15:04:00,2011-04-11 15:04:00,United Kingdom,241,183.85
14327.0,311.65,1,139,2011-06-29 13:58:00,2011-06-29 13:58:00,United Kingdom,162,311.65
14329.0,4975.24,7,3087,2011-01-14 13:42:00,2011-11-22 15:50:00,United Kingdom,16,710.7485714285714
14331.0,462.65999999999997,2,252,2011-07-27 15:14:00,2011-08-07 13:17:00,United Kingdom,123,231.32999999999998
14332.0,840.21,3,463,2011-07-15 10:33:00,2011-11-17 11:54:00,United Kingdom,22,280.07
14333.0,415.2,1,58,2011-10-03 10:38:00,2011-10-03 10:38:00,United Kingdom,67,415.2
14334.0,2552.21,8,1731,2010-12-16 17:37:00,2011-11-23 10:01:00,United Kingdom,16,319.02625
14335.0,454.86,2,375,2011-09-04 13:07:00,2011-11-23 13:41:00,Germany,15,227.43
14336.0,1614.91,4,1759,2011-03-08 16:48:00,2011-11-23 11:40:00,United Kingdom,16,403.7275
14338.0,588.22,2,335,2011-05-27 13:30:00,2011-07-01 14:08:00,United Kingdom,160,294.11
14339.0,309.52,1,168,2011-04-11 11:06:00,2011-04-11 11:06:00,United Kingdom,242,309.52
14340.0,134.7,1,58,2011-05-05 09:44:00,2011-05-05 09:44:00,United Kingdom,218,134.7
14341.0,2166.98,8,1397,2011-01-25 13:55:00,2011-10-25 15:48:00,United Kingdom,44,270.8725
14342.0,668.5600000000001,4,347,2011-05-13 13:50:00,2011-11-18 13:21:00,United Kingdom,20,167.14000000000001
14344.0,889.9300000000001,8,477,2010-12-06 11:58:00,2011-08-04 13:51:00,United Kingdom,126,111.24125000000001
14345.0,108.97999999999999,1,50,2011-11-01 09:51:00,2011-11-01 09:51:00,United Kingdom,38,108.97999999999999
14346.0,1021.58,2,605,2011-02-15 13:52:00,2011-08-11 09:47:00,United Kingdom,120,510.79
14348.0,409.57,1,183,2011-03-24 16:23:00,2011-03-24 16:23:00,United Kingdom,259,409.57
14349.0,133.5,1,86,2011-11-29 15:39:00,2011-11-29 15:39:00,United Kingdom,9,133.5
14350.0,282.93,1,183,2011-03-10 14:14:00,2011-03-10 14:14:00,United Kingdom,273,282.93
14351.0,51.0,1,12,2011-06-28 11:56:00,2011-06-28 11:56:00,United Kingdom,164,51.0
14352.0,1078.96,4,538,2011-03-11 14:58:00,2011-07-05 15:41:00,United Kingdom,156,269.74
14353.0,90.6,1,64,2011-05-08 16:06:00,2011-05-08 16:06:00,United Kingdom,214,90.6
14354.0,163.62,2,210,2011-11-09 15:36:00,2011-12-04 11:32:00,United Kingdom,5,81.81
14355.0,174.4,1,92,2010-12-09 12:16:00,2010-12-09 12:16:00,United Kingdom,365,174.4
14356.0,701.23,2,277,2011-09-19 14:43:00,2011-09-21 09:18:00,United Kingdom,79,350.615
14357.0,225.12,1,147,2011-10-27 16:23:00,2011-10-27 16:23:00,United Kingdom,42,225.12
14359.0,912.18,3,371,2011-09-13 09:03:00,2011-11-20 13:17:00,United Kingdom,18,304.06
14360.0,2118.03,4,1139,2011-09-06 11:58:00,2011-11-08 09:12:00,United Kingdom,31,529.5075
14362.0,151.5,1,96,2011-11-17 15:08:00,2011-11-17 15:08:00,United Kingdom,21,151.5
14364.0,3717.35,8,1967,2011-05-12 12:56:00,2011-08-23 11:01:00,United Kingdom,108,464.66875
14367.0,9227.82,16,4426,2011-03-08 14:12:00,2011-12-01 13:19:00,United Kingdom,7,576.73875
14368.0,155.0,1,36,2011-01-24 09:52:00,2011-01-24 09:52:00,United Kingdom,319,155.0
14371.0,100.5,1,34,2011-02-17 16:35:00,2011-02-17 16:35:00,United Kingdom,294,100.5
14373.0,76.55,1,17,2010-12-16 15:40:00,2010-12-16 15:40:00,United Kingdom,357,76.55
14375.0,235.56,1,184,2011-06-07 13:44:00,2011-06-07 13:44:00,United Kingdom,184,235.56
14377.0,617.05,2,219,2011-03-22 13:38:00,2011-06-01 13:32:00,United Kingdom,190,308.525
14379.0,348.1,2,292,2011-02-17 15:03:00,2011-10-26 16:43:00,United Kingdom,43,174.05
14381.0,202.68,1,146,2011-10-18 17:10:00,2011-10-18 17:10:00,United Kingdom,51,202.68
14382.0,615.49,1,1231,2011-11-13 16:18:00,2011-11-13 16:18:00,United Kingdom,25,615.49
14383.0,1247.69,3,817,2011-06-29 10:18:00,2011-11-01 15:53:00,United Kingdom,37,415.8966666666667
14385.0,202.11,3,159,2011-11-16 11:55:00,2011-11-30 15:36:00,United Kingdom,8,67.37
14386.0,142.4,1,54,2011-02-16 09:45:00,2011-02-16 09:45:00,United Kingdom,296,142.4
14387.0,1727.6,3,795,2011-08-22 14:13:00,2011-11-07 12:29:00,United Kingdom,32,575.8666666666667
14388.0,3212.84,8,1941,2010-12-02 11:02:00,2011-11-29 13:32:00,United Kingdom,9,401.605
14389.0,1043.46,2,729,2011-06-02 12:04:00,2011-10-05 15:17:00,United Kingdom,64,521.73
14390.0,4642.57,9,2133,2010-12-02 11:57:00,2011-11-29 13:49:00,United Kingdom,9,515.8411111111111
14393.0,67.95,1,13,2011-05-05 18:16:00,2011-05-05 18:16:00,United Kingdom,217,67.95
14395.0,3479.91,9,1689,2010-12-02 18:15:00,2011-12-07 14:34:00,United Kingdom,1,386.65666666666664
14396.0,487.99,2,225,2010-12-03 15:19:00,2011-10-05 16:09:00,United Kingdom,64,243.995
14397.0,2612.96,19,1890,2011-05-10 12:25:00,2011-12-07 09:22:00,United Kingdom,2,137.52421052631578
14400.0,574.7,1,454,2011-07-13 15:50:00,2011-07-13 15:50:00,United Kingdom,148,574.7
14401.0,4051.48,13,4507,2010-12-15 09:07:00,2011-12-05 13:30:00,United Kingdom,3,311.6523076923077
14403.0,1475.81,4,519,2011-04-06 14:23:00,2011-08-01 12:57:00,United Kingdom,129,368.9525
14404.0,1449.32,6,827,2010-12-05 16:00:00,2011-11-06 12:30:00,United Kingdom,33,241.5533333333333
14406.0,156.75,1,77,2011-08-12 16:54:00,2011-08-12 16:54:00,United Kingdom,118,156.75
14407.0,2157.73,6,1415,2011-03-08 11:59:00,2011-08-24 14:02:00,United Kingdom,106,359.62166666666667
14408.0,2599.03,7,1610,2011-03-20 14:41:00,2011-11-29 11:41:00,United Kingdom,10,371.29
14409.0,2059.4500000000003,6,1230,2010-12-06 15:03:00,2011-09-29 18:18:00,United Kingdom,70,343.24166666666673
14410.0,1100.27,9,567,2011-02-07 09:36:00,2011-09-08 15:08:00,United Kingdom,91,122.25222222222222
14411.0,1063.0,1,196,2011-02-02 10:56:00,2011-02-02 10:56:00,United Kingdom,310,1063.0
14412.0,770.03,2,786,2011-09-28 08:48:00,2011-10-28 10:45:00,United Kingdom,42,385.015
14413.0,121.05,1,67,2010-12-12 13:37:00,2010-12-12 13:37:00,United Kingdom,361,121.05
14414.0,1496.98,7,2512,2010-12-16 11:11:00,2011-09-09 12:09:00,United Kingdom,91,213.8542857142857
14415.0,5855.57,13,2996,2010-12-14 13:31:00,2011-12-08 14:38:00,United Kingdom,0,450.42846153846153
14416.0,490.22,2,326,2011-10-28 15:10:00,2011-11-17 15:22:00,United Kingdom,21,245.11
14418.0,1937.25,3,1711,2011-08-23 17:18:00,2011-12-06 11:39:00,United Kingdom,3,645.75
14419.0,1051.79,6,483,2010-12-10 10:56:00,2011-11-29 11:22:00,United Kingdom,10,175.29833333333332
14420.0,387.52,1,334,2011-09-01 18:07:00,2011-09-01 18:07:00,United Kingdom,98,387.52
14421.0,813.11,2,365,2011-05-12 10:49:00,2011-10-13 13:24:00,United Kingdom,56,406.555
14422.0,4263.64,6,2906,2011-03-17 17:26:00,2011-12-09 11:26:00,United Kingdom,0,710.6066666666667
14423.0,265.2,1,120,2011-05-05 15:12:00,2011-05-05 15:12:00,United Kingdom,217,265.2
14424.0,322.08,1,48,2011-11-22 11:48:00,2011-11-22 11:48:00,United Kingdom,17,322.08
14426.0,4481.67,10,2699,2011-01-31 09:51:00,2011-11-16 12:25:00,United Kingdom,23,448.16700000000003
14427.0,363.34000000000003,2,228,2011-10-07 09:10:00,2011-10-20 14:23:00,United Kingdom,49,181.67000000000002
14428.0,1224.06,5,428,2011-01-18 16:39:00,2011-12-02 13:17:00,United Kingdom,6,244.81199999999998
14431.0,470.36,1,130,2011-02-10 10:40:00,2011-02-10 10:40:00,United Kingdom,302,470.36
14432.0,2248.5,6,2013,2011-09-11 14:09:00,2011-11-30 08:04:00,United Kingdom,9,374.75
14434.0,1372.8,6,368,2011-09-28 15:31:00,2011-11-18 08:56:00,United Kingdom,21,228.79999999999998
14436.0,89.06,1,129,2011-09-02 10:13:00,2011-09-02 10:13:00,United Kingdom,98,89.06
14437.0,63.0,1,60,2010-12-09 09:27:00,2010-12-09 09:27:00,United Kingdom,365,63.0
14438.0,131.9,1,82,2011-02-06 14:56:00,2011-02-06 14:56:00,United Kingdom,305,131.9
14439.0,2661.24,1,526,2011-01-24 11:39:00,2011-01-24 11:39:00,Greece,319,2661.24
14440.0,2357.6800000000003,5,588,2010-12-09 12:49:00,2011-12-01 15:42:00,United Kingdom,7,471.53600000000006
14441.0,1712.89,4,446,2011-03-29 12:01:00,2011-12-09 09:07:00,United Kingdom,0,428.2225
14442.0,1589.82,2,482,2011-01-27 09:33:00,2011-05-19 11:36:00,Channel Islands,204,794.91
14443.0,1420.2,4,938,2010-12-06 11:03:00,2011-10-17 10:10:00,United Kingdom,53,355.05
14446.0,1010.35,4,916,2011-04-07 12:10:00,2011-12-09 11:34:00,United Kingdom,0,252.5875
14447.0,1163.23,5,571,2011-03-04 10:49:00,2011-11-21 08:28:00,United Kingdom,18,232.64600000000002
14448.0,375.35,2,104,2010-12-10 17:26:00,2011-11-30 13:50:00,United Kingdom,8,187.675
14449.0,885.8,4,741,2010-12-02 14:09:00,2011-11-21 12:06:00,United Kingdom,18,221.45
14450.0,483.25,3,241,2011-01-23 11:53:00,2011-06-12 10:46:00,United Kingdom,180,161.08333333333334
14451.0,643.9,2,378,2011-05-29 12:35:00,2011-10-10 13:38:00,United Kingdom,59,321.95
14452.0,259.05,2,116,2011-09-07 11:32:00,2011-11-29 12:06:00,United Kingdom,10,129.525
14453.0,119.93,1,49,2011-06-02 14:15:00,2011-06-02 14:15:00,United Kingdom,189,119.93
14456.0,3017.28,9,2885,2011-07-20 13:06:00,2011-12-04 13:59:00,United Kingdom,4,335.25333333333333
14457.0,113.64,1,88,2011-02-02 09:39:00,2011-02-02 09:39:00,United Kingdom,310,113.64
14459.0,1837.92,1,760,2011-07-07 13:35:00,2011-07-07 13:35:00,United Kingdom,154,1837.92
14460.0,434.34,3,881,2011-02-02 11:55:00,2011-08-21 14:19:00,United Kingdom,109,144.78
14461.0,2103.06,3,766,2011-03-23 12:15:00,2011-07-14 17:11:00,United Kingdom,147,701.02
14462.0,1980.57,11,956,2011-01-04 12:45:00,2011-10-04 15:55:00,United Kingdom,65,180.05181818181816
14463.0,529.62,3,179,2011-05-18 14:42:00,2011-09-02 15:20:00,United Kingdom,97,176.54
14465.0,1038.44,3,398,2011-02-10 12:13:00,2011-04-07 12:38:00,United Kingdom,246,346.1466666666667
14466.0,2272.4,7,1006,2010-12-02 13:36:00,2011-11-10 14:07:00,United Kingdom,28,324.62857142857143
14467.0,596.26,4,276,2011-01-31 12:35:00,2011-11-22 12:48:00,United Kingdom,17,149.065
14470.0,461.19,2,193,2011-02-25 11:56:00,2011-11-28 10:31:00,United Kingdom,11,230.595
14472.0,1852.67,8,1135,2010-12-19 14:03:00,2011-08-28 11:01:00,United Kingdom,103,231.58375
14473.0,234.34000000000003,2,88,2011-03-02 13:56:00,2011-09-26 15:10:00,United Kingdom,73,117.17000000000002
14474.0,547.66,1,140,2011-10-24 13:26:00,2011-10-24 13:26:00,United Kingdom,45,547.66
14475.0,925.85,3,447,2011-02-08 10:12:00,2011-09-29 10:46:00,United Kingdom,71,308.6166666666667
14476.0,193.0,1,110,2011-03-27 15:39:00,2011-03-27 15:39:00,United Kingdom,256,193.0
14477.0,1309.6,4,720,2011-02-15 15:44:00,2011-11-20 11:11:00,United Kingdom,19,327.4
14479.0,316.25,2,117,2010-12-09 12:59:00,2011-03-31 09:07:00,United Kingdom,253,158.125
14480.0,279.05,1,143,2011-11-28 16:35:00,2011-11-28 16:35:00,United Kingdom,10,279.05
14481.0,636.51,2,489,2011-02-25 13:53:00,2011-06-28 10:38:00,United Kingdom,164,318.255
14482.0,2022.81,6,1627,2011-04-14 16:41:00,2011-11-21 13:14:00,United Kingdom,17,337.135
14483.0,137.1,1,97,2011-03-03 10:26:00,2011-03-03 10:26:00,United Kingdom,281,137.1
14484.0,321.92,1,210,2011-10-20 14:11:00,2011-10-20 14:11:00,United Kingdom,49,321.92
14485.0,162.8,1,70,2011-11-01 12:25:00,2011-11-01 12:25:00,United Kingdom,38,162.8
14487.0,1165.48,6,712,2010-12-06 13:22:00,2011-11-13 12:17:00,United Kingdom,26,194.24666666666667
14488.0,1064.28,1,799,2011-10-03 09:30:00,2011-10-03 09:30:00,United Kingdom,67,1064.28
14489.0,463.38,1,299,2011-05-16 14:51:00,2011-05-16 14:51:00,United Kingdom,206,463.38
14491.0,340.93,2,139,2010-12-02 12:10:00,2011-06-17 15:22:00,United Kingdom,174,170.465
14493.0,2383.2400000000002,5,1285,2011-07-07 16:59:00,2011-12-02 16:14:00,United Kingdom,6,476.648
14494.0,139.56,1,92,2011-11-14 09:21:00,2011-11-14 09:21:00,United Kingdom,25,139.56
14495.0,123.8,2,62,2011-08-10 14:13:00,2011-10-20 12:28:00,United Kingdom,50,61.9
14496.0,538.8100000000001,2,159,2010-12-01 15:35:00,2011-02-01 09:01:00,United Kingdom,311,269.40500000000003
14497.0,475.37,1,235,2011-02-03 17:01:00,2011-02-03 17:01:00,United Kingdom,308,475.37
14498.0,1957.32,5,1098,2010-12-13 11:29:00,2011-10-28 12:09:00,United Kingdom,42,391.464
14499.0,808.44,3,496,2011-03-06 11:55:00,2011-11-13 13:01:00,United Kingdom,25,269.48
14500.0,356.85,3,117,2011-06-03 10:08:00,2011-09-12 16:45:00,United Kingdom,87,118.95
14501.0,251.21,2,161,2011-01-24 10:43:00,2011-06-09 12:02:00,United Kingdom,183,125.605
14502.0,2429.83,11,1480,2011-01-30 15:52:00,2011-11-20 11:50:00,United Kingdom,19,220.89363636363635
14503.0,3543.26,6,2004,2011-06-14 10:00:00,2011-12-06 13:30:00,United Kingdom,2,590.5433333333334
14504.0,673.26,4,308,2011-03-06 14:38:00,2011-10-23 16:00:00,United Kingdom,46,168.315
14505.0,5859.43,8,2739,2010-12-12 16:14:00,2011-11-22 15:45:00,United Kingdom,16,732.42875
14506.0,1960.65,5,704,2010-12-05 14:25:00,2011-11-22 13:02:00,United Kingdom,16,392.13
14507.0,1367.88,6,594,2011-03-08 17:23:00,2011-11-16 12:21:00,United Kingdom,23,227.98000000000002
14508.0,268.05,2,129,2011-09-11 11:29:00,2011-11-17 19:48:00,United Kingdom,21,134.025
14511.0,1314.81,5,784,2011-07-29 12:13:00,2011-11-28 17:05:00,United Kingdom,10,262.962
14512.0,275.28,2,122,2011-04-21 19:05:00,2011-06-05 12:39:00,United Kingdom,187,137.64
14513.0,455.59000000000003,3,361,2011-02-24 09:36:00,2011-08-31 11:25:00,United Kingdom,100,151.86333333333334
14514.0,990.2,3,564,2011-01-12 15:22:00,2011-10-09 16:05:00,United Kingdom,60,330.06666666666666
14515.0,2076.89,6,1110,2011-05-05 12:13:00,2011-11-22 11:37:00,United Kingdom,17,346.1483333333333
14517.0,330.45,2,91,2011-07-21 11:42:00,2011-11-06 14:20:00,United Kingdom,32,165.225
14518.0,174.37,1,278,2011-10-06 14:43:00,2011-10-06 14:43:00,United Kingdom,63,174.37
14520.0,270.6,2,146,2011-02-22 09:15:00,2011-12-08 09:46:00,United Kingdom,1,135.3
14522.0,974.54,4,525,2011-05-25 16:01:00,2011-11-15 13:24:00,United Kingdom,23,243.635
14523.0,241.09,1,251,2011-08-23 13:13:00,2011-08-23 13:13:00,United Kingdom,107,241.09
14524.0,1843.83,9,669,2010-12-14 11:01:00,2011-11-08 12:29:00,United Kingdom,31,204.87
14525.0,4215.9,9,2637,2010-12-13 17:40:00,2011-11-20 11:37:00,United Kingdom,19,468.4333333333333
14527.0,8507.13,55,2088,2010-12-05 13:17:00,2011-12-07 12:19:00,United Kingdom,2,154.6750909090909
14528.0,364.21999999999997,1,278,2011-11-02 17:09:00,2011-11-02 17:09:00,United Kingdom,36,364.21999999999997
14529.0,578.61,3,325,2011-08-21 14:10:00,2011-10-10 15:27:00,United Kingdom,59,192.87
14530.0,2862.11,6,1395,2011-02-16 10:47:00,2011-11-14 10:38:00,United Kingdom,25,477.0183333333334
14532.0,932.85,4,284,2010-12-22 13:48:00,2011-04-17 13:05:00,United Kingdom,235,233.2125
14533.0,1949.72,7,4019,2010-12-22 11:07:00,2011-11-15 12:05:00,United Kingdom,24,278.5314285714286
14534.0,4397.3,18,2027,2011-01-25 12:33:00,2011-12-07 12:19:00,United Kingdom,2,244.29444444444445
14535.0,2854.84,3,1824,2011-04-05 12:50:00,2011-10-10 15:39:00,United Kingdom,59,951.6133333333333
14536.0,170.95,1,39,2011-03-25 12:21:00,2011-03-25 12:21:00,United Kingdom,259,170.95
14537.0,355.56,1,120,2011-10-13 10:54:00,2011-10-13 10:54:00,United Kingdom,57,355.56
14538.0,388.25,2,155,2011-03-28 14:57:00,2011-10-06 10:31:00,United Kingdom,64,194.125
14539.0,537.48,2,428,2011-10-26 12:03:00,2011-11-24 09:50:00,United Kingdom,15,268.74
14540.0,952.66,3,411,2011-02-03 15:02:00,2011-11-30 10:15:00,United Kingdom,9,317.55333333333334
14541.0,1453.35,8,641,2011-01-24 14:16:00,2011-10-12 10:08:00,United Kingdom,58,181.66875
14542.0,103.25,1,19,2011-06-07 08:19:00,2011-06-07 08:19:00,United Kingdom,185,103.25
14543.0,3599.73,16,675,2010-12-10 11:51:00,2011-11-11 12:45:00,United Kingdom,28,224.983125
14544.0,2004.3,2,1536,2010-12-13 12:50:00,2011-11-15 15:06:00,United Kingdom,23,1002.15
14546.0,2573.93,5,1313,2011-04-05 12:37:00,2011-12-04 13:00:00,United Kingdom,4,514.786
14547.0,3974.75,8,2639,2011-10-16 14:35:00,2011-12-06 11:06:00,United Kingdom,3,496.84375
14548.0,652.8,2,256,2011-01-26 08:38:00,2011-07-12 12:19:00,United Kingdom,150,326.4
14549.0,289.24,1,136,2011-02-01 13:47:00,2011-02-01 13:47:00,United Kingdom,310,289.24
14550.0,757.37,2,389,2011-10-26 12:14:00,2011-11-29 12:12:00,United Kingdom,10,378.685
14551.0,186.23,2,106,2011-05-19 18:21:00,2011-11-21 13:36:00,United Kingdom,17,93.115
14552.0,164.22,1,90,2011-07-11 12:49:00,2011-07-11 12:49:00,United Kingdom,151,164.22
14553.0,859.27,5,493,2011-01-04 15:40:00,2011-11-20 13:20:00,United Kingdom,18,171.85399999999998
14554.0,2279.4900000000002,4,1443,2011-10-18 13:04:00,2011-11-29 16:44:00,United Kingdom,9,569.8725000000001
14555.0,312.54,2,122,2011-02-10 17:19:00,2011-10-13 16:24:00,United Kingdom,56,156.27
14557.0,788.38,1,510,2011-09-15 15:48:00,2011-09-15 15:48:00,United Kingdom,84,788.38
14560.0,2237.77,22,1260,2010-12-17 09:22:00,2011-12-02 15:22:00,United Kingdom,6,101.71681818181818
14561.0,1080.76,3,1014,2011-06-08 13:26:00,2011-09-25 12:39:00,United Kingdom,75,360.25333333333333
14562.0,5006.77,18,1815,2011-02-08 14:45:00,2011-12-06 11:05:00,United Kingdom,3,278.1538888888889
14565.0,3099.12,4,1540,2010-12-13 13:25:00,2011-09-05 09:07:00,United Kingdom,95,774.78
14566.0,1432.0,1,800,2011-08-21 11:05:00,2011-08-21 11:05:00,Channel Islands,110,1432.0
14567.0,1530.3600000000001,2,412,2011-08-01 13:48:00,2011-10-14 10:21:00,United Kingdom,56,765.1800000000001
14569.0,227.39,1,79,2011-12-08 14:58:00,2011-12-08 14:58:00,United Kingdom,0,227.39
14570.0,218.06,2,95,2011-03-04 10:39:00,2011-03-04 10:58:00,United Kingdom,280,109.03
14572.0,2804.54,7,1420,2011-01-19 17:23:00,2011-12-06 14:40:00,United Kingdom,2,400.6485714285714
14573.0,1639.82,9,534,2010-12-02 19:59:00,2011-06-13 11:15:00,United Kingdom,179,182.20222222222222
14576.0,35.400000000000006,1,12,2010-12-02 17:51:00,2010-12-02 17:51:00,United Kingdom,371,35.400000000000006
14577.0,859.71,4,353,2010-12-12 11:26:00,2011-11-27 12:47:00,United Kingdom,12,214.9275
14578.0,168.63,1,240,2011-12-06 17:18:00,2011-12-06 17:18:00,United Kingdom,2,168.63
14581.0,138.6,1,217,2011-11-23 12:39:00,2011-11-23 12:39:00,United Kingdom,16,138.6
14582.0,114.11,1,73,2011-10-30 11:56:00,2011-10-30 11:56:00,United Kingdom,40,114.11
14583.0,986.96,5,751,2011-05-18 11:28:00,2011-12-04 12:32:00,United Kingdom,5,197.392
14584.0,1033.06,4,381,2011-05-25 17:31:00,2011-06-23 18:33:00,United Kingdom,168,258.265
14585.0,157.05,1,91,2011-10-20 14:33:00,2011-10-20 14:33:00,United Kingdom,49,157.05
14586.0,237.36,1,444,2011-03-08 10:04:00,2011-03-08 10:04:00,United Kingdom,276,237.36
14587.0,1580.29,9,749,2011-01-12 13:16:00,2011-11-21 11:34:00,United Kingdom,18,175.58777777777777
14589.0,39.75,1,5,2010-12-03 11:42:00,2010-12-03 11:42:00,United Kingdom,371,39.75
14591.0,1320.21,4,1228,2011-05-10 14:09:00,2011-11-24 13:57:00,United Kingdom,14,330.0525
14592.0,557.94,3,407,2011-10-06 18:08:00,2011-11-04 16:35:00,United Kingdom,34,185.98000000000002
14593.0,617.15,3,330,2011-05-25 11:14:00,2011-11-18 12:48:00,United Kingdom,21,205.71666666666667
14594.0,363.33,2,183,2010-12-01 13:54:00,2011-12-02 13:28:00,United Kingdom,6,181.665
14595.0,1740.6,6,978,2011-01-30 13:36:00,2011-11-20 12:12:00,United Kingdom,19,290.09999999999997
14597.0,866.24,2,566,2011-06-01 12:33:00,2011-11-28 13:13:00,United Kingdom,10,433.12
14598.0,221.97,1,189,2011-10-26 13:19:00,2011-10-26 13:19:00,United Kingdom,43,221.97
14600.0,393.33000000000004,1,125,2011-02-07 09:48:00,2011-02-07 09:48:00,United Kingdom,305,393.33000000000004
14601.0,213.96,1,168,2011-11-29 09:48:00,2011-11-29 09:48:00,United Kingdom,10,213.96
14603.0,660.0,1,400,2011-03-10 10:27:00,2011-03-10 10:27:00,United Kingdom,274,660.0
14606.0,12076.15,93,6187,2010-12-01 16:57:00,2011-12-08 19:28:00,United Kingdom,0,129.8510752688172
14607.0,16209.5,14,11526,2011-03-23 15:22:00,2011-11-24 10:35:00,United Kingdom,15,1157.8214285714287
14608.0,1785.15,4,437,2010-12-12 14:49:00,2011-12-05 16:52:00,United Kingdom,3,446.2875
14609.0,601.56,4,7026,2011-02-16 12:10:00,2011-09-28 12:54:00,United Kingdom,71,150.39
14616.0,406.08000000000004,3,104,2011-01-26 12:42:00,2011-04-11 09:54:00,United Kingdom,242,135.36
14618.0,553.44,3,264,2011-01-06 11:59:00,2011-11-30 13:45:00,United Kingdom,8,184.48000000000002
14619.0,394.44,1,152,2011-04-08 07:37:00,2011-04-08 07:37:00,United Kingdom,245,394.44
14620.0,412.78000000000003,2,214,2011-03-01 08:30:00,2011-05-18 11:58:00,United Kingdom,205,206.39000000000001
14621.0,1788.3600000000001,5,993,2010-12-16 13:00:00,2011-12-08 16:22:00,United Kingdom,0,357.672
14622.0,320.58000000000004,1,146,2011-06-08 12:42:00,2011-06-08 12:42:00,United Kingdom,184,320.58000000000004
14623.0,886.7,5,418,2011-04-18 13:54:00,2011-11-07 13:56:00,United Kingdom,31,177.34
14624.0,225.85,2,162,2011-10-11 14:39:00,2011-10-13 13:44:00,United Kingdom,56,112.925
14625.0,899.63,2,335,2010-12-13 15:36:00,2011-05-27 15:32:00,United Kingdom,195,449.815
14626.0,2791.27,4,1403,2011-04-20 13:18:00,2011-11-16 10:37:00,United Kingdom,23,697.8175
14628.0,671.96,2,272,2011-04-11 14:43:00,2011-09-09 14:58:00,United Kingdom,90,335.98
14629.0,955.26,2,378,2011-10-23 16:13:00,2011-12-05 16:55:00,United Kingdom,3,477.63
14631.0,1006.98,3,622,2011-02-14 09:31:00,2011-10-20 11:17:00,United Kingdom,50,335.66
14632.0,114.56,1,96,2011-03-22 08:49:00,2011-03-22 08:49:00,United Kingdom,262,114.56
14633.0,344.90000000000003,1,96,2011-03-18 17:07:00,2011-03-18 17:07:00,United Kingdom,265,344.90000000000003
14636.0,609.85,2,241,2011-03-16 09:52:00,2011-11-03 16:12:00,United Kingdom,35,304.925
14638.0,443.6,1,166,2011-10-20 10:10:00,2011-10-20 10:10:00,United Kingdom,50,443.6
14639.0,2984.49,6,1431,2010-12-13 13:50:00,2011-10-18 15:06:00,United Kingdom,51,497.41499999999996
14640.0,2107.38,6,880,2011-04-26 12:31:00,2011-11-15 13:07:00,United Kingdom,23,351.23
14641.0,110.46,1,90,2011-11-18 10:42:00,2011-11-18 10:42:00,United Kingdom,21,110.46
14642.0,96.12,1,76,2011-10-12 11:08:00,2011-10-12 11:08:00,United Kingdom,58,96.12
14643.0,693.8100000000001,2,815,2010-12-16 17:53:00,2011-06-22 14:41:00,United Kingdom,169,346.90500000000003
14644.0,830.76,2,258,2011-02-14 14:14:00,2011-10-03 08:30:00,United Kingdom,67,415.38
14645.0,597.09,2,381,2011-03-09 09:52:00,2011-07-06 09:15:00,United Kingdom,156,298.545
14646.0,280206.02,73,196915,2010-12-20 10:09:00,2011-12-08 12:12:00,Netherlands,1,3838.4386301369864
14647.0,236.04000000000002,1,91,2011-05-22 13:40:00,2011-05-22 13:40:00,United Kingdom,200,236.04000000000002
14649.0,1402.59,4,1004,2011-05-11 14:37:00,2011-12-05 12:30:00,United Kingdom,4,350.6475
14651.0,653.75,2,343,2011-05-12 16:29:00,2011-10-03 15:52:00,United Kingdom,66,326.875
14652.0,114.18,1,53,2011-09-23 14:21:00,2011-09-23 14:21:00,United Kingdom,76,114.18
14653.0,1926.65,7,945,2011-01-05 13:40:00,2011-12-08 13:45:00,United Kingdom,0,275.2357142857143
14655.0,1932.23,4,1089,2011-05-01 14:59:00,2011-12-01 16:28:00,United Kingdom,7,483.0575
14656.0,291.05,2,120,2011-03-01 13:19:00,2011-06-23 13:51:00,United Kingdom,168,145.525
14657.0,848.22,4,466,2011-01-17 15:19:00,2011-11-22 12:47:00,United Kingdom,17,212.055
14658.0,247.15,2,47,2011-08-14 15:42:00,2011-12-04 15:35:00,United Kingdom,4,123.575
14659.0,2529.93,9,1195,2011-01-28 12:43:00,2011-12-01 12:17:00,United Kingdom,8,281.1033333333333
14660.0,285.74,2,228,2011-08-31 10:40:00,2011-09-14 11:34:00,United Kingdom,86,142.87
14661.0,107.95,1,35,2011-11-13 11:51:00,2011-11-13 11:51:00,United Kingdom,26,107.95
14662.0,741.37,4,578,2011-01-27 17:41:00,2011-11-11 12:13:00,United Kingdom,28,185.3425
14664.0,636.24,2,465,2011-11-06 14:56:00,2011-11-20 10:59:00,United Kingdom,19,318.12
14665.0,1835.7,5,740,2011-02-02 09:08:00,2011-10-10 09:14:00,United Kingdom,60,367.14
14666.0,195.25,1,161,2011-11-15 12:57:00,2011-11-15 12:57:00,United Kingdom,23,195.25
14667.0,9175.04,25,5319,2010-12-06 13:13:00,2011-11-29 11:30:00,United Kingdom,10,367.00160000000005
14669.0,1259.24,3,770,2011-01-11 12:30:00,2011-04-12 11:43:00,United Kingdom,241,419.74666666666667
14670.0,392.86,2,326,2011-03-04 13:58:00,2011-03-04 14:13:00,United Kingdom,279,196.43
14672.0,765.55,2,454,2011-01-07 15:48:00,2011-04-19 10:19:00,United Kingdom,234,382.775
14673.0,1736.4,5,1004,2010-12-07 12:49:00,2011-12-06 14:31:00,United Kingdom,2,347.28000000000003
14675.0,596.36,1,336,2011-11-23 12:58:00,2011-11-23 12:58:00,United Kingdom,15,596.36
14676.0,2548.2400000000002,6,2500,2011-03-01 14:26:00,2011-11-08 13:29:00,United Kingdom,30,424.7066666666667
14680.0,28754.11,16,13476,2010-12-03 12:05:00,2011-11-14 16:59:00,United Kingdom,24,1797.131875
14681.0,498.95,3,76,2011-05-12 10:45:00,2011-09-29 15:52:00,United Kingdom,70,166.31666666666666
14682.0,52.0,2,80,2011-05-22 12:51:00,2011-06-05 12:12:00,United Kingdom,187,26.0
14684.0,1201.51,5,821,2010-12-12 12:44:00,2011-11-14 11:33:00,United Kingdom,25,240.302
14687.0,628.38,1,470,2011-08-25 11:59:00,2011-08-25 11:59:00,United Kingdom,106,628.38
14688.0,5579.1,21,3584,2010-12-01 09:37:00,2011-12-02 12:26:00,United Kingdom,7,265.6714285714286
14689.0,112.8,1,76,2011-05-15 11:22:00,2011-05-15 11:22:00,United Kingdom,208,112.8
14690.0,355.05,2,167,2011-07-11 11:58:00,2011-10-26 15:39:00,United Kingdom,43,177.525
14691.0,2114.33,5,707,2011-05-11 09:55:00,2011-11-09 12:30:00,United Kingdom,30,422.866
14692.0,591.55,4,265,2011-01-21 13:47:00,2011-07-25 15:08:00,United Kingdom,136,147.8875
14693.0,172.9,1,34,2011-03-20 12:50:00,2011-03-20 12:50:00,United Kingdom,264,172.9
14696.0,2078.95,7,1630,2010-12-01 15:37:00,2011-12-05 13:43:00,United Kingdom,3,296.99285714285713
14697.0,188.60999999999999,2,181,2011-05-05 15:29:00,2011-05-05 15:39:00,United Kingdom,217,94.30499999999999
14698.0,1217.27,5,602,2011-10-19 12:54:00,2011-12-08 12:26:00,United Kingdom,1,243.454
14699.0,109.13000000000001,1,77,2011-05-09 14:54:00,2011-05-09 14:54:00,United Kingdom,213,109.13000000000001
14700.0,2195.1,3,1314,2011-04-15 13:16:00,2011-11-07 14:40:00,United Kingdom,31,731.6999999999999
14701.0,2526.09,9,921,2011-01-27 12:40:00,2011-11-29 12:38:00,United Kingdom,10,280.6766666666667
14702.0,3251.79,17,1439,2010-12-09 19:23:00,2011-12-08 19:29:00,United Kingdom,0,191.28176470588235
14703.0,318.17,1,183,2011-11-25 09:23:00,2011-11-25 09:23:00,United Kingdom,14,318.17
14704.0,1493.96,9,1043,2011-06-12 13:59:00,2011-11-28 12:51:00,United Kingdom,10,165.99555555555557
14705.0,179.0,1,100,2011-05-25 12:39:00,2011-05-25 12:39:00,United Kingdom,198,179.0
14708.0,1126.37,3,621,2010-12-06 12:23:00,2011-12-07 08:21:00,United Kingdom,2,375.45666666666665
14709.0,4921.04,13,2484,2010-12-16 13:43:00,2011-11-24 15:41:00,United Kingdom,14,378.54153846153844
14710.0,599.48,4,375,2011-10-11 13:49:00,2011-11-25 14:53:00,United Kingdom,13,149.87
14711.0,2839.62,11,966,2011-03-22 13:32:00,2011-11-29 14:58:00,United Kingdom,9,258.1472727272727
14712.0,917.07,3,315,2011-08-19 13:33:00,2011-11-10 12:59:00,United Kingdom,28,305.69
14713.0,2662.2,11,1613,2010-12-09 18:58:00,2011-11-30 16:26:00,United Kingdom,8,242.0181818181818
14714.0,160.19,1,229,2011-11-15 13:07:00,2011-11-15 13:07:00,United Kingdom,23,160.19
14715.0,867.38,4,521,2011-01-12 13:27:00,2011-11-15 12:10:00,United Kingdom,24,216.845
14716.0,307.51,2,495,2011-07-14 12:42:00,2011-10-27 17:29:00,United Kingdom,42,153.755
14719.0,1581.84,5,1025,2011-04-04 14:17:00,2011-12-08 12:43:00,United Kingdom,1,316.368
14720.0,663.81,3,219,2011-08-05 12:06:00,2011-12-04 12:02:00,United Kingdom,5,221.26999999999998
14722.0,180.42000000000002,1,118,2011-07-15 14:58:00,2011-07-15 14:58:00,United Kingdom,146,180.42000000000002
14723.0,1122.3600000000001,6,673,2010-12-03 14:18:00,2011-11-29 15:23:00,United Kingdom,9,187.06000000000003
14725.0,655.58,1,588,2011-11-15 12:42:00,2011-11-15 12:42:00,United Kingdom,24,655.58
14727.0,268.58,1,62,2011-03-10 14:45:00,2011-03-10 14:45:00,United Kingdom,273,268.58
14729.0,313.49,1,197,2010-12-01 12:43:00,2010-12-01 12:43:00,United Kingdom,373,313.49
14730.0,1897.57,8,1078,2011-03-08 12:49:00,2011-12-08 14:39:00,United Kingdom,0,237.19625
14731.0,380.02,3,256,2011-05-11 13:06:00,2011-10-23 15:54:00,United Kingdom,46,126.67333333333333
14732.0,2702.4900000000002,8,1405,2011-01-04 14:40:00,2011-12-01 14:34:00,United Kingdom,7,337.81125000000003
14733.0,9585.91,12,3764,2010-12-07 11:30:00,2011-11-23 15:39:00,United Kingdom,15,798.8258333333333
14735.0,6065.69,32,2264,2010-12-16 16:05:00,2011-12-06 12:09:00,United Kingdom,3,189.5528125
14737.0,1164.55,3,345,2010-12-21 13:49:00,2011-12-06 10:16:00,United Kingdom,3,388.18333333333334
14738.0,1314.45,7,601,2011-01-27 14:10:00,2011-10-28 08:56:00,United Kingdom,42,187.77857142857144
14739.0,3902.28,7,3820,2010-12-07 14:58:00,2011-12-05 16:54:00,United Kingdom,3,557.4685714285714
14740.0,1448.21,3,735,2011-03-01 08:35:00,2011-05-26 18:17:00,United Kingdom,196,482.7366666666667
14741.0,1400.34,6,841,2010-12-02 08:43:00,2011-11-28 08:48:00,United Kingdom,11,233.39
14744.0,1099.98,7,627,2010-12-08 10:21:00,2011-11-23 12:51:00,United Kingdom,15,157.14000000000001
14745.0,1220.26,5,1038,2011-02-27 15:25:00,2011-08-19 10:05:00,United Kingdom,112,244.052
14747.0,328.2,1,84,2011-04-04 14:09:00,2011-04-04 14:09:00,United Kingdom,248,328.2
14748.0,1415.75,5,1223,2010-12-06 10:19:00,2011-11-10 18:33:00,United Kingdom,28,283.15
14752.0,389.64,1,260,2011-10-27 11:55:00,2011-10-27 11:55:00,United Kingdom,43,389.64
14753.0,563.15,1,211,2011-09-13 14:50:00,2011-09-13 14:50:00,United Kingdom,86,563.15
14754.0,638.05,2,486,2011-02-17 12:21:00,2011-10-26 12:01:00,United Kingdom,44,319.025
14755.0,5010.28,11,2219,2011-01-09 14:02:00,2011-11-30 11:24:00,United Kingdom,9,455.47999999999996
14756.0,738.96,1,416,2011-11-24 18:13:00,2011-11-24 18:13:00,United Kingdom,14,738.96
14757.0,420.5,1,160,2011-09-25 14:36:00,2011-09-25 14:36:00,United Kingdom,74,420.5
14758.0,1484.06,4,419,2011-03-25 12:10:00,2011-07-18 08:21:00,United Kingdom,144,371.015
14759.0,1625.97,3,569,2011-04-21 10:55:00,2011-12-05 12:03:00,United Kingdom,4,541.99
14760.0,89.2,1,40,2011-02-15 16:27:00,2011-02-15 16:27:00,United Kingdom,296,89.2
14761.0,255.9,2,118,2011-01-09 12:03:00,2011-10-12 12:10:00,United Kingdom,58,127.95
14762.0,300.52,1,341,2011-03-21 08:20:00,2011-03-21 08:20:00,United Kingdom,263,300.52
14764.0,278.3,1,190,2011-10-24 11:54:00,2011-10-24 11:54:00,United Kingdom,46,278.3
14765.0,254.11,3,135,2011-06-16 19:49:00,2011-11-10 19:53:00,United Kingdom,28,84.70333333333333
14766.0,2473.37,6,1349,2010-12-08 15:33:00,2011-12-01 16:05:00,United Kingdom,7,412.2283333333333
14768.0,192.60000000000002,2,52,2011-08-04 13:25:00,2011-11-22 12:54:00,United Kingdom,16,96.30000000000001
14769.0,10416.98,8,7239,2010-12-17 11:40:00,2011-12-07 10:24:00,United Kingdom,2,1302.1225
14770.0,876.42,2,490,2011-01-20 15:00:00,2011-04-21 14:21:00,United Kingdom,231,438.21
14772.0,139.26,1,82,2011-08-19 15:04:00,2011-08-19 15:04:00,United Kingdom,111,139.26
14775.0,1011.9,3,1174,2010-12-02 16:38:00,2011-10-12 15:27:00,United Kingdom,57,337.3
14776.0,2538.3,11,3134,2011-01-31 13:17:00,2011-10-19 15:34:00,United Kingdom,50,230.75454545454548
14778.0,730.86,2,306,2011-02-04 11:43:00,2011-08-04 15:23:00,United Kingdom,126,365.43
14779.0,386.15,3,84,2011-01-20 12:04:00,2011-03-04 12:42:00,United Kingdom,280,128.71666666666667
14780.0,447.68,2,310,2011-09-21 15:15:00,2011-10-16 12:46:00,United Kingdom,54,223.84
14782.0,200.10000000000002,1,114,2011-01-24 11:12:00,2011-01-24 11:12:00,United Kingdom,319,200.10000000000002
14784.0,289.99,2,237,2011-01-20 09:25:00,2011-11-13 13:30:00,United Kingdom,25,144.995
14785.0,77.4,2,84,2011-11-24 13:40:00,2011-11-29 13:21:00,United Kingdom,9,38.7
14788.0,679.4399999999999,2,421,2011-11-13 15:52:00,2011-12-02 17:06:00,United Kingdom,6,339.71999999999997
14789.0,197.64,1,116,2011-11-11 08:59:00,2011-11-11 08:59:00,United Kingdom,28,197.64
14790.0,745.06,4,699,2011-03-31 11:49:00,2011-11-23 09:28:00,United Kingdom,16,186.265
14792.0,6.2,1,2,2011-10-07 09:19:00,2011-10-07 09:19:00,United Kingdom,63,6.2
14793.0,228.99,1,91,2011-11-18 14:50:00,2011-11-18 14:50:00,United Kingdom,20,228.99
14794.0,1319.91,7,673,2011-01-09 16:11:00,2011-12-07 10:11:00,United Kingdom,2,188.55857142857144
14795.0,131.45000000000002,1,17,2011-06-26 13:04:00,2011-06-26 13:04:00,United Kingdom,165,131.45000000000002
14796.0,7975.49,17,5995,2010-12-08 10:40:00,2011-12-08 15:31:00,United Kingdom,0,469.1464705882353
14798.0,173.74,3,150,2011-02-02 15:26:00,2011-10-18 10:58:00,United Kingdom,52,57.913333333333334
14799.0,157.7,1,146,2011-10-19 16:16:00,2011-10-19 16:16:00,United Kingdom,50,157.7
14800.0,4331.79,12,3644,2010-12-05 11:10:00,2011-10-23 12:46:00,United Kingdom,47,360.9825
14801.0,189.34,1,173,2011-10-09 15:24:00,2011-10-09 15:24:00,United Kingdom,60,189.34
14803.0,845.55,3,370,2011-02-20 13:21:00,2011-06-30 13:58:00,United Kingdom,161,281.84999999999997
14804.0,353.27,1,121,2011-12-01 11:20:00,2011-12-01 11:20:00,United Kingdom,8,353.27
14805.0,546.4,4,114,2011-01-30 10:43:00,2011-11-24 16:20:00,United Kingdom,14,136.6
14806.0,193.39000000000001,1,330,2011-09-25 15:32:00,2011-09-25 15:32:00,United Kingdom,74,193.39000000000001
14808.0,2718.6,8,2120,2011-06-20 12:53:00,2011-10-31 12:21:00,United Kingdom,39,339.825
14810.0,2085.33,11,1015,2010-12-05 12:08:00,2011-10-30 11:19:00,United Kingdom,40,189.57545454545453
14813.0,152.88,2,66,2010-12-05 11:54:00,2010-12-05 11:57:00,United Kingdom,369,76.44
14815.0,778.5,2,744,2011-10-03 11:36:00,2011-11-03 11:36:00,United Kingdom,36,389.25
14816.0,271.85,1,5,2011-05-26 13:16:00,2011-05-26 13:16:00,United Kingdom,196,271.85
14817.0,1110.34,2,655,2011-03-07 13:51:00,2011-05-23 13:35:00,United Kingdom,199,555.17
14818.0,657.8,3,324,2011-03-31 12:28:00,2011-09-27 11:01:00,United Kingdom,73,219.26666666666665
14819.0,272.07,2,109,2011-05-31 13:50:00,2011-10-06 13:41:00,United Kingdom,63,136.035
14820.0,507.29,4,253,2011-06-19 14:56:00,2011-11-18 15:41:00,United Kingdom,20,126.8225
14821.0,48.800000000000004,1,20,2010-12-08 08:43:00,2010-12-08 08:43:00,United Kingdom,366,48.800000000000004
14823.0,321.43,3,88,2011-05-29 12:48:00,2011-06-12 13:12:00,United Kingdom,179,107.14333333333333
14824.0,1127.71,4,525,2011-09-09 14:12:00,2011-11-29 14:20:00,United Kingdom,9,281.9275
14825.0,2221.01,12,989,2010-12-06 12:30:00,2011-12-06 11:38:00,United Kingdom,3,185.08416666666668
14828.0,2139.76,3,2172,2011-01-07 09:50:00,2011-05-27 10:16:00,United Kingdom,196,713.2533333333334
14829.0,697.55,4,452,2010-12-02 16:12:00,2011-11-10 16:16:00,United Kingdom,28,174.3875
14830.0,188.88,1,164,2011-10-17 14:29:00,2011-10-17 14:29:00,United Kingdom,52,188.88
14834.0,1720.3,6,734,2011-04-13 15:00:00,2011-11-22 10:30:00,United Kingdom,17,286.71666666666664
14836.0,102.44999999999999,3,45,2011-11-09 13:26:00,2011-11-29 16:45:00,United Kingdom,9,34.15
14837.0,1649.5,4,1436,2011-05-22 12:49:00,2011-09-11 10:58:00,United Kingdom,89,412.375
14840.0,62.85,1,31,2011-03-17 12:00:00,2011-03-17 12:00:00,United Kingdom,267,62.85
14841.0,3295.76,6,1778,2010-12-16 10:28:00,2011-10-17 15:03:00,United Kingdom,52,549.2933333333334
14842.0,2824.69,4,1166,2011-02-04 15:32:00,2011-10-27 12:37:00,United Kingdom,43,706.1725
14844.0,3189.81,4,1833,2011-04-12 13:10:00,2011-10-07 10:41:00,United Kingdom,63,797.4525
14847.0,309.4,1,120,2011-07-14 10:52:00,2011-07-14 10:52:00,United Kingdom,148,309.4
14849.0,7930.54,25,5694,2010-12-01 12:22:00,2011-11-18 10:58:00,United Kingdom,21,317.2216
14850.0,325.75,1,293,2011-02-01 11:21:00,2011-02-01 11:21:00,United Kingdom,311,325.75
14851.0,511.35,2,325,2011-03-28 14:59:00,2011-11-16 14:20:00,United Kingdom,22,255.675
14852.0,2836.69,6,1747,2011-04-01 13:22:00,2011-10-12 13:20:00,United Kingdom,57,472.7816666666667
14853.0,475.8,2,82,2011-05-12 15:17:00,2011-11-15 16:56:00,United Kingdom,23,237.9
14854.0,2740.03,7,1820,2011-03-10 12:22:00,2011-09-22 17:00:00,United Kingdom,77,391.4328571428572
14855.0,645.65,2,267,2011-07-28 12:06:00,2011-08-12 14:02:00,United Kingdom,118,322.825
14856.0,1290.53,3,711,2011-10-14 09:35:00,2011-11-03 14:53:00,United Kingdom,35,430.1766666666667
14857.0,1173.12,2,464,2011-07-14 15:03:00,2011-10-11 09:23:00,United Kingdom,59,586.56
14859.0,1353.74,4,671,2011-05-19 14:42:00,2011-11-27 11:18:00,United Kingdom,12,338.435
14860.0,170.32,1,232,2011-11-20 14:17:00,2011-11-20 14:17:00,United Kingdom,18,170.32
14861.0,125.79,1,117,2011-10-18 12:54:00,2011-10-18 12:54:00,United Kingdom,51,125.79
14862.0,841.1999999999999,2,772,2011-07-14 11:20:00,2011-11-14 10:01:00,United Kingdom,25,420.59999999999997
14863.0,266.76,1,132,2011-11-10 15:04:00,2011-11-10 15:04:00,United Kingdom,28,266.76
14865.0,52.2,2,108,2010-12-02 18:23:00,2011-12-02 16:25:00,United Kingdom,6,26.1
14866.0,14389.9,12,6752,2010-12-08 14:58:00,2011-11-29 11:45:00,United Kingdom,10,1199.1583333333333
14867.0,710.28,3,328,2011-01-07 16:34:00,2011-06-07 11:39:00,United Kingdom,185,236.76
14868.0,2953.59,8,1405,2011-04-20 13:36:00,2011-12-06 14:49:00,United Kingdom,2,369.19875
14869.0,721.45,2,549,2011-08-28 16:09:00,2011-12-01 12:36:00,United Kingdom,8,360.725
14870.0,327.25,1,119,2011-03-23 10:51:00,2011-03-23 10:51:00,United Kingdom,261,327.25
14871.0,501.28000000000003,4,179,2010-12-14 12:18:00,2011-12-06 13:42:00,United Kingdom,2,125.32000000000001
14873.0,519.68,1,168,2011-05-13 13:52:00,2011-05-13 13:52:00,United Kingdom,209,519.68
14875.0,1465.3200000000002,2,558,2011-03-22 11:53:00,2011-08-24 12:20:00,United Kingdom,107,732.6600000000001
14878.0,1476.09,9,799,2010-12-16 12:11:00,2011-11-27 11:15:00,United Kingdom,12,164.01
14880.0,690.59,3,365,2011-02-24 12:27:00,2011-09-23 13:42:00,United Kingdom,76,230.1966666666667
14881.0,255.4,1,316,2011-11-20 11:06:00,2011-11-20 11:06:00,United Kingdom,19,255.4
14882.0,589.7,2,158,2011-11-06 10:15:00,2011-11-13 12:47:00,United Kingdom,26,294.85
14883.0,761.59,6,790,2011-05-12 09:49:00,2011-11-21 10:23:00,United Kingdom,18,126.93166666666667
14885.0,765.3199999999999,1,724,2011-07-31 12:05:00,2011-07-31 12:05:00,United Kingdom,131,765.3199999999999
14886.0,364.8,1,160,2011-04-01 08:56:00,2011-04-01 08:56:00,United Kingdom,252,364.8
14887.0,1862.0,1,1100,2011-09-21 15:32:00,2011-09-21 15:32:00,United Kingdom,78,1862.0
14888.0,369.2,1,184,2011-05-16 14:58:00,2011-05-16 14:58:00,United Kingdom,206,369.2
14889.0,135.9,1,90,2011-01-07 15:19:00,2011-01-07 15:19:00,United Kingdom,335,135.9
14890.0,125.65,1,51,2011-03-31 11:57:00,2011-03-31 11:57:00,United Kingdom,253,125.65
14891.0,554.38,2,505,2011-06-05 10:58:00,2011-07-14 18:08:00,United Kingdom,147,277.19
14893.0,1237.8500000000001,2,799,2011-11-28 10:49:00,2011-11-30 12:31:00,United Kingdom,9,618.9250000000001
14894.0,655.75,1,265,2011-09-15 13:51:00,2011-09-15 13:51:00,United Kingdom,84,655.75
14895.0,11138.710000000001,20,4851,2011-02-22 13:08:00,2011-12-02 09:23:00,United Kingdom,7,556.9355
14896.0,468.77000000000004,2,279,2010-12-09 12:24:00,2011-05-19 10:20:00,United Kingdom,204,234.38500000000002
14897.0,1366.38,4,468,2011-02-16 08:37:00,2011-12-02 10:32:00,United Kingdom,7,341.595
14898.0,1269.31,6,1001,2010-12-03 15:25:00,2011-11-16 14:54:00,United Kingdom,22,211.55166666666665
14901.0,1421.29,9,661,2010-12-02 11:20:00,2011-11-28 17:09:00,United Kingdom,10,157.92111111111112
14902.0,332.66,1,218,2011-11-14 10:34:00,2011-11-14 10:34:00,United Kingdom,25,332.66
14903.0,2795.33,5,1531,2011-03-06 11:50:00,2011-11-18 16:07:00,United Kingdom,20,559.066
14904.0,1025.44,2,1985,2011-11-14 09:13:00,2011-12-07 12:55:00,United Kingdom,1,512.72
14905.0,616.15,2,287,2011-04-20 10:48:00,2011-07-05 12:41:00,United Kingdom,157,308.075
14907.0,3501.1,7,1691,2010-12-07 10:14:00,2011-12-06 14:14:00,United Kingdom,2,500.15714285714284
14908.0,277.8,1,132,2011-09-26 12:56:00,2011-09-26 12:56:00,United Kingdom,73,277.8
14910.0,434.35,4,238,2011-10-16 11:06:00,2011-12-07 10:06:00,United Kingdom,2,108.5875
14911.0,143711.17,201,80240,2010-12-01 14:05:00,2011-12-08 15:54:00,EIRE,0,714.980945273632
14912.0,867.85,2,971,2011-04-07 11:06:00,2011-11-23 09:20:00,Italy,16,433.925
14913.0,1227.43,4,1743,2010-12-15 14:35:00,2011-11-04 08:29:00,United Kingdom,35,306.8575
14915.0,307.48,2,112,2011-03-07 09:39:00,2011-09-09 13:34:00,United Kingdom,90,153.74
14916.0,1268.98,4,1136,2011-01-19 15:30:00,2011-09-30 09:20:00,United Kingdom,70,317.245
14918.0,1610.15,2,675,2011-07-08 12:50:00,2011-08-16 11:50:00,United Kingdom,115,805.075
14920.0,977.77,2,509,2011-05-11 10:31:00,2011-05-11 10:32:00,United Kingdom,212,488.885
14921.0,1316.07,2,953,2011-05-22 12:51:00,2011-11-09 13:17:00,United Kingdom,29,658.035
14923.0,749.1,1,418,2011-10-20 11:51:00,2011-10-20 11:51:00,United Kingdom,50,749.1
14924.0,310.05,1,64,2011-04-08 09:25:00,2011-04-08 09:25:00,United Kingdom,245,310.05
14929.0,223.88,1,136,2011-11-07 17:21:00,2011-11-07 17:21:00,United Kingdom,31,223.88
14930.0,2362.96,3,1160,2011-03-10 14:42:00,2011-08-23 10:31:00,Channel Islands,108,787.6533333333333
14931.0,1257.68,5,417,2011-04-13 09:32:00,2011-12-05 10:19:00,Channel Islands,4,251.536
14932.0,363.53,1,80,2010-12-09 11:48:00,2010-12-09 11:48:00,Channel Islands,365,363.53
14934.0,1890.94,2,1042,2011-03-02 11:48:00,2011-09-19 10:10:00,Channel Islands,81,945.47
14935.0,1784.71,1,935,2011-02-15 14:44:00,2011-02-15 14:44:00,Channel Islands,296,1784.71
14936.0,8137.02,8,4085,2011-03-09 11:53:00,2011-11-06 10:30:00,Channel Islands,33,1017.1275
14937.0,1621.88,3,484,2011-08-01 14:16:00,2011-10-14 12:29:00,Channel Islands,56,540.6266666666667
14944.0,5900.25,12,2815,2011-02-16 12:47:00,2011-11-10 09:10:00,United Kingdom,29,491.6875
14946.0,100.9,1,22,2011-11-25 13:33:00,2011-11-25 13:33:00,United Kingdom,13,100.9
14947.0,290.82,2,179,2011-08-01 09:31:00,2011-09-28 15:48:00,United Kingdom,71,145.41
14948.0,1101.97,6,673,2011-05-04 14:52:00,2011-11-16 17:16:00,United Kingdom,22,183.66166666666666
14950.0,371.2,1,136,2011-11-20 13:48:00,2011-11-20 13:48:00,United Kingdom,18,371.2
14951.0,311.69,1,311,2011-09-21 15:15:00,2011-09-21 15:15:00,United Kingdom,78,311.69
14952.0,8099.49,11,3355,2010-12-10 12:48:00,2011-10-11 10:33:00,United Kingdom,59,736.3172727272727
14953.0,285.67,1,224,2011-11-14 14:59:00,2011-11-14 14:59:00,United Kingdom,24,285.67
14954.0,294.85,1,117,2011-11-27 14:30:00,2011-11-27 14:30:00,United Kingdom,11,294.85
14957.0,58.49,1,34,2011-03-31 17:59:00,2011-03-31 17:59:00,United Kingdom,252,58.49
14958.0,483.72999999999996,3,128,2011-04-08 11:28:00,2011-07-15 14:20:00,United Kingdom,146,161.2433333333333
14959.0,695.42,4,494,2011-02-16 13:00:00,2011-10-06 18:23:00,United Kingdom,63,173.855
14960.0,221.27,2,221,2011-06-21 13:38:00,2011-12-01 12:54:00,United Kingdom,7,110.635
14961.0,7044.68,9,3708,2010-12-14 11:38:00,2011-11-29 09:42:00,United Kingdom,10,782.7422222222223
14962.0,126.7,1,44,2011-03-14 09:42:00,2011-03-14 09:42:00,United Kingdom,270,126.7
14963.0,1472.34,5,1159,2011-06-09 12:30:00,2011-11-30 12:16:00,United Kingdom,9,294.46799999999996
14964.0,206.21,1,143,2011-04-06 14:13:00,2011-04-06 14:13:00,United Kingdom,246,206.21
14965.0,596.09,2,363,2011-09-04 13:15:00,2011-09-04 13:20:00,United Kingdom,95,298.045
14966.0,183.02,1,179,2011-11-25 12:20:00,2011-11-25 12:20:00,United Kingdom,14,183.02
14967.0,463.8,1,140,2011-10-21 11:06:00,2011-10-21 11:06:00,United Kingdom,49,463.8
14968.0,147.59,1,127,2011-11-09 13:58:00,2011-11-09 13:58:00,United Kingdom,29,147.59
14970.0,1592.06,4,250,2011-01-27 12:23:00,2011-10-02 13:44:00,United Kingdom,67,398.015
14971.0,1097.98,3,639,2011-10-27 13:33:00,2011-11-04 17:07:00,United Kingdom,34,365.99333333333334
14972.0,114.77,1,28,2011-08-03 14:54:00,2011-08-03 14:54:00,United Kingdom,127,114.77
14973.0,1314.45,3,369,2011-04-28 12:22:00,2011-08-24 15:51:00,United Kingdom,106,438.15000000000003
14974.0,89.94,1,37,2011-11-02 13:01:00,2011-11-02 13:01:00,United Kingdom,36,89.94
14975.0,279.94,1,380,2011-10-13 14:08:00,2011-10-13 14:08:00,United Kingdom,56,279.94
14976.0,790.86,7,234,2011-01-17 11:09:00,2011-10-13 16:37:00,United Kingdom,56,112.98
14978.0,1921.3700000000001,5,523,2011-01-13 12:03:00,2011-09-28 13:07:00,United Kingdom,71,384.274
14981.0,102.12,1,97,2011-04-07 13:45:00,2011-04-07 13:45:00,United Kingdom,245,102.12
14984.0,202.37,2,58,2011-06-12 11:04:00,2011-11-20 14:28:00,United Kingdom,18,101.185
14985.0,292.01,2,256,2010-12-16 19:51:00,2011-05-25 14:29:00,United Kingdom,197,146.005
14987.0,326.4,2,128,2010-12-09 12:13:00,2011-11-24 09:59:00,United Kingdom,15,163.2
14988.0,334.54,1,141,2011-05-12 12:05:00,2011-05-12 12:05:00,United Kingdom,211,334.54
14995.0,231.98000000000002,2,102,2011-03-04 13:14:00,2011-11-01 11:39:00,United Kingdom,38,115.99000000000001
14997.0,546.1999999999999,3,1120,2011-06-14 16:52:00,2011-10-24 13:28:00,United Kingdom,45,182.06666666666663
14998.0,414.87,2,258,2011-04-12 16:28:00,2011-06-22 17:30:00,United Kingdom,169,207.435
15000.0,490.52,1,218,2011-10-23 11:42:00,2011-10-23 11:42:00,United Kingdom,47,490.52
15002.0,1641.76,4,862,2010-12-07 13:16:00,2011-08-16 10:44:00,United Kingdom,115,410.44
15004.0,1220.77,1,623,2011-07-15 14:05:00,2011-07-15 14:05:00,United Kingdom,146,1220.77
15005.0,6295.37,28,4230,2010-12-08 14:36:00,2011-11-24 12:25:00,United Kingdom,15,224.83464285714285
15006.0,480.38,1,286,2011-10-19 15:08:00,2011-10-19 15:08:00,United Kingdom,50,480.38
15007.0,156.91,1,69,2011-07-03 16:00:00,2011-07-03 16:00:00,United Kingdom,158,156.91
15009.0,1259.43,3,639,2011-11-14 17:40:00,2011-11-27 13:35:00,United Kingdom,11,419.81
15010.0,308.94,1,184,2011-11-04 12:42:00,2011-11-04 12:42:00,United Kingdom,35,308.94
15012.0,405.04,2,225,2010-12-01 12:49:00,2011-10-17 12:22:00,United Kingdom,53,202.52
15014.0,257.67,2,149,2011-06-16 19:40:00,2011-10-27 20:07:00,United Kingdom,42,128.835
15016.0,170.04,1,76,2011-06-20 12:06:00,2011-06-20 12:06:00,United Kingdom,172,170.04
15017.0,125.58,1,63,2011-11-06 10:33:00,2011-11-06 10:33:00,United Kingdom,33,125.58
15018.0,496.21000000000004,3,189,2010-12-07 10:47:00,2011-11-01 12:47:00,United Kingdom,38,165.40333333333334
15019.0,252.81,1,150,2011-03-18 12:35:00,2011-03-18 12:35:00,United Kingdom,266,252.81
15021.0,1871.77,9,819,2010-12-08 12:17:00,2011-12-01 11:53:00,United Kingdom,8,207.97444444444443
15022.0,852.39,4,527,2011-10-23 15:47:00,2011-11-28 12:35:00,United Kingdom,11,213.0975
15023.0,6720.41,11,2827,2010-12-05 13:49:00,2011-12-06 17:23:00,United Kingdom,2,610.9463636363636
15024.0,1636.43,10,902,2010-12-07 13:20:00,2011-11-30 12:06:00,United Kingdom,9,163.643
15025.0,361.96,1,184,2011-11-06 15:20:00,2011-11-06 15:20:00,United Kingdom,32,361.96
15026.0,469.0,3,285,2011-03-07 13:45:00,2011-09-20 13:52:00,United Kingdom,79,156.33333333333334
15027.0,1066.1499999999999,4,565,2011-04-15 14:14:00,2011-11-09 10:16:00,United Kingdom,30,266.53749999999997
15028.0,627.13,4,459,2010-12-06 12:47:00,2011-12-01 14:06:00,United Kingdom,7,156.7825
15030.0,518.28,2,372,2011-03-16 15:34:00,2011-09-29 10:50:00,United Kingdom,71,259.14
15031.0,653.19,4,400,2011-03-02 14:46:00,2011-12-05 14:19:00,United Kingdom,3,163.2975
15032.0,4959.1,3,2968,2010-12-08 12:57:00,2011-03-28 15:03:00,United Kingdom,255,1653.0333333333335
15033.0,2557.18,10,1672,2011-01-14 13:28:00,2011-12-05 12:40:00,United Kingdom,4,255.718
15034.0,4274.16,8,2413,2010-12-21 09:47:00,2011-11-24 12:11:00,United Kingdom,15,534.27
15035.0,252.73000000000002,1,245,2011-09-11 11:08:00,2011-09-11 11:08:00,United Kingdom,89,252.73000000000002
15036.0,429.56,3,316,2011-06-13 12:19:00,2011-09-28 15:42:00,United Kingdom,71,143.18666666666667
15038.0,685.74,6,212,2010-12-05 10:54:00,2011-10-12 11:33:00,United Kingdom,58,114.29
15039.0,19766.59,47,9131,2010-12-06 11:26:00,2011-11-30 11:31:00,United Kingdom,9,420.5657446808511
15041.0,179.93,1,103,2011-06-22 16:16:00,2011-06-22 16:16:00,United Kingdom,169,179.93
15042.0,135.93,1,30,2011-05-24 16:25:00,2011-05-24 16:25:00,United Kingdom,198,135.93
15043.0,537.0,1,300,2011-11-08 14:26:00,2011-11-08 14:26:00,United Kingdom,30,537.0
15044.0,7634.7300000000005,17,2785,2010-12-12 14:27:00,2011-11-20 13:20:00,United Kingdom,18,449.1017647058824
15045.0,735.66,2,114,2011-03-27 11:44:00,2011-07-11 11:33:00,United Kingdom,151,367.83
15046.0,5090.42,15,3372,2011-01-05 15:30:00,2011-11-30 15:50:00,United Kingdom,8,339.36133333333333
15047.0,343.62,1,222,2011-03-15 10:49:00,2011-03-15 10:49:00,United Kingdom,269,343.62
15048.0,381.0,4,192,2010-12-06 12:15:00,2011-10-05 14:55:00,United Kingdom,64,95.25
15049.0,121.17000000000002,1,63,2011-03-11 12:13:00,2011-03-11 12:13:00,United Kingdom,273,121.17000000000002
15050.0,1737.69,3,1216,2011-09-29 13:22:00,2011-11-14 16:17:00,United Kingdom,24,579.23
15051.0,1383.3600000000001,3,1010,2011-07-12 15:29:00,2011-11-16 15:38:00,United Kingdom,22,461.12000000000006
15052.0,207.73000000000002,1,79,2011-01-24 15:52:00,2011-01-24 15:52:00,United Kingdom,318,207.73000000000002
15053.0,693.95,3,984,2011-03-03 12:06:00,2011-12-05 12:08:00,United Kingdom,4,231.3166666666667
15054.0,302.1,2,198,2011-10-30 14:33:00,2011-11-27 15:02:00,United Kingdom,11,151.05
15057.0,1489.5,2,668,2011-01-28 09:09:00,2011-03-09 15:17:00,United Kingdom,274,744.75
15058.0,2102.54,11,1054,2011-01-31 15:35:00,2011-11-14 14:57:00,United Kingdom,24,191.14
15059.0,1337.72,9,604,2011-01-09 11:54:00,2011-10-30 11:35:00,United Kingdom,40,148.63555555555556
15060.0,294.25,4,257,2011-11-30 14:03:00,2011-12-01 13:47:00,United Kingdom,7,73.5625
15061.0,54534.14,48,28920,2010-12-02 15:19:00,2011-12-06 12:06:00,United Kingdom,3,1136.1279166666666
15062.0,987.86,4,763,2010-12-15 15:37:00,2011-09-29 16:51:00,United Kingdom,70,246.965
15063.0,370.79999999999995,1,56,2011-05-10 13:25:00,2011-05-10 13:25:00,United Kingdom,212,370.79999999999995
15065.0,3158.13,4,1383,2011-02-21 12:54:00,2011-11-02 09:45:00,United Kingdom,37,789.5325
15066.0,893.59,1,317,2011-10-17 13:25:00,2011-10-17 13:25:00,United Kingdom,52,893.59
15067.0,1744.76,3,954,2011-03-02 12:10:00,2011-09-22 13:20:00,United Kingdom,77,581.5866666666667
15068.0,553.36,2,364,2011-03-28 14:27:00,2011-10-24 14:47:00,United Kingdom,45,276.68
15069.0,1109.53,1,520,2011-06-13 14:16:00,2011-06-13 14:16:00,United Kingdom,178,1109.53
15070.0,106.2,1,36,2010-12-02 11:23:00,2010-12-02 11:23:00,United Kingdom,372,106.2
15071.0,982.07,2,269,2011-03-09 10:19:00,2011-09-07 11:43:00,United Kingdom,93,491.035
15073.0,1043.41,3,491,2011-06-06 09:59:00,2011-11-30 10:44:00,United Kingdom,9,347.80333333333334
15074.0,735.67,1,431,2011-08-26 14:45:00,2011-08-26 14:45:00,United Kingdom,104,735.67
15075.0,773.03,1,447,2011-09-23 12:27:00,2011-09-23 12:27:00,United Kingdom,77,773.03
15076.0,880.85,1,571,2011-06-20 08:23:00,2011-06-20 08:23:00,United Kingdom,172,880.85
15078.0,9743.11,32,5105,2010-12-06 12:38:00,2011-12-02 15:41:00,United Kingdom,6,304.4721875
15079.0,895.61,4,389,2010-12-09 09:25:00,2011-05-11 12:45:00,United Kingdom,212,223.9025
15081.0,504.8,5,190,2010-12-07 16:20:00,2011-11-17 17:08:00,United Kingdom,21,100.96000000000001
15083.0,88.2,1,38,2011-03-28 12:18:00,2011-03-28 12:18:00,United Kingdom,256,88.2
15087.0,306.94,1,470,2011-03-03 10:34:00,2011-03-03 10:34:00,United Kingdom,281,306.94
15088.0,1160.07,2,460,2011-10-03 14:05:00,2011-11-18 13:14:00,United Kingdom,20,580.035
15089.0,2420.84,6,1359,2011-08-03 14:14:00,2011-11-29 16:31:00,United Kingdom,9,403.47333333333336
15090.0,381.32,1,208,2011-02-04 14:03:00,2011-02-04 14:03:00,United Kingdom,307,381.32
15091.0,480.71,1,346,2011-10-03 12:47:00,2011-10-03 12:47:00,United Kingdom,67,480.71
15092.0,457.81,2,135,2011-03-01 12:24:00,2011-05-08 14:10:00,United Kingdom,214,228.905
15093.0,4597.02,6,3760,2010-12-02 18:25:00,2011-11-21 13:09:00,United Kingdom,17,766.1700000000001
15095.0,1370.6,4,1079,2011-05-20 14:27:00,2011-08-28 12:01:00,United Kingdom,103,342.65
15096.0,219.39000000000001,1,120,2011-10-28 10:27:00,2011-10-28 10:27:00,United Kingdom,42,219.39000000000001
15097.0,248.08,1,170,2011-12-05 14:03:00,2011-12-05 14:03:00,United Kingdom,3,248.08
15098.0,39916.5,3,121,2011-06-10 15:22:00,2011-06-10 15:33:00,United Kingdom,181,13305.5
15099.0,410.48,1,343,2011-09-16 13:13:00,2011-09-16 13:13:00,United Kingdom,83,410.48
15100.0,876.0,3,80,2010-12-01 09:09:00,2011-01-10 10:35:00,United Kingdom,333,292.0
15101.0,317.53,2,241,2010-12-15 12:54:00,2011-12-01 10:18:00,United Kingdom,8,158.765
15103.0,703.36,2,329,2011-09-14 13:54:00,2011-11-08 14:53:00,United Kingdom,30,351.68
15104.0,993.54,2,635,2011-03-02 14:16:00,2011-05-27 12:29:00,United Kingdom,196,496.77
15105.0,2298.93,7,1211,2011-07-28 10:09:00,2011-11-21 16:54:00,United Kingdom,17,328.4185714285714
15106.0,1422.52,5,1181,2011-03-15 12:52:00,2011-11-22 09:16:00,United Kingdom,17,284.504
15107.0,319.5,6,169,2010-12-02 13:45:00,2011-02-01 14:46:00,United Kingdom,310,53.25
15108.0,1300.25,4,499,2011-04-26 10:54:00,2011-07-21 10:24:00,European Community,141,325.0625
15109.0,484.95,1,131,2011-04-08 09:58:00,2011-04-08 09:58:00,United Kingdom,245,484.95
15110.0,996.1,4,246,2011-01-25 11:41:00,2011-11-16 11:16:00,United Kingdom,23,249.025
15111.0,1567.48,3,710,2010-12-02 11:45:00,2011-11-10 16:58:00,United Kingdom,28,522.4933333333333
15113.0,3509.43,3,2344,2011-10-16 15:27:00,2011-11-30 08:23:00,United Kingdom,9,1169.81
15114.0,2760.56,10,3096,2011-02-11 08:45:00,2011-11-09 15:05:00,United Kingdom,29,276.056
15115.0,340.11,1,157,2011-11-21 14:59:00,2011-11-21 14:59:00,United Kingdom,17,340.11
15116.0,1352.75,4,648,2011-05-19 08:50:00,2011-11-22 12:25:00,United Kingdom,17,338.1875
15117.0,1551.78,5,1948,2011-05-08 12:38:00,2011-11-25 08:12:00,United Kingdom,14,310.356
15118.0,244.8,1,1440,2011-07-28 14:54:00,2011-07-28 14:54:00,United Kingdom,133,244.8
15119.0,266.4,1,88,2011-04-08 09:08:00,2011-04-08 09:08:00,United Kingdom,245,266.4
15120.0,358.82,1,296,2011-07-29 09:48:00,2011-07-29 09:48:00,United Kingdom,133,358.82
15121.0,457.72,2,199,2011-02-24 12:41:00,2011-10-20 14:51:00,United Kingdom,49,228.86
15122.0,1633.78,3,800,2011-02-15 09:59:00,2011-08-17 16:48:00,United Kingdom,113,544.5933333333334
15123.0,2199.31,2,1195,2011-05-17 14:57:00,2011-12-02 13:12:00,United Kingdom,6,1099.655
15124.0,184.19,2,233,2011-06-01 09:06:00,2011-11-17 10:09:00,United Kingdom,22,92.095
15125.0,11528.48,15,6193,2011-03-14 09:59:00,2011-11-14 13:57:00,United Kingdom,24,768.5653333333333
15127.0,406.53,1,251,2011-10-05 10:30:00,2011-10-05 10:30:00,United Kingdom,65,406.53
15128.0,1471.0,4,1343,2011-05-04 12:32:00,2011-10-10 13:54:00,United Kingdom,59,367.75
15129.0,3447.4,11,1794,2011-02-21 09:09:00,2011-10-20 14:40:00,United Kingdom,49,313.40000000000003
15130.0,330.11,1,197,2011-06-23 10:15:00,2011-06-23 10:15:00,United Kingdom,169,330.11
15132.0,977.9300000000001,5,679,2011-03-22 12:02:00,2011-11-21 17:10:00,United Kingdom,17,195.586
15133.0,982.42,3,680,2011-02-11 10:38:00,2011-08-04 10:44:00,United Kingdom,127,327.4733333333333
15134.0,1387.99,8,887,2011-04-13 11:05:00,2011-11-25 08:55:00,United Kingdom,14,173.49875
15135.0,139.05,1,43,2011-04-14 19:16:00,2011-04-14 19:16:00,United Kingdom,238,139.05
15136.0,1286.7,4,776,2011-09-04 16:05:00,2011-12-07 12:26:00,United Kingdom,2,321.675
15139.0,178.96,2,208,2011-01-07 12:44:00,2011-04-14 11:39:00,United Kingdom,239,89.48
15140.0,2354.25,7,1572,2011-03-20 14:37:00,2011-10-18 14:07:00,United Kingdom,51,336.32142857142856
15142.0,498.74,1,365,2011-10-24 12:51:00,2011-10-24 12:51:00,United Kingdom,45,498.74
15143.0,259.45,1,150,2011-04-28 12:03:00,2011-04-28 12:03:00,United Kingdom,225,259.45
15144.0,6580.44,17,3050,2011-01-31 13:17:00,2011-12-01 15:12:00,United Kingdom,7,387.0847058823529
15145.0,1194.73,4,756,2011-04-05 15:20:00,2011-12-05 17:21:00,United Kingdom,3,298.6825
15146.0,1327.16,2,1473,2011-02-21 13:07:00,2011-06-28 12:09:00,United Kingdom,164,663.58
15147.0,623.5,1,366,2011-04-13 15:57:00,2011-04-13 15:57:00,United Kingdom,239,623.5
15148.0,301.29,1,187,2011-11-29 08:21:00,2011-11-29 08:21:00,United Kingdom,10,301.29
15149.0,520.8000000000001,1,128,2011-07-29 10:58:00,2011-07-29 10:58:00,United Kingdom,133,520.8000000000001
15150.0,5291.33,10,3642,2011-03-15 14:21:00,2011-11-22 12:52:00,United Kingdom,16,529.133
15152.0,4745.69,13,2704,2011-06-05 15:36:00,2011-11-30 12:32:00,United Kingdom,9,365.0530769230769
15153.0,329.25,1,198,2011-11-08 17:09:00,2011-11-08 17:09:00,United Kingdom,30,329.25
15154.0,254.28,1,89,2011-09-25 16:05:00,2011-09-25 16:05:00,United Kingdom,74,254.28
15156.0,961.49,3,597,2011-11-06 12:41:00,2011-12-08 18:22:00,United Kingdom,0,320.49666666666667
15157.0,1936.07,3,2392,2010-12-16 13:44:00,2011-12-06 11:28:00,United Kingdom,3,645.3566666666667
15158.0,401.40000000000003,1,198,2011-10-25 13:53:00,2011-10-25 13:53:00,United Kingdom,44,401.40000000000003
15159.0,18641.010000000002,30,11441,2010-12-13 15:44:00,2011-12-08 12:05:00,United Kingdom,1,621.3670000000001
15160.0,158.16,1,84,2010-12-17 14:15:00,2010-12-17 14:15:00,United Kingdom,356,158.16
15163.0,304.47,2,186,2011-05-31 15:22:00,2011-11-21 13:10:00,United Kingdom,17,152.235
15164.0,824.58,3,351,2011-01-04 14:21:00,2011-10-02 12:05:00,United Kingdom,68,274.86
15165.0,487.75,1,160,2010-12-01 14:03:00,2010-12-01 14:03:00,United Kingdom,372,487.75
15167.0,158.8,1,65,2011-01-23 12:41:00,2011-01-23 12:41:00,United Kingdom,320,158.8
15168.0,106.56,1,52,2011-11-14 11:26:00,2011-11-14 11:26:00,United Kingdom,25,106.56
15171.0,1289.5,1,290,2011-01-12 15:36:00,2011-01-12 15:36:00,United Kingdom,330,1289.5
15172.0,1624.05,5,1611,2011-04-17 11:56:00,2011-12-01 11:51:00,United Kingdom,8,324.81
15174.0,135.75,1,145,2011-01-21 09:06:00,2011-01-21 09:06:00,United Kingdom,322,135.75
15175.0,224.14,1,454,2011-09-29 11:31:00,2011-09-29 11:31:00,United Kingdom,71,224.14
15178.0,40.5,1,30,2011-03-24 15:12:00,2011-03-24 15:12:00,United Kingdom,259,40.5
15179.0,2206.95,5,1938,2011-01-24 13:48:00,2011-11-21 12:53:00,United Kingdom,17,441.39
15180.0,87.5,1,36,2010-12-07 14:57:00,2010-12-07 14:57:00,United Kingdom,366,87.5
15181.0,689.4799999999999,3,544,2011-03-15 12:03:00,2011-10-04 13:58:00,United Kingdom,65,229.82666666666663
15182.0,622.85,2,253,2011-03-16 12:42:00,2011-07-08 13:37:00,United Kingdom,153,311.425
15184.0,402.2,2,199,2011-06-02 12:06:00,2011-11-10 13:41:00,United Kingdom,28,201.1
15185.0,310.62,1,666,2011-09-30 14:06:00,2011-09-30 14:06:00,United Kingdom,69,310.62
15186.0,411.41,2,215,2011-06-24 14:54:00,2011-11-25 14:58:00,United Kingdom,13,205.705
15187.0,4777.18,16,1887,2011-05-11 13:49:00,2011-12-08 11:56:00,United Kingdom,1,298.57375
15189.0,16225.39,41,6149,2011-01-11 12:29:00,2011-12-08 13:22:00,United Kingdom,0,395.74121951219513
15192.0,1044.32,3,918,2010-12-09 14:56:00,2011-08-12 11:41:00,United Kingdom,119,348.1066666666666
15193.0,499.32,1,144,2011-10-10 08:23:00,2011-10-10 08:23:00,United Kingdom,60,499.32
15194.0,7616.53,15,5703,2010-12-06 15:00:00,2011-12-06 15:10:00,United Kingdom,2,507.76866666666666
15195.0,3861.0,1,1404,2011-12-07 12:20:00,2011-12-07 12:20:00,United Kingdom,2,3861.0
15197.0,1079.6100000000001,3,469,2010-12-16 18:01:00,2011-11-29 10:00:00,United Kingdom,10,359.87000000000006
15198.0,193.64,2,120,2011-08-07 15:16:00,2011-09-08 14:42:00,United Kingdom,91,96.82
15199.0,1268.7,4,396,2011-02-04 14:04:00,2011-10-11 15:12:00,United Kingdom,58,317.175
15201.0,1236.54,5,1210,2011-04-06 14:02:00,2011-09-13 14:53:00,United Kingdom,86,247.308
15203.0,1827.8,6,1753,2011-02-01 12:29:00,2011-11-14 08:16:00,United Kingdom,25,304.6333333333333
15204.0,316.58,1,258,2010-12-17 13:49:00,2010-12-17 13:49:00,United Kingdom,356,316.58
15205.0,653.24,2,378,2011-08-04 16:07:00,2011-09-15 19:36:00,United Kingdom,84,326.62
15206.0,420.29999999999995,4,162,2011-03-09 08:59:00,2011-11-29 13:41:00,United Kingdom,9,105.07499999999999
15208.0,870.12,5,316,2010-12-21 13:03:00,2011-12-08 17:24:00,United Kingdom,0,174.024
15210.0,331.18,1,228,2011-04-28 16:11:00,2011-04-28 16:11:00,United Kingdom,224,331.18
15211.0,894.4100000000001,2,240,2010-12-09 16:08:00,2011-10-10 13:31:00,United Kingdom,59,447.20500000000004
15212.0,101.8,1,36,2011-04-12 13:45:00,2011-04-12 13:45:00,United Kingdom,240,101.8
15213.0,328.35,2,272,2011-01-14 11:05:00,2011-01-25 12:21:00,United Kingdom,318,164.175
15214.0,1661.44,8,1254,2011-04-11 09:46:00,2011-12-08 12:07:00,United Kingdom,1,207.68
15215.0,734.94,3,225,2011-09-04 12:24:00,2011-10-24 11:41:00,United Kingdom,46,244.98000000000002
15216.0,96.6,1,28,2011-09-13 11:41:00,2011-09-13 11:41:00,United Kingdom,87,96.6
15218.0,5756.89,11,3329,2011-01-25 11:20:00,2011-11-29 11:48:00,United Kingdom,10,523.3536363636364
15219.0,305.75,1,45,2011-06-16 16:57:00,2011-06-16 16:57:00,United Kingdom,175,305.75
15220.0,1778.96,6,1393,2011-03-04 10:24:00,2011-10-19 12:39:00,United Kingdom,51,296.49333333333334
15221.0,403.25,1,43,2010-12-08 13:08:00,2010-12-08 13:08:00,United Kingdom,365,403.25
15222.0,585.0,1,440,2011-01-25 08:03:00,2011-01-25 08:03:00,United Kingdom,318,585.0
15223.0,755.75,2,213,2011-04-04 12:17:00,2011-04-28 11:31:00,United Kingdom,225,377.875
15224.0,322.08,2,152,2010-12-12 12:34:00,2010-12-16 15:02:00,United Kingdom,357,161.04
15225.0,409.40000000000003,1,226,2011-04-19 14:51:00,2011-04-19 14:51:00,United Kingdom,233,409.40000000000003
15226.0,154.41,1,71,2011-02-02 11:41:00,2011-02-02 11:41:00,United Kingdom,310,154.41
15227.0,1219.4,5,750,2011-01-26 15:31:00,2011-11-03 11:59:00,United Kingdom,36,243.88000000000002
15228.0,3386.71,4,2255,2011-02-18 09:04:00,2011-10-04 13:56:00,United Kingdom,65,846.6775
15230.0,429.6,2,351,2011-04-13 11:04:00,2011-04-14 14:39:00,United Kingdom,238,214.8
15232.0,612.06,2,686,2011-07-22 12:21:00,2011-08-18 16:27:00,United Kingdom,112,306.03
15234.0,197.0,1,196,2011-03-08 08:53:00,2011-03-08 08:53:00,United Kingdom,276,197.0
15235.0,2247.51,12,1324,2010-12-01 17:22:00,2011-05-06 09:44:00,United Kingdom,217,187.29250000000002
15236.0,321.05,1,269,2011-02-14 10:52:00,2011-02-14 10:52:00,United Kingdom,298,321.05
15237.0,1412.32,4,1071,2011-04-26 15:04:00,2011-12-08 09:46:00,United Kingdom,1,353.08
15238.0,1071.99,3,692,2011-06-08 16:00:00,2011-11-10 14:28:00,United Kingdom,28,357.33
15239.0,780.59,2,594,2011-09-22 09:53:00,2011-11-29 14:14:00,United Kingdom,9,390.295
15240.0,1706.57,5,1369,2011-02-01 08:23:00,2011-10-26 09:50:00,United Kingdom,44,341.31399999999996
15241.0,1756.44,8,1818,2011-03-01 11:02:00,2011-10-04 09:05:00,United Kingdom,66,219.555
15243.0,316.68,1,185,2011-09-26 14:12:00,2011-09-26 14:12:00,United Kingdom,73,316.68
15244.0,631.57,2,405,2011-04-05 15:12:00,2011-10-05 13:19:00,United Kingdom,64,315.785
15245.0,2515.84,3,1784,2011-03-23 13:42:00,2011-07-28 18:56:00,United Kingdom,133,838.6133333333333
15246.0,514.15,2,247,2010-12-16 09:46:00,2011-04-15 14:45:00,United Kingdom,237,257.075
15247.0,356.0,1,160,2011-08-09 12:52:00,2011-08-09 12:52:00,United Kingdom,121,356.0
15249.0,6688.46,13,3577,2011-03-28 12:49:00,2011-11-08 11:45:00,United Kingdom,31,514.496923076923
15251.0,10484.99,11,6171,2011-04-12 10:38:00,2011-11-30 15:02:00,United Kingdom,8,953.180909090909
15252.0,740.78,2,522,2011-06-09 14:15:00,2011-11-03 13:30:00,United Kingdom,35,370.39
15253.0,918.1999999999999,5,866,2011-06-23 12:19:00,2011-11-23 16:22:00,United Kingdom,15,183.64
15254.0,300.36,1,275,2011-08-04 15:04:00,2011-08-04 15:04:00,United Kingdom,126,300.36
15255.0,890.85,1,489,2011-10-04 12:43:00,2011-10-04 12:43:00,United Kingdom,66,890.85
15256.0,98.45,1,55,2011-07-14 11:47:00,2011-07-14 11:47:00,United Kingdom,148,98.45
15257.0,317.15,1,46,2011-03-01 12:58:00,2011-03-01 12:58:00,United Kingdom,282,317.15
15258.0,623.16,2,142,2011-05-06 14:16:00,2011-06-24 12:30:00,United Kingdom,168,311.58
15260.0,1810.77,7,885,2010-12-02 12:09:00,2011-08-31 13:55:00,United Kingdom,99,258.68142857142857
15261.0,254.82,1,270,2011-07-27 15:20:00,2011-07-27 15:20:00,United Kingdom,134,254.82
15262.0,178.95000000000002,1,73,2011-01-20 12:16:00,2011-01-20 12:16:00,United Kingdom,323,178.95000000000002
15263.0,156.51,1,89,2011-08-25 10:26:00,2011-08-25 10:26:00,United Kingdom,106,156.51
15264.0,393.74,1,265,2011-10-06 13:49:00,2011-10-06 13:49:00,United Kingdom,63,393.74
15265.0,1506.1200000000001,2,612,2011-04-18 12:16:00,2011-07-11 14:46:00,United Kingdom,150,753.0600000000001
15266.0,119.3,1,18,2011-01-05 13:40:00,2011-01-05 13:40:00,United Kingdom,337,119.3
15267.0,1717.36,5,944,2011-06-10 10:24:00,2011-11-17 15:59:00,United Kingdom,21,343.472
15269.0,408.8,1,26,2011-11-16 09:32:00,2011-11-16 09:32:00,United Kingdom,23,408.8
15270.0,2379.49,7,1521,2011-02-02 13:25:00,2011-11-24 09:24:00,United Kingdom,15,339.9271428571428
15271.0,2493.34,15,1251,2010-12-09 13:47:00,2011-12-02 14:11:00,United Kingdom,6,166.22266666666667
15272.0,721.94,2,310,2011-09-14 16:36:00,2011-10-13 12:59:00,United Kingdom,56,360.97
15274.0,716.57,2,619,2011-11-21 14:17:00,2011-12-05 16:57:00,United Kingdom,3,358.285
15275.0,615.14,1,498,2011-11-02 11:20:00,2011-11-02 11:20:00,United Kingdom,37,615.14
15276.0,128.63,1,61,2011-10-04 16:39:00,2011-10-04 16:39:00,United Kingdom,65,128.63
15277.0,255.89999999999998,1,205,2011-10-24 10:08:00,2011-10-24 10:08:00,United Kingdom,46,255.89999999999998
15279.0,290.51,1,189,2010-12-20 10:48:00,2010-12-20 10:48:00,United Kingdom,354,290.51
15280.0,113.12,1,154,2011-06-20 17:14:00,2011-06-20 17:14:00,United Kingdom,171,113.12
15281.0,2332.15,9,1211,2011-01-10 15:51:00,2011-10-12 09:10:00,United Kingdom,58,259.1277777777778
15286.0,240.55,1,55,2011-10-21 11:08:00,2011-10-21 11:08:00,United Kingdom,49,240.55
15287.0,486.69,2,433,2011-09-30 12:30:00,2011-11-17 15:34:00,United Kingdom,21,243.345
15288.0,2306.52,5,775,2010-12-09 13:59:00,2011-10-27 16:58:00,United Kingdom,42,461.304
15289.0,939.78,3,1008,2011-04-04 12:44:00,2011-11-10 13:49:00,United Kingdom,28,313.26
15290.0,7943.22,18,4501,2010-12-15 16:03:00,2011-12-05 11:39:00,United Kingdom,4,441.29
15291.0,4668.3,15,2103,2010-12-01 09:32:00,2011-11-14 11:02:00,United Kingdom,25,311.22
15292.0,178.39,1,55,2011-05-22 15:00:00,2011-05-22 15:00:00,United Kingdom,200,178.39
15296.0,3672.86,6,1766,2011-01-17 11:57:00,2011-10-20 11:47:00,United Kingdom,50,612.1433333333333
15297.0,641.94,3,292,2011-10-07 09:42:00,2011-11-29 16:32:00,United Kingdom,9,213.98000000000002
15298.0,4799.9,12,3116,2010-12-08 13:55:00,2011-12-07 17:17:00,United Kingdom,1,399.9916666666666
15299.0,4507.01,7,2948,2010-12-02 16:48:00,2011-10-03 14:19:00,United Kingdom,66,643.8585714285715
15300.0,496.44,1,292,2011-10-06 17:08:00,2011-10-06 17:08:00,United Kingdom,63,496.44
15301.0,5049.95,12,2751,2010-12-06 12:21:00,2011-10-20 09:57:00,United Kingdom,50,420.82916666666665
15303.0,574.02,1,248,2011-02-22 13:59:00,2011-02-22 13:59:00,United Kingdom,289,574.02
15304.0,694.4000000000001,8,104,2010-12-06 11:42:00,2011-10-10 10:23:00,United Kingdom,60,86.80000000000001
15306.0,1174.35,3,810,2011-07-14 15:22:00,2011-10-06 12:56:00,United Kingdom,63,391.45
15307.0,205.3,1,37,2011-09-05 11:38:00,2011-09-05 11:38:00,United Kingdom,95,205.3
15308.0,310.47,1,175,2011-03-10 13:08:00,2011-03-10 13:08:00,United Kingdom,273,310.47
15311.0,60632.75,91,38147,2010-12-01 09:41:00,2011-12-09 12:00:00,United Kingdom,0,666.2939560439561
15312.0,924.85,4,516,2010-12-20 12:51:00,2011-09-25 13:10:00,United Kingdom,74,231.2125
15313.0,52.0,1,25,2011-08-21 16:02:00,2011-08-21 16:02:00,United Kingdom,109,52.0
15314.0,327.97,1,313,2011-05-24 14:39:00,2011-05-24 14:39:00,United Kingdom,198,327.97
15315.0,570.5,2,862,2011-08-15 15:17:00,2011-10-06 12:51:00,United Kingdom,63,285.25
15316.0,165.0,1,100,2011-01-17 11:34:00,2011-01-17 11:34:00,United Kingdom,326,165.0
15318.0,312.62,1,642,2011-12-06 11:30:00,2011-12-06 11:30:00,United Kingdom,3,312.62
15319.0,204.5,1,175,2011-03-01 12:48:00,2011-03-01 12:48:00,United Kingdom,283,204.5
15320.0,267.13,1,326,2011-10-26 13:27:00,2011-10-26 13:27:00,United Kingdom,43,267.13
15321.0,2748.31,3,1181,2011-02-21 11:10:00,2011-09-30 09:40:00,United Kingdom,70,916.1033333333334
15322.0,679.68,1,416,2011-09-15 09:34:00,2011-09-15 09:34:00,United Kingdom,85,679.68
15325.0,161.74,1,231,2011-08-28 11:55:00,2011-08-28 11:55:00,United Kingdom,103,161.74
15326.0,311.71,1,386,2011-01-10 11:38:00,2011-01-10 11:38:00,United Kingdom,333,311.71
15327.0,208.75,1,116,2011-10-18 11:55:00,2011-10-18 11:55:00,United Kingdom,52,208.75
15329.0,1049.7,3,486,2011-06-21 10:37:00,2011-10-31 15:36:00,United Kingdom,38,349.90000000000003
15330.0,714.96,2,1312,2011-10-10 12:30:00,2011-11-07 17:50:00,United Kingdom,31,357.48
15332.0,1661.06,4,652,2010-12-05 12:00:00,2010-12-08 14:43:00,Lithuania,365,415.265
15333.0,1028.56,1,344,2011-05-15 13:27:00,2011-05-15 13:27:00,United Kingdom,207,1028.56
15334.0,350.82,3,273,2011-06-19 13:51:00,2011-07-06 11:22:00,United Kingdom,156,116.94
15335.0,170.22,1,79,2011-10-17 12:50:00,2011-10-17 12:50:00,United Kingdom,53,170.22
15339.0,574.07,2,416,2011-01-25 13:15:00,2011-10-04 12:51:00,United Kingdom,65,287.035
15341.0,2020.52,1,812,2011-09-20 09:40:00,2011-09-20 09:40:00,United Kingdom,80,2020.52
15342.0,406.09,1,283,2011-08-02 10:19:00,2011-08-02 10:19:00,United Kingdom,129,406.09
15343.0,364.5,1,84,2011-09-13 13:55:00,2011-09-13 13:55:00,United Kingdom,86,364.5
15344.0,563.94,3,116,2011-09-26 14:48:00,2011-12-09 10:45:00,United Kingdom,0,187.98000000000002
15345.0,393.54,1,81,2011-10-25 11:28:00,2011-10-25 11:28:00,United Kingdom,45,393.54
15346.0,252.42000000000002,1,144,2011-01-11 11:18:00,2011-01-11 11:18:00,United Kingdom,332,252.42000000000002
15347.0,201.60000000000002,1,130,2010-12-08 15:25:00,2010-12-08 15:25:00,United Kingdom,365,201.60000000000002
15348.0,158.04,1,84,2011-09-28 13:17:00,2011-09-28 13:17:00,United Kingdom,71,158.04
15349.0,463.90999999999997,2,321,2011-06-05 15:46:00,2011-07-04 16:06:00,United Kingdom,157,231.95499999999998
15350.0,115.65,1,51,2010-12-01 13:33:00,2010-12-01 13:33:00,United Kingdom,372,115.65
15351.0,1934.66,7,742,2010-12-05 11:49:00,2011-11-27 12:52:00,United Kingdom,11,276.38
15353.0,770.12,2,341,2010-12-07 11:49:00,2011-03-30 12:15:00,United Kingdom,254,385.06
15355.0,277.05,2,45,2011-10-17 15:22:00,2011-11-10 13:44:00,United Kingdom,28,138.525
15356.0,2718.03,10,1643,2010-12-06 14:05:00,2011-11-08 13:11:00,United Kingdom,30,271.803
15358.0,8347.2,22,7050,2010-12-09 10:04:00,2011-12-05 09:04:00,United Kingdom,4,379.41818181818184
15360.0,427.93,1,223,2011-10-31 09:35:00,2011-10-31 09:35:00,United Kingdom,39,427.93
15361.0,418.92,1,336,2010-12-13 09:52:00,2010-12-13 09:52:00,United Kingdom,361,418.92
15363.0,326.0,1,144,2010-12-02 12:28:00,2010-12-02 12:28:00,United Kingdom,372,326.0
15364.0,913.19,2,493,2011-03-30 13:39:00,2011-09-05 09:46:00,United Kingdom,95,456.595
15365.0,2314.32,7,1084,2011-01-28 13:08:00,2011-11-14 08:29:00,United Kingdom,25,330.6171428571429
15366.0,602.51,2,621,2010-12-16 15:59:00,2011-09-25 15:01:00,United Kingdom,74,301.255
15367.0,1877.59,4,1057,2011-03-09 13:53:00,2011-10-13 14:13:00,United Kingdom,56,469.3975
15368.0,446.94000000000005,1,230,2011-11-18 14:42:00,2011-11-18 14:42:00,United Kingdom,20,446.94000000000005
15370.0,2386.05,7,830,2011-01-11 11:32:00,2011-10-30 10:58:00,United Kingdom,40,340.86428571428576
15372.0,2007.3999999999999,1,2924,2011-07-25 16:39:00,2011-07-25 16:39:00,United Kingdom,136,2007.3999999999999
15373.0,2415.91,12,500,2010-12-03 14:40:00,2011-12-01 15:05:00,United Kingdom,7,201.32583333333332
15374.0,168.0,1,126,2011-08-03 09:59:00,2011-08-03 09:59:00,United Kingdom,128,168.0
15376.0,1221.56,3,615,2011-05-01 13:45:00,2011-10-30 15:04:00,United Kingdom,39,407.18666666666667
15379.0,3703.29,7,2305,2010-12-16 13:02:00,2011-06-23 13:13:00,United Kingdom,168,529.0414285714286
15380.0,1690.2600000000002,5,376,2010-12-09 15:01:00,2011-12-01 12:13:00,United Kingdom,8,338.052
15381.0,596.85,2,171,2011-03-16 13:44:00,2011-05-10 11:55:00,United Kingdom,213,298.425
15382.0,5955.71,6,4012,2011-02-17 12:01:00,2011-11-25 10:58:00,United Kingdom,14,992.6183333333333
15384.0,642.41,2,596,2010-12-15 11:34:00,2011-06-23 10:57:00,United Kingdom,169,321.205
15385.0,316.88,1,161,2011-10-30 15:11:00,2011-10-30 15:11:00,United Kingdom,39,316.88
15386.0,394.14,1,446,2011-06-06 13:47:00,2011-06-06 13:47:00,United Kingdom,185,394.14
15388.0,140.54,1,88,2011-03-14 13:53:00,2011-03-14 13:53:00,Canada,269,140.54
15389.0,500.0,1,400,2011-06-20 16:18:00,2011-06-20 16:18:00,United Kingdom,171,500.0
15392.0,1535.53,4,1277,2010-12-14 15:50:00,2011-12-05 11:01:00,United Kingdom,4,383.8825
15393.0,231.86,2,150,2011-03-03 16:58:00,2011-11-23 16:48:00,United Kingdom,15,115.93
15394.0,2183.54,4,910,2010-12-16 12:46:00,2011-11-30 11:49:00,United Kingdom,9,545.885
15395.0,107.45,1,17,2011-01-18 12:40:00,2011-01-18 12:40:00,United Kingdom,325,107.45
15396.0,288.18,1,122,2011-08-19 10:56:00,2011-08-19 10:56:00,United Kingdom,112,288.18
15397.0,94.0,1,20,2011-02-23 09:25:00,2011-02-23 09:25:00,United Kingdom,289,94.0
15398.0,1345.53,2,769,2011-09-22 14:56:00,2011-11-23 16:47:00,United Kingdom,15,672.765
15399.0,815.77,3,611,2011-09-21 15:57:00,2011-12-08 13:04:00,United Kingdom,0,271.92333333333335
15400.0,716.2,5,390,2011-03-06 11:27:00,2011-09-08 13:57:00,United Kingdom,91,143.24
15402.0,626.77,2,694,2011-05-27 13:32:00,2011-07-14 12:17:00,United Kingdom,148,313.385
15405.0,349.1,1,193,2011-06-03 14:44:00,2011-06-03 14:44:00,United Kingdom,188,349.1
15406.0,510.71000000000004,2,254,2011-02-11 16:19:00,2011-11-08 13:22:00,United Kingdom,30,255.35500000000002
15407.0,1046.74,4,552,2011-02-07 13:18:00,2011-11-06 11:55:00,United Kingdom,33,261.685
15408.0,267.18,1,106,2011-03-20 15:02:00,2011-03-20 15:02:00,United Kingdom,263,267.18
15410.0,3450.84,8,1200,2011-03-23 10:15:00,2011-09-16 14:47:00,United Kingdom,83,431.355
15411.0,1348.93,4,529,2011-06-10 12:30:00,2011-11-13 15:19:00,United Kingdom,25,337.2325
15412.0,190.53,1,108,2011-06-21 15:24:00,2011-06-21 15:24:00,United Kingdom,170,190.53
15414.0,774.9000000000001,3,443,2011-04-11 13:45:00,2011-11-30 09:50:00,United Kingdom,9,258.3
15415.0,559.61,1,551,2011-01-30 14:13:00,2011-01-30 14:13:00,United Kingdom,312,559.61
15416.0,3984.32,4,2090,2011-03-02 08:41:00,2011-10-06 09:38:00,United Kingdom,64,996.08
15417.0,508.8,1,284,2011-09-15 15:26:00,2011-09-15 15:26:00,United Kingdom,84,508.8
15419.0,135.86,1,230,2011-11-15 09:23:00,2011-11-15 09:23:00,United Kingdom,24,135.86
15421.0,950.36,4,500,2011-02-02 14:36:00,2011-10-12 09:20:00,United Kingdom,58,237.59
15422.0,97.7,2,38,2011-01-20 14:17:00,2011-01-20 16:17:00,United Kingdom,322,48.85
15423.0,43.5,1,101,2011-11-01 14:01:00,2011-11-01 14:01:00,United Kingdom,37,43.5
15424.0,383.34,2,554,2011-03-30 13:00:00,2011-03-30 13:02:00,United Kingdom,253,191.67
15426.0,1404.07,5,656,2010-12-05 13:55:00,2011-11-20 15:36:00,United Kingdom,18,280.81399999999996
15427.0,1430.54,3,967,2011-10-23 14:47:00,2011-11-06 14:29:00,United Kingdom,32,476.84666666666664
15428.0,93.78,1,102,2011-11-24 16:54:00,2011-11-24 16:54:00,United Kingdom,14,93.78
15429.0,397.35,2,380,2011-09-25 13:42:00,2011-11-13 12:28:00,United Kingdom,26,198.675
15432.0,171.19,1,65,2011-11-16 16:30:00,2011-11-16 16:30:00,United Kingdom,22,171.19
15433.0,533.3,2,534,2011-03-17 14:12:00,2011-05-10 10:45:00,United Kingdom,213,266.65
15434.0,1041.48,5,647,2011-05-23 14:18:00,2011-12-01 13:33:00,United Kingdom,7,208.296
15435.0,149.29,1,54,2011-11-17 16:39:00,2011-11-17 16:39:00,United Kingdom,21,149.29
15436.0,1067.75,3,574,2011-04-19 16:52:00,2011-11-27 16:05:00,United Kingdom,11,355.9166666666667
15437.0,200.16,1,79,2011-03-22 13:11:00,2011-03-22 13:11:00,United Kingdom,261,200.16
15438.0,156.57999999999998,1,59,2011-07-31 14:19:00,2011-07-31 14:19:00,United Kingdom,130,156.57999999999998
15440.0,383.68,3,197,2011-05-15 11:30:00,2011-10-16 12:16:00,United Kingdom,54,127.89333333333333
15442.0,594.0,1,120,2011-04-05 12:24:00,2011-04-05 12:24:00,United Kingdom,248,594.0
15443.0,3213.59,7,1639,2011-01-23 13:25:00,2011-12-08 10:40:00,United Kingdom,1,459.0842857142857
15444.0,1411.21,2,759,2011-10-30 16:12:00,2011-11-30 17:37:00,United Kingdom,8,705.605
15445.0,113.5,1,58,2011-03-20 15:06:00,2011-03-20 15:06:00,United Kingdom,263,113.5
15447.0,155.17,1,85,2011-01-13 11:26:00,2011-01-13 11:26:00,United Kingdom,330,155.17
15448.0,494.64,1,232,2011-01-31 10:42:00,2011-01-31 10:42:00,United Kingdom,312,494.64
15449.0,974.52,3,812,2011-03-23 10:43:00,2011-11-13 15:02:00,United Kingdom,25,324.84
15450.0,429.84,1,376,2011-11-09 17:11:00,2011-11-09 17:11:00,United Kingdom,29,429.84
15452.0,528.48,3,280,2011-03-20 15:21:00,2011-11-10 12:13:00,United Kingdom,29,176.16
15453.0,1371.77,7,837,2011-06-05 12:37:00,2011-12-08 10:59:00,United Kingdom,1,195.96714285714285
15454.0,179.1,1,86,2010-12-12 14:21:00,2010-12-12 14:21:00,United Kingdom,361,179.1
15456.0,434.59000000000003,3,633,2010-12-15 15:34:00,2011-03-01 13:51:00,United Kingdom,282,144.86333333333334
15457.0,237.07,1,132,2011-03-22 15:31:00,2011-03-22 15:31:00,United Kingdom,261,237.07
15458.0,161.64,1,156,2011-11-14 13:08:00,2011-11-14 13:08:00,United Kingdom,24,161.64
15460.0,214.26,1,107,2010-12-20 16:08:00,2010-12-20 16:08:00,United Kingdom,353,214.26
15462.0,234.6,3,172,2011-06-05 15:36:00,2011-09-06 13:11:00,United Kingdom,93,78.2
15463.0,126.14,1,106,2011-11-10 12:57:00,2011-11-10 12:57:00,United Kingdom,28,126.14
15464.0,1044.65,1,348,2011-01-05 15:56:00,2011-01-05 15:56:00,United Kingdom,337,1044.65
15465.0,7354.62,18,1257,2010-12-05 10:12:00,2011-11-20 10:11:00,United Kingdom,19,408.59
15466.0,334.53,1,246,2011-09-15 14:08:00,2011-09-15 14:08:00,United Kingdom,84,334.53
15467.0,524.88,3,310,2011-07-10 14:42:00,2011-11-30 14:17:00,United Kingdom,8,174.96
15468.0,467.51,2,155,2011-10-19 13:38:00,2011-10-19 13:49:00,United Kingdom,50,233.755
15469.0,538.55,2,153,2011-08-11 16:54:00,2011-10-20 16:21:00,United Kingdom,49,269.275
15471.0,454.48,1,256,2011-12-07 14:12:00,2011-12-07 14:12:00,United Kingdom,1,454.48
15472.0,371.56,1,251,2011-08-18 15:17:00,2011-08-18 15:17:00,United Kingdom,112,371.56
15473.0,1771.2,7,672,2011-10-10 11:12:00,2011-11-25 15:15:00,United Kingdom,13,253.02857142857144
15475.0,454.10999999999996,1,319,2011-09-23 15:20:00,2011-09-23 15:20:00,United Kingdom,76,454.10999999999996
15478.0,1399.92,2,575,2011-10-14 11:09:00,2011-10-30 14:19:00,United Kingdom,39,699.96
15480.0,905.5,1,303,2011-08-15 14:32:00,2011-08-15 14:32:00,Malta,115,905.5
15482.0,10879.76,12,5004,2010-12-16 10:08:00,2011-11-24 10:46:00,United Kingdom,15,906.6466666666666
15483.0,225.26,4,291,2011-03-18 12:26:00,2011-07-01 13:07:00,United Kingdom,160,56.315
15484.0,3590.41,4,3150,2011-09-22 13:31:00,2011-12-08 15:03:00,United Kingdom,0,897.6025
15485.0,2564.5,3,1281,2010-12-01 13:23:00,2011-11-09 14:31:00,United Kingdom,29,854.8333333333334
15488.0,91.32000000000001,1,73,2011-09-08 10:11:00,2011-09-08 10:11:00,United Kingdom,92,91.32000000000001
15489.0,1134.28,3,608,2011-05-12 12:54:00,2011-11-17 08:53:00,United Kingdom,22,378.0933333333333
15491.0,3100.09,6,1646,2011-04-18 10:04:00,2011-09-05 15:56:00,United Kingdom,94,516.6816666666667
15492.0,659.4599999999999,2,483,2011-09-26 14:02:00,2011-11-11 14:53:00,United Kingdom,27,329.72999999999996
15493.0,1953.41,5,551,2011-03-14 11:44:00,2011-11-07 12:04:00,United Kingdom,32,390.682
15494.0,1280.58,2,1139,2011-08-10 15:29:00,2011-11-18 14:51:00,United Kingdom,20,640.29
15497.0,1262.2,2,624,2011-01-24 10:01:00,2011-11-22 11:51:00,United Kingdom,17,631.1
15498.0,13316.4,27,6105,2010-12-08 12:29:00,2011-12-07 12:48:00,United Kingdom,2,493.2
15500.0,1131.56,4,572,2011-09-19 13:47:00,2011-12-01 13:47:00,United Kingdom,7,282.89
15502.0,10384.93,12,4236,2010-12-05 15:40:00,2011-11-24 12:48:00,United Kingdom,15,865.4108333333334
15503.0,141.04,1,70,2010-12-12 10:57:00,2010-12-12 10:57:00,United Kingdom,362,141.04
15504.0,52.83,1,33,2011-09-19 13:45:00,2011-09-19 13:45:00,United Kingdom,80,52.83
15505.0,3610.96,5,2390,2011-07-07 13:33:00,2011-10-18 07:56:00,United Kingdom,52,722.192
15506.0,972.08,3,842,2011-07-24 11:45:00,2011-11-17 12:11:00,United Kingdom,22,324.0266666666667
15507.0,475.86,1,160,2011-06-21 11:19:00,2011-06-21 11:19:00,United Kingdom,171,475.86
15508.0,1000.27,6,440,2011-04-18 15:31:00,2011-06-03 15:43:00,United Kingdom,188,166.71166666666667
15510.0,250.0,1,2,2011-01-13 12:10:00,2011-01-13 12:10:00,United Kingdom,330,250.0
15511.0,900.53,5,269,2011-09-15 15:05:00,2011-11-28 09:43:00,United Kingdom,11,180.106
15512.0,121.0,2,68,2010-12-15 12:01:00,2011-07-07 10:20:00,United Kingdom,155,60.5
15513.0,14758.220000000001,19,5709,2010-12-01 11:22:00,2011-11-06 14:36:00,United Kingdom,32,776.7484210526317
15514.0,4023.7200000000003,11,2098,2010-12-10 13:50:00,2011-11-27 14:40:00,United Kingdom,11,365.7927272727273
15516.0,62.43,3,27,2011-10-24 11:33:00,2011-10-26 10:51:00,United Kingdom,44,20.81
15517.0,267.03,1,293,2011-04-20 14:02:00,2011-04-20 14:02:00,United Kingdom,232,267.03
15518.0,1921.55,8,1263,2011-01-11 12:55:00,2011-10-06 13:05:00,United Kingdom,63,240.19375
15520.0,343.5,1,314,2011-12-08 10:58:00,2011-12-08 10:58:00,United Kingdom,1,343.5
15521.0,3000.2,8,1836,2011-03-30 09:15:00,2011-10-30 13:42:00,United Kingdom,39,375.025
15522.0,397.99,2,572,2011-09-13 12:26:00,2011-11-07 11:26:00,United Kingdom,32,198.995
15523.0,412.01000000000005,1,132,2011-09-16 16:29:00,2011-09-16 16:29:00,United Kingdom,83,412.01000000000005
15524.0,440.0,1,4,2011-11-15 12:09:00,2011-11-15 12:09:00,United Kingdom,24,440.0
15525.0,734.37,3,387,2010-12-01 13:17:00,2011-12-07 14:43:00,United Kingdom,1,244.79
15526.0,148.44,2,24,2011-11-06 15:01:00,2011-11-06 15:04:00,United Kingdom,32,74.22
15527.0,2428.53,8,991,2010-12-20 14:15:00,2011-11-21 12:17:00,United Kingdom,18,303.56625
15528.0,229.33,1,123,2011-03-30 16:14:00,2011-03-30 16:14:00,United Kingdom,253,229.33
15529.0,3962.6,11,3455,2010-12-08 12:24:00,2011-11-17 11:29:00,United Kingdom,22,360.23636363636365
15530.0,1497.31,4,938,2011-04-07 11:16:00,2011-11-18 12:25:00,United Kingdom,21,374.3275
15531.0,1972.39,2,1085,2011-11-09 17:47:00,2011-12-01 18:43:00,United Kingdom,7,986.195
15532.0,1564.73,4,515,2010-12-16 16:45:00,2011-11-14 14:51:00,United Kingdom,24,391.1825
15533.0,807.57,3,289,2011-09-11 15:41:00,2011-11-20 15:35:00,United Kingdom,18,269.19
15535.0,502.9,4,135,2011-01-16 12:35:00,2011-06-19 16:02:00,United Kingdom,172,125.725
15537.0,110.92,1,29,2011-06-29 13:10:00,2011-06-29 13:10:00,United Kingdom,162,110.92
15539.0,538.46,1,410,2011-12-02 13:36:00,2011-12-02 13:36:00,United Kingdom,6,538.46
15540.0,213.3,1,200,2011-11-28 13:51:00,2011-11-28 13:51:00,United Kingdom,10,213.3
15541.0,85.13000000000001,1,49,2011-08-17 14:58:00,2011-08-17 14:58:00,United Kingdom,113,85.13000000000001
15543.0,127.86,1,86,2011-02-24 15:26:00,2011-02-24 15:26:00,United Kingdom,287,127.86
15544.0,3546.71,9,3109,2010-12-02 12:47:00,2011-11-30 16:43:00,United Kingdom,8,394.0788888888889
15545.0,288.96999999999997,2,162,2010-12-03 17:28:00,2011-10-16 13:24:00,United Kingdom,53,144.48499999999999
15547.0,4910.6,14,3999,2010-12-12 13:26:00,2011-12-02 12:52:00,United Kingdom,6,350.75714285714287
15549.0,1681.46,3,694,2011-01-27 15:38:00,2011-09-23 16:22:00,United Kingdom,76,560.4866666666667
15550.0,575.63,4,295,2011-02-11 12:49:00,2011-12-05 15:38:00,United Kingdom,3,143.9075
15551.0,436.06,1,218,2011-11-03 12:37:00,2011-11-03 12:37:00,United Kingdom,36,436.06
15552.0,90.12,1,60,2011-05-06 14:47:00,2011-05-06 14:47:00,United Kingdom,216,90.12
15553.0,428.93,1,449,2011-10-10 14:02:00,2011-10-10 14:02:00,United Kingdom,59,428.93
15554.0,217.2,1,74,2011-03-07 09:00:00,2011-03-07 09:00:00,United Kingdom,277,217.2
15555.0,4794.86,16,4427,2010-12-05 14:45:00,2011-11-27 16:19:00,United Kingdom,11,299.67875
15556.0,279.77,1,236,2011-11-15 16:08:00,2011-11-15 16:08:00,United Kingdom,23,279.77
15557.0,468.91,1,213,2011-11-11 12:46:00,2011-11-11 12:46:00,United Kingdom,28,468.91
15561.0,800.59,4,267,2011-05-08 11:38:00,2011-11-28 11:07:00,United Kingdom,11,200.1475
15562.0,134.55,1,39,2010-12-23 09:55:00,2010-12-23 09:55:00,United Kingdom,351,134.55
15563.0,1400.44,4,1501,2010-12-16 11:27:00,2011-11-17 14:50:00,United Kingdom,21,350.11
15565.0,173.16,2,60,2011-09-30 10:44:00,2011-10-20 14:33:00,United Kingdom,49,86.58
15567.0,186.01,1,223,2011-11-21 10:48:00,2011-11-21 10:48:00,United Kingdom,18,186.01
15568.0,758.29,3,461,2011-09-27 14:37:00,2011-12-07 11:27:00,United Kingdom,2,252.76333333333332
15569.0,1375.71,5,666,2011-01-11 13:26:00,2011-08-28 10:15:00,United Kingdom,103,275.142
15570.0,4148.82,12,2063,2010-12-05 12:57:00,2011-12-02 14:47:00,United Kingdom,6,345.73499999999996
15571.0,650.4300000000001,4,264,2011-09-22 13:15:00,2011-11-28 10:02:00,United Kingdom,11,162.60750000000002
15572.0,2533.42,7,1213,2011-03-06 14:44:00,2011-12-05 10:09:00,United Kingdom,4,361.9171428571429
15573.0,591.1899999999999,2,355,2011-09-15 12:16:00,2011-11-08 11:38:00,United Kingdom,31,295.59499999999997
15574.0,675.64,4,332,2010-12-02 15:46:00,2011-06-15 12:01:00,United Kingdom,177,168.91
15576.0,921.37,1,394,2011-11-02 12:03:00,2011-11-02 12:03:00,United Kingdom,37,921.37
15577.0,258.88,3,89,2011-02-07 13:32:00,2011-07-11 17:03:00,United Kingdom,150,86.29333333333334
15578.0,127.1,1,52,2011-06-30 13:03:00,2011-06-30 13:03:00,United Kingdom,161,127.1
15579.0,327.6,2,117,2011-01-30 12:09:00,2011-10-02 12:45:00,United Kingdom,68,163.8
15581.0,3675.77,13,283,2010-12-08 14:38:00,2011-08-11 09:38:00,United Kingdom,120,282.7515384615385
15582.0,682.9100000000001,3,453,2011-05-03 13:36:00,2011-11-15 09:55:00,United Kingdom,24,227.63666666666668
15584.0,720.86,4,313,2011-06-30 16:39:00,2011-11-16 10:55:00,United Kingdom,23,180.215
15585.0,455.3,1,320,2011-06-16 08:38:00,2011-06-16 08:38:00,United Kingdom,176,455.3
15587.0,913.6800000000001,4,312,2010-12-23 09:59:00,2011-10-20 13:37:00,United Kingdom,49,228.42000000000002
15589.0,478.53000000000003,3,243,2011-02-02 10:46:00,2011-03-29 09:54:00,United Kingdom,255,159.51000000000002
15592.0,388.58,1,354,2011-10-24 08:59:00,2011-10-24 08:59:00,United Kingdom,46,388.58
15593.0,199.8,1,60,2011-09-30 11:46:00,2011-09-30 11:46:00,United Kingdom,70,199.8
15594.0,1771.78,5,983,2011-04-19 10:08:00,2011-11-24 08:53:00,United Kingdom,15,354.356
15596.0,1406.59,5,561,2010-12-09 16:10:00,2011-08-31 10:55:00,United Kingdom,100,281.318
15597.0,324.57,1,279,2011-11-04 13:26:00,2011-11-04 13:26:00,United Kingdom,34,324.57
15598.0,240.68,1,160,2011-10-17 16:04:00,2011-10-17 16:04:00,United Kingdom,52,240.68
15599.0,761.74,2,718,2011-05-19 13:05:00,2011-11-13 11:44:00,United Kingdom,26,380.87
15601.0,6776.56,14,4983,2010-12-02 10:39:00,2011-11-28 15:15:00,United Kingdom,10,484.04
15602.0,1297.8700000000001,9,1137,2010-12-06 15:35:00,2011-12-01 14:14:00,United Kingdom,7,144.20777777777778
15603.0,48.480000000000004,1,96,2011-09-22 10:04:00,2011-09-22 10:04:00,United Kingdom,78,48.480000000000004
15604.0,216.39,1,159,2011-10-18 14:47:00,2011-10-18 14:47:00,United Kingdom,51,216.39
15605.0,1198.23,5,441,2010-12-01 13:38:00,2011-11-03 14:17:00,United Kingdom,35,239.64600000000002
15606.0,2920.16,9,892,2011-01-19 12:07:00,2011-10-09 15:47:00,United Kingdom,60,324.4622222222222
15607.0,104.76,1,202,2011-01-07 12:44:00,2011-01-07 12:44:00,United Kingdom,336,104.76
15608.0,1093.68,4,714,2011-08-11 09:56:00,2011-11-11 13:20:00,United Kingdom,27,273.42
15609.0,298.48,1,148,2011-06-08 13:00:00,2011-06-08 13:00:00,United Kingdom,183,298.48
15610.0,112.46000000000001,1,66,2011-10-19 10:36:00,2011-10-19 10:36:00,United Kingdom,51,112.46000000000001
15611.0,1591.45,13,504,2011-01-09 11:32:00,2011-11-30 12:36:00,United Kingdom,9,122.41923076923078
15612.0,195.15,2,52,2011-10-09 12:49:00,2011-11-03 14:52:00,United Kingdom,35,97.575
15615.0,10399.74,23,5508,2010-12-15 16:21:00,2011-11-29 14:42:00,United Kingdom,9,452.1626086956522
15618.0,776.851,4,454,2011-07-26 10:13:00,2011-11-07 08:34:00,United Kingdom,32,194.21275
15619.0,336.40000000000003,1,136,2011-11-29 08:14:00,2011-11-29 08:14:00,United Kingdom,10,336.40000000000003
15620.0,1553.18,3,915,2010-12-16 14:34:00,2011-10-14 12:41:00,United Kingdom,56,517.7266666666667
15621.0,1293.03,4,501,2011-11-18 11:49:00,2011-12-05 14:01:00,United Kingdom,3,323.2575
15622.0,3709.56,9,1674,2011-03-02 13:42:00,2011-10-27 16:44:00,United Kingdom,42,412.17333333333335
15623.0,301.03,1,125,2011-07-21 17:26:00,2011-07-21 17:26:00,United Kingdom,140,301.03
15624.0,588.13,4,357,2011-03-28 13:32:00,2011-08-15 11:38:00,United Kingdom,116,147.0325
15625.0,1534.26,4,1188,2011-04-18 14:01:00,2011-08-28 10:21:00,United Kingdom,103,383.565
15626.0,675.8,2,766,2011-01-14 10:10:00,2011-09-26 10:03:00,United Kingdom,74,337.9
15628.0,2870.2400000000002,9,1894,2010-12-08 09:51:00,2011-12-05 10:24:00,United Kingdom,4,318.91555555555556
15630.0,1186.35,2,800,2011-05-19 10:16:00,2011-10-25 15:36:00,United Kingdom,44,593.175
15632.0,3285.31,8,2109,2011-03-10 08:29:00,2011-11-24 09:51:00,United Kingdom,15,410.66375
15634.0,243.55,1,99,2011-11-22 16:28:00,2011-11-22 16:28:00,United Kingdom,16,243.55
15636.0,724.76,2,284,2011-03-02 14:50:00,2011-09-11 11:17:00,United Kingdom,89,362.38
15637.0,223.36,1,128,2011-10-18 08:28:00,2011-10-18 08:28:00,United Kingdom,52,223.36
15639.0,425.32,1,323,2011-07-28 14:30:00,2011-07-28 14:30:00,United Kingdom,133,425.32
15640.0,12416.11,15,6572,2010-12-02 15:40:00,2011-12-05 14:35:00,United Kingdom,3,827.7406666666667
15641.0,1887.2,4,1562,2010-12-15 14:45:00,2011-08-26 14:04:00,United Kingdom,104,471.8
15643.0,664.0,3,246,2011-03-02 14:34:00,2011-06-01 07:38:00,United Kingdom,191,221.33333333333334
15644.0,803.54,4,550,2011-03-23 15:37:00,2011-06-26 14:54:00,United Kingdom,165,200.885
15645.0,612.01,1,256,2011-11-21 11:55:00,2011-11-21 11:55:00,United Kingdom,18,612.01
15646.0,447.64000000000004,3,394,2010-12-02 16:59:00,2011-07-05 09:53:00,United Kingdom,157,149.21333333333334
15648.0,639.5,2,218,2011-03-17 18:59:00,2011-05-19 15:53:00,United Kingdom,203,319.75
15649.0,816.0,2,192,2010-12-07 10:06:00,2011-01-07 13:34:00,United Kingdom,335,408.0
15651.0,646.3,3,479,2011-03-24 08:56:00,2011-11-03 08:41:00,United Kingdom,36,215.4333333333333
15652.0,337.74,1,208,2011-09-09 14:22:00,2011-09-09 14:22:00,United Kingdom,90,337.74
15653.0,877.4399999999999,2,1200,2011-08-16 09:50:00,2011-09-08 10:49:00,United Kingdom,92,438.71999999999997
15654.0,922.53,2,475,2011-11-13 15:15:00,2011-11-30 13:08:00,United Kingdom,8,461.265
15655.0,560.67,1,324,2011-04-10 15:25:00,2011-04-10 15:25:00,United Kingdom,242,560.67
15656.0,748.5,4,343,2011-02-28 15:32:00,2011-10-25 14:56:00,United Kingdom,44,187.125
15657.0,30.0,1,24,2011-11-17 12:19:00,2011-11-17 12:19:00,United Kingdom,22,30.0
15658.0,1024.1000000000001,5,242,2010-12-02 10:53:00,2011-06-02 15:22:00,United Kingdom,189,204.82000000000002
15659.0,306.45,1,111,2011-10-27 09:23:00,2011-10-27 09:23:00,United Kingdom,43,306.45
15660.0,1600.86,9,1050,2010-12-09 09:49:00,2011-11-14 16:58:00,United Kingdom,24,177.87333333333333
15661.0,309.8,2,236,2011-01-05 12:32:00,2011-01-26 13:56:00,United Kingdom,316,154.9
15663.0,138.14,1,106,2011-08-25 15:50:00,2011-08-25 15:50:00,United Kingdom,105,138.14
15664.0,386.43,1,157,2011-10-20 10:57:00,2011-10-20 10:57:00,United Kingdom,50,386.43
15665.0,2222.21,2,1654,2011-04-10 15:09:00,2011-06-24 14:57:00,United Kingdom,167,1111.105
15667.0,301.32,1,240,2011-10-31 10:56:00,2011-10-31 10:56:00,United Kingdom,39,301.32
15668.0,76.32000000000001,1,72,2011-05-06 10:39:00,2011-05-06 10:39:00,United Kingdom,217,76.32000000000001
15669.0,684.34,4,342,2011-03-21 09:13:00,2011-10-30 16:03:00,United Kingdom,39,171.085
15670.0,173.05,1,91,2011-02-16 10:50:00,2011-02-16 10:50:00,United Kingdom,296,173.05
15671.0,2657.13,7,1699,2011-03-14 09:37:00,2011-11-21 12:43:00,United Kingdom,18,379.59000000000003
15673.0,2726.23,4,1451,2011-01-16 16:25:00,2011-09-12 16:12:00,United Kingdom,87,681.5575
15674.0,2446.6,5,1275,2011-03-30 09:19:00,2011-09-27 15:17:00,United Kingdom,72,489.32
15675.0,323.69,3,527,2011-03-04 14:21:00,2011-09-19 13:48:00,United Kingdom,80,107.89666666666666
15676.0,3435.76,3,2252,2011-03-01 10:19:00,2011-11-21 12:40:00,United Kingdom,18,1145.2533333333333
15677.0,657.23,1,319,2011-10-21 15:36:00,2011-10-21 15:36:00,United Kingdom,48,657.23
15678.0,352.7,1,184,2011-10-18 09:25:00,2011-10-18 09:25:00,United Kingdom,52,352.7
15679.0,781.28,4,1170,2011-06-10 08:24:00,2011-11-15 16:19:00,United Kingdom,23,195.32
15680.0,1333.68,3,952,2010-12-08 14:43:00,2011-11-30 13:46:00,United Kingdom,8,444.56
15681.0,1426.16,5,816,2011-03-04 13:46:00,2011-11-14 16:30:00,United Kingdom,24,285.232
15683.0,193.75,1,131,2011-08-14 12:56:00,2011-08-14 12:56:00,United Kingdom,116,193.75
15687.0,2993.1,9,1310,2011-01-13 15:13:00,2011-12-01 08:33:00,United Kingdom,8,332.56666666666666
15689.0,254.1,2,84,2010-12-13 09:57:00,2011-08-12 09:37:00,United Kingdom,119,127.05
15690.0,239.76,2,408,2011-08-31 11:40:00,2011-12-05 15:59:00,United Kingdom,3,119.88
15691.0,136.8,1,72,2011-04-01 15:13:00,2011-04-01 15:13:00,United Kingdom,251,136.8
15692.0,191.04,1,138,2011-11-11 14:12:00,2011-11-11 14:12:00,United Kingdom,27,191.04
15694.0,6479.4,14,1677,2010-12-02 07:49:00,2011-12-09 09:44:00,United Kingdom,0,462.8142857142857
15695.0,409.98,2,212,2011-03-18 08:31:00,2011-03-18 08:32:00,United Kingdom,266,204.99
15696.0,2711.11,8,1015,2011-01-17 11:24:00,2011-11-06 14:02:00,United Kingdom,32,338.88875
15699.0,309.65,1,113,2011-11-22 08:26:00,2011-11-22 08:26:00,United Kingdom,17,309.65
15700.0,696.68,2,357,2011-06-19 15:36:00,2011-06-20 16:53:00,United Kingdom,171,348.34
15701.0,1529.0,4,912,2011-08-21 12:36:00,2011-12-07 14:39:00,United Kingdom,1,382.25
15703.0,211.5,1,66,2011-03-20 10:51:00,2011-03-20 10:51:00,United Kingdom,264,211.5
15704.0,2293.62,4,1028,2011-05-08 12:42:00,2011-07-22 13:35:00,United Kingdom,139,573.405
15705.0,143.1,1,62,2011-05-22 15:37:00,2011-05-22 15:37:00,United Kingdom,200,143.1
15706.0,1060.56,4,321,2011-08-15 14:32:00,2011-10-07 10:09:00,United Kingdom,63,265.14
15707.0,916.98,4,594,2011-09-14 14:19:00,2011-11-04 14:35:00,United Kingdom,34,229.245
15708.0,3235.25,7,1217,2010-12-05 11:12:00,2011-10-30 10:54:00,United Kingdom,40,462.17857142857144
15709.0,133.25,1,121,2011-03-01 10:38:00,2011-03-01 10:38:00,United Kingdom,283,133.25
15712.0,1072.3600000000001,5,486,2011-02-25 11:32:00,2011-11-30 14:09:00,United Kingdom,8,214.47200000000004
15713.0,356.7,2,150,2010-12-08 15:16:00,2011-07-19 13:34:00,United Kingdom,142,178.35
15714.0,330.03000000000003,2,186,2011-09-23 11:25:00,2011-11-28 11:26:00,United Kingdom,11,165.01500000000001
15716.0,1101.1100000000001,4,738,2010-12-05 12:26:00,2011-07-17 11:59:00,United Kingdom,145,275.27750000000003
15717.0,150.3,1,70,2011-04-19 13:21:00,2011-04-19 13:21:00,United Kingdom,233,150.3
15719.0,5030.07,13,2718,2011-01-06 12:31:00,2011-11-07 12:29:00,United Kingdom,32,386.92846153846153
15720.0,598.73,1,281,2011-11-15 14:48:00,2011-11-15 14:48:00,United Kingdom,23,598.73
15721.0,471.40000000000003,1,388,2011-11-28 12:14:00,2011-11-28 12:14:00,United Kingdom,11,471.40000000000003
15722.0,2211.21,5,1023,2011-02-22 12:24:00,2011-11-04 11:43:00,United Kingdom,35,442.242
15723.0,190.7,1,73,2010-12-10 11:12:00,2010-12-10 11:12:00,United Kingdom,364,190.7
15724.0,218.25,2,73,2011-02-28 10:40:00,2011-05-22 14:40:00,United Kingdom,200,109.125
15725.0,415.25,1,221,2011-11-24 14:51:00,2011-11-24 14:51:00,United Kingdom,14,415.25
15727.0,5159.06,7,3063,2010-12-15 15:47:00,2011-11-23 12:36:00,United Kingdom,16,737.0085714285715
15729.0,85.0,1,28,2011-05-11 12:36:00,2011-05-11 12:36:00,United Kingdom,212,85.0
15730.0,1120.88,3,689,2011-05-17 12:43:00,2011-10-05 12:31:00,United Kingdom,65,373.6266666666667
15732.0,294.12,2,215,2010-12-02 15:00:00,2011-05-11 14:24:00,United Kingdom,211,147.06
15733.0,162.3,1,62,2011-03-02 09:05:00,2011-03-02 09:05:00,United Kingdom,282,162.3
15734.0,1339.45,2,346,2011-05-23 14:59:00,2011-08-17 10:50:00,United Kingdom,114,669.725
15737.0,1188.1200000000001,8,597,2011-04-11 10:01:00,2011-11-25 11:21:00,United Kingdom,14,148.51500000000001
15738.0,4812.42,16,2982,2010-12-02 12:50:00,2011-11-21 08:26:00,United Kingdom,18,300.77625
15739.0,449.12,1,472,2011-10-04 13:42:00,2011-10-04 13:42:00,United Kingdom,65,449.12
15740.0,154.88,1,152,2011-10-21 14:29:00,2011-10-21 14:29:00,United Kingdom,48,154.88
15743.0,775.96,4,214,2011-06-08 10:14:00,2011-11-23 17:19:00,United Kingdom,15,193.99
15744.0,34.8,1,120,2011-09-23 09:52:00,2011-09-23 09:52:00,United Kingdom,77,34.8
15745.0,1094.59,4,421,2011-04-17 13:04:00,2011-11-20 13:45:00,United Kingdom,18,273.6475
15746.0,196.88,1,178,2011-07-28 15:21:00,2011-07-28 15:21:00,United Kingdom,133,196.88
15747.0,946.64,3,466,2011-06-20 11:30:00,2011-11-27 12:26:00,United Kingdom,12,315.5466666666667
15748.0,144.36,1,50,2011-10-30 12:51:00,2011-10-30 12:51:00,United Kingdom,39,144.36
15749.0,44534.3,3,18028,2011-01-11 12:55:00,2011-04-18 13:20:00,United Kingdom,234,14844.766666666668
15750.0,2463.05,8,1783,2010-12-08 10:36:00,2011-12-07 12:34:00,United Kingdom,2,307.88125
15752.0,2626.6,7,1960,2010-12-02 09:43:00,2011-10-31 11:37:00,United Kingdom,39,375.2285714285714
15753.0,79.2,1,144,2011-02-08 12:41:00,2011-02-08 12:41:00,United Kingdom,304,79.2
15754.0,458.57,3,199,2011-04-07 12:24:00,2011-10-19 14:40:00,United Kingdom,50,152.85666666666665
15755.0,2364.25,6,1427,2011-02-18 11:53:00,2011-11-29 14:57:00,United Kingdom,9,394.0416666666667
15756.0,528.01,4,241,2011-04-04 14:00:00,2011-10-09 13:30:00,United Kingdom,60,132.0025
15757.0,714.42,2,491,2011-05-06 11:40:00,2011-10-05 12:14:00,United Kingdom,65,357.21
15758.0,205.25,1,47,2011-11-15 10:48:00,2011-11-15 10:48:00,United Kingdom,24,205.25
15759.0,253.04,3,60,2010-12-16 15:29:00,2011-05-05 15:13:00,United Kingdom,217,84.34666666666666
15762.0,583.75,2,251,2011-09-23 15:17:00,2011-10-05 16:15:00,United Kingdom,64,291.875
15763.0,1086.92,2,271,2011-09-23 12:10:00,2011-11-08 09:44:00,United Kingdom,31,543.46
15764.0,3279.97,6,2050,2011-03-08 09:23:00,2011-09-12 17:58:00,United Kingdom,87,546.6616666666666
15766.0,315.06,1,170,2011-10-06 17:03:00,2011-10-06 17:03:00,United Kingdom,63,315.06
15768.0,621.8299999999999,3,244,2011-04-28 09:20:00,2011-08-16 10:48:00,United Kingdom,115,207.27666666666664
15769.0,56252.72,26,29672,2010-12-03 15:16:00,2011-12-02 13:52:00,United Kingdom,6,2163.566153846154
15773.0,635.6800000000001,1,311,2011-12-04 12:48:00,2011-12-04 12:48:00,United Kingdom,5,635.6800000000001
15774.0,270.8,1,87,2011-10-02 12:04:00,2011-10-02 12:04:00,United Kingdom,68,270.8
15775.0,104.9,1,68,2011-04-08 12:56:00,2011-04-08 12:56:00,United Kingdom,244,104.9
15776.0,241.62,1,138,2011-07-29 13:46:00,2011-07-29 13:46:00,United Kingdom,132,241.62
15777.0,1047.11,4,378,2010-12-13 16:38:00,2011-04-12 16:43:00,United Kingdom,240,261.7775
15780.0,475.28000000000003,3,220,2010-12-17 11:43:00,2011-06-09 12:01:00,United Kingdom,183,158.42666666666668
15781.0,345.46,3,180,2011-02-07 09:15:00,2011-11-14 14:57:00,United Kingdom,24,115.15333333333332
15782.0,2614.7400000000002,3,864,2011-09-11 14:29:00,2011-11-30 10:49:00,United Kingdom,9,871.58
15783.0,246.3,1,212,2011-11-29 09:50:00,2011-11-29 09:50:00,United Kingdom,10,246.3
15785.0,2328.9700000000003,5,1612,2011-02-17 14:17:00,2011-11-07 11:33:00,United Kingdom,32,465.79400000000004
15786.0,4919.0,3,3340,2011-08-17 13:33:00,2011-10-24 14:13:00,United Kingdom,45,1639.6666666666667
15787.0,933.26,3,534,2011-10-09 13:11:00,2011-11-13 14:55:00,United Kingdom,25,311.08666666666664
15789.0,351.3,1,438,2010-12-16 14:35:00,2010-12-16 14:35:00,United Kingdom,357,351.3
15790.0,218.75,1,113,2011-11-29 14:53:00,2011-11-29 14:53:00,United Kingdom,9,218.75
15791.0,1612.69,2,731,2011-05-19 15:15:00,2011-10-27 10:14:00,United Kingdom,43,806.345
15793.0,965.61,3,553,2011-03-16 10:45:00,2011-11-25 09:31:00,United Kingdom,14,321.87
15795.0,610.01,1,581,2011-07-13 10:43:00,2011-07-13 10:43:00,United Kingdom,149,610.01
15796.0,2708.61,8,860,2011-02-10 15:40:00,2011-12-08 19:55:00,United Kingdom,0,338.57625
15797.0,2207.4,4,873,2011-01-24 15:47:00,2011-08-18 17:04:00,United Kingdom,112,551.85
15799.0,884.14,3,955,2011-01-09 15:13:00,2011-09-25 12:46:00,United Kingdom,75,294.7133333333333
15800.0,696.89,2,332,2011-04-07 12:39:00,2011-08-24 14:23:00,United Kingdom,106,348.445
15801.0,1063.95,3,570,2011-08-22 09:53:00,2011-10-24 13:52:00,United Kingdom,45,354.65000000000003
15802.0,451.42,1,1,2011-07-20 11:38:00,2011-07-20 11:38:00,United Kingdom,142,451.42
15803.0,415.82000000000005,1,290,2011-10-19 14:56:00,2011-10-19 14:56:00,United Kingdom,50,415.82000000000005
15804.0,4206.39,13,2565,2011-05-25 10:12:00,2011-12-09 12:31:00,United Kingdom,0,323.5684615384616
15805.0,5488.18,17,3367,2010-12-10 09:33:00,2011-11-16 16:32:00,United Kingdom,22,322.83411764705886
15806.0,784.58,3,602,2011-03-08 09:24:00,2011-10-24 14:35:00,United Kingdom,45,261.5266666666667
15807.0,903.9,3,430,2011-09-23 14:43:00,2011-10-20 14:10:00,United Kingdom,49,301.3
15808.0,3651.27,4,1305,2010-12-05 13:05:00,2011-02-06 14:33:00,United Kingdom,305,912.8175
15809.0,515.77,5,301,2011-02-10 11:16:00,2011-11-03 16:40:00,United Kingdom,35,103.154
15810.0,1391.98,4,861,2011-02-16 09:11:00,2011-09-22 09:38:00,United Kingdom,78,347.995
15811.0,2218.62,6,1071,2010-12-09 15:29:00,2011-11-17 15:31:00,United Kingdom,21,369.77
15812.0,1801.14,5,922,2011-01-26 12:12:00,2011-08-24 14:19:00,United Kingdom,106,360.228
15813.0,1303.9099999999999,2,603,2011-04-14 09:09:00,2011-05-16 08:13:00,United Kingdom,207,651.9549999999999
15814.0,1945.33,4,1271,2011-10-20 09:04:00,2011-11-23 08:17:00,United Kingdom,16,486.3325
15815.0,2100.6,5,1856,2011-03-25 08:43:00,2011-10-07 12:42:00,United Kingdom,63,420.12
15819.0,1905.45,4,1357,2011-03-08 09:45:00,2011-10-21 14:50:00,United Kingdom,48,476.3625
15820.0,206.98,1,128,2011-01-24 12:00:00,2011-01-24 12:00:00,United Kingdom,319,206.98
15821.0,570.96,2,202,2011-10-09 13:28:00,2011-10-26 15:48:00,United Kingdom,43,285.48
15822.0,885.47,2,375,2010-12-15 13:38:00,2011-12-06 14:50:00,United Kingdom,2,442.735
15823.0,15.0,1,1,2010-12-02 15:08:00,2010-12-02 15:08:00,United Kingdom,371,15.0
15825.0,532.94,1,220,2011-06-20 13:27:00,2011-06-20 13:27:00,United Kingdom,171,532.94
15826.0,1654.31,3,963,2011-05-13 10:44:00,2011-10-14 16:05:00,United Kingdom,55,551.4366666666666
15827.0,1836.0900000000001,14,882,2010-12-02 13:06:00,2011-09-27 15:35:00,United Kingdom,72,131.14928571428572
15829.0,636.14,2,996,2011-07-22 10:23:00,2011-09-01 16:45:00,United Kingdom,98,318.07
15830.0,576.0,1,415,2011-11-02 10:40:00,2011-11-02 10:40:00,United Kingdom,37,576.0
15831.0,794.64,3,1092,2011-01-19 14:52:00,2011-10-12 13:14:00,United Kingdom,57,264.88
15832.0,836.79,1,465,2011-03-30 15:29:00,2011-03-30 15:29:00,United Kingdom,253,836.79
15834.0,2225.15,4,961,2011-03-07 17:52:00,2011-09-30 14:41:00,United Kingdom,69,556.2875
15835.0,954.09,4,439,2011-01-13 10:35:00,2011-10-26 15:47:00,United Kingdom,43,238.5225
15836.0,137.37,1,26,2011-10-20 17:13:00,2011-10-20 17:13:00,United Kingdom,49,137.37
15837.0,391.98,1,189,2011-10-06 09:01:00,2011-10-06 09:01:00,United Kingdom,64,391.98
15838.0,33643.08,19,18368,2010-12-07 11:26:00,2011-11-28 14:00:00,United Kingdom,10,1770.6884210526316
15839.0,1048.49,3,675,2011-07-14 16:35:00,2011-11-06 13:54:00,United Kingdom,32,349.49666666666667
15840.0,355.56,2,396,2011-06-20 11:42:00,2011-10-12 09:08:00,United Kingdom,58,177.78
15841.0,1224.06,4,942,2011-01-05 11:25:00,2011-09-28 12:15:00,United Kingdom,72,306.015
15843.0,118.95000000000002,1,27,2011-02-09 10:19:00,2011-02-09 10:19:00,United Kingdom,303,118.95000000000002
15844.0,130.73999999999998,1,134,2011-10-24 15:19:00,2011-10-24 15:19:00,United Kingdom,45,130.73999999999998
15845.0,3711.77,8,1926,2011-01-06 17:19:00,2011-11-22 09:42:00,United Kingdom,17,463.97125
15847.0,389.27,2,449,2011-02-24 16:46:00,2011-11-01 14:41:00,United Kingdom,37,194.635
15850.0,234.88,2,298,2011-06-24 14:16:00,2011-11-20 14:14:00,United Kingdom,18,117.44
15852.0,160.71,2,48,2011-05-26 13:26:00,2011-06-06 11:22:00,United Kingdom,186,80.355
15853.0,110.8,1,135,2011-10-19 10:38:00,2011-10-19 10:38:00,United Kingdom,51,110.8
15854.0,2969.12,12,926,2010-12-13 11:47:00,2011-12-05 13:39:00,United Kingdom,3,247.42666666666665
15855.0,712.24,5,470,2011-03-21 12:32:00,2011-07-26 10:20:00,United Kingdom,136,142.448
15856.0,16143.64,27,10866,2010-12-09 13:34:00,2011-12-05 17:09:00,United Kingdom,3,597.9125925925925
15857.0,297.0,1,308,2011-11-21 12:18:00,2011-11-21 12:18:00,United Kingdom,18,297.0
15858.0,1427.57,5,1163,2010-12-07 14:31:00,2011-11-24 12:48:00,United Kingdom,15,285.514
15860.0,965.16,8,437,2010-12-06 11:38:00,2011-10-30 11:25:00,United Kingdom,40,120.645
15861.0,3146.92,8,2528,2011-03-17 20:12:00,2011-11-27 15:59:00,United Kingdom,11,393.365
15862.0,832.88,4,585,2010-12-01 11:21:00,2011-12-01 13:28:00,United Kingdom,7,208.22
15863.0,68.84,2,19,2011-05-31 11:36:00,2011-11-14 12:49:00,United Kingdom,25,34.42
15864.0,1936.3200000000002,6,1192,2011-01-27 16:43:00,2011-11-17 13:32:00,United Kingdom,21,322.72
15865.0,895.13,3,368,2011-05-10 11:44:00,2011-10-30 12:43:00,United Kingdom,40,298.37666666666667
15866.0,211.89,1,124,2011-08-30 14:09:00,2011-08-30 14:09:00,United Kingdom,100,211.89
15867.0,3810.14,15,2052,2010-12-05 14:17:00,2011-12-04 13:32:00,United Kingdom,4,254.00933333333333
15869.0,149.64,2,175,2011-03-07 17:19:00,2011-03-07 17:23:00,United Kingdom,276,74.82
15870.0,351.44,1,333,2011-11-07 10:58:00,2011-11-07 10:58:00,United Kingdom,32,351.44
15872.0,316.25,2,187,2011-11-25 11:54:00,2011-11-25 11:55:00,United Kingdom,14,158.125
15874.0,4405.88,7,2534,2011-02-28 13:28:00,2011-10-07 12:31:00,United Kingdom,63,629.4114285714286
15877.0,490.33,2,368,2011-11-22 11:18:00,2011-12-08 11:53:00,United Kingdom,1,245.165
15880.0,329.03000000000003,1,202,2010-12-05 13:00:00,2010-12-05 13:00:00,United Kingdom,368,329.03000000000003
15881.0,501.39000000000004,5,260,2010-12-10 13:32:00,2011-01-31 16:59:00,United Kingdom,311,100.278
15882.0,516.36,4,276,2010-12-06 13:01:00,2011-05-25 11:35:00,United Kingdom,198,129.09
15883.0,396.48,2,223,2011-11-06 14:50:00,2011-12-07 17:05:00,United Kingdom,1,198.24
15885.0,379.35,3,111,2011-02-03 15:28:00,2011-09-08 10:43:00,United Kingdom,92,126.45
15886.0,181.09,1,147,2011-10-10 14:25:00,2011-10-10 14:25:00,United Kingdom,59,181.09
15888.0,168.31,1,76,2011-09-20 12:30:00,2011-09-20 12:30:00,United Kingdom,80,168.31
15889.0,420.07,2,206,2010-12-05 15:12:00,2011-07-06 11:10:00,United Kingdom,156,210.035
15891.0,511.68,1,418,2011-04-27 12:35:00,2011-04-27 12:35:00,United Kingdom,226,511.68
15894.0,258.25,2,164,2010-12-05 14:06:00,2011-03-31 13:50:00,United Kingdom,252,129.125
15895.0,179.17,1,94,2011-07-13 10:27:00,2011-07-13 10:27:00,United Kingdom,149,179.17
15897.0,208.59,2,223,2011-05-29 13:32:00,2011-05-29 13:50:00,United Kingdom,193,104.295
15898.0,1383.83,5,567,2010-12-06 11:01:00,2011-12-08 15:23:00,United Kingdom,0,276.76599999999996
15899.0,56.25,1,39,2010-12-06 10:36:00,2010-12-06 10:36:00,United Kingdom,368,56.25
15900.0,337.28,1,216,2011-11-16 12:19:00,2011-11-16 12:19:00,United Kingdom,23,337.28
15901.0,351.73,3,379,2011-07-08 12:18:00,2011-11-23 12:43:00,United Kingdom,16,117.24333333333334
15903.0,5126.76,7,2410,2011-02-17 14:04:00,2011-11-30 08:08:00,United Kingdom,9,732.3942857142857
15904.0,164.68,1,84,2011-12-01 14:50:00,2011-12-01 14:50:00,United Kingdom,7,164.68
15906.0,1567.69,7,544,2011-03-29 13:28:00,2011-11-20 12:24:00,United Kingdom,19,223.9557142857143
15907.0,882.72,3,478,2011-05-13 13:01:00,2011-12-06 12:21:00,United Kingdom,3,294.24
15909.0,191.94,1,98,2011-06-19 10:38:00,2011-06-19 10:38:00,United Kingdom,173,191.94
15910.0,1228.88,8,1013,2011-01-27 11:55:00,2011-12-09 10:51:00,United Kingdom,0,153.61
15912.0,264.62,2,185,2011-04-20 17:10:00,2011-06-14 14:29:00,United Kingdom,177,132.31
15916.0,1502.8600000000001,8,752,2010-12-08 13:07:00,2011-11-23 13:46:00,United Kingdom,15,187.85750000000002
15917.0,123.1,1,42,2011-04-06 10:40:00,2011-04-06 10:40:00,United Kingdom,247,123.1
15918.0,334.23,2,153,2011-03-13 15:55:00,2011-06-02 11:42:00,United Kingdom,190,167.115
15919.0,525.69,2,385,2010-12-06 11:26:00,2011-11-20 11:28:00,United Kingdom,19,262.845
15920.0,167.5,4,99,2011-07-08 15:16:00,2011-07-08 15:31:00,United Kingdom,153,41.875
15921.0,323.03000000000003,1,162,2011-06-20 11:03:00,2011-06-20 11:03:00,United Kingdom,172,323.03000000000003
15922.0,369.5,1,138,2010-12-01 13:51:00,2010-12-01 13:51:00,United Kingdom,372,369.5
15923.0,127.08,1,122,2010-12-02 12:16:00,2010-12-02 12:16:00,United Kingdom,372,127.08
15925.0,207.15,1,93,2011-05-29 15:35:00,2011-05-29 15:35:00,United Kingdom,193,207.15
15930.0,426.63,1,139,2011-10-03 14:52:00,2011-10-03 14:52:00,United Kingdom,66,426.63
15932.0,2495.87,8,2325,2011-02-23 14:50:00,2011-12-05 17:13:00,United Kingdom,3,311.98375
15933.0,1107.46,3,885,2011-09-14 12:05:00,2011-11-18 13:14:00,United Kingdom,20,369.15333333333336
15935.0,416.86,2,115,2011-04-12 09:35:00,2011-04-14 13:27:00,United Kingdom,238,208.43
15937.0,145.35,1,73,2011-10-06 15:48:00,2011-10-06 15:48:00,United Kingdom,63,145.35
15938.0,404.58,5,240,2011-01-20 10:11:00,2011-08-19 12:56:00,United Kingdom,111,80.916
15939.0,6115.01,15,4728,2011-01-12 12:43:00,2011-09-11 11:30:00,United Kingdom,89,407.6673333333334
15940.0,35.8,1,4,2011-02-01 16:18:00,2011-02-01 16:18:00,United Kingdom,310,35.8
15942.0,337.44,1,232,2011-07-29 09:01:00,2011-07-29 09:01:00,United Kingdom,133,337.44
15944.0,325.1,1,50,2011-03-08 10:33:00,2011-03-08 10:33:00,United Kingdom,276,325.1
15945.0,181.0,1,52,2010-12-09 13:14:00,2010-12-09 13:14:00,United Kingdom,364,181.0
15947.0,1708.24,1,898,2011-09-18 10:46:00,2011-09-18 10:46:00,United Kingdom,82,1708.24
15948.0,955.24,2,567,2011-10-27 08:35:00,2011-12-01 15:32:00,United Kingdom,7,477.62
15949.0,364.72,2,284,2011-09-29 17:34:00,2011-11-23 09:09:00,United Kingdom,16,182.36
15950.0,1744.71,4,719,2010-12-15 11:56:00,2011-11-08 11:09:00,United Kingdom,31,436.1775
15951.0,708.22,2,313,2011-02-27 11:57:00,2011-12-01 08:34:00,United Kingdom,8,354.11
15952.0,781.91,4,391,2011-04-28 12:55:00,2011-11-06 11:18:00,United Kingdom,33,195.4775
15953.0,1657.28,8,891,2010-12-05 15:15:00,2011-11-24 15:32:00,United Kingdom,14,207.16
15955.0,4416.26,14,2135,2010-12-02 11:22:00,2011-11-15 14:15:00,United Kingdom,23,315.44714285714286
15957.0,428.89,1,211,2011-11-08 12:14:00,2011-11-08 12:14:00,United Kingdom,31,428.89
15958.0,104.35,1,33,2011-09-26 13:41:00,2011-09-26 13:41:00,United Kingdom,73,104.35
15963.0,470.76,2,298,2011-10-25 13:05:00,2011-11-20 11:33:00,United Kingdom,19,235.38
15965.0,808.87,4,434,2010-12-07 13:18:00,2011-11-22 16:44:00,United Kingdom,16,202.2175
15967.0,397.68,2,205,2011-01-25 11:57:00,2011-11-16 15:41:00,United Kingdom,22,198.84
15969.0,666.1,3,124,2011-06-07 12:19:00,2011-12-07 11:06:00,United Kingdom,2,222.03333333333333
15970.0,314.1,1,116,2011-02-09 12:08:00,2011-02-09 12:08:00,United Kingdom,303,314.1
15971.0,4199.85,12,1717,2011-02-01 16:47:00,2011-11-22 12:50:00,United Kingdom,17,349.9875
15973.0,307.82000000000005,1,106,2010-12-08 11:42:00,2010-12-08 11:42:00,United Kingdom,366,307.82000000000005
15974.0,3442.15,7,2262,2011-02-24 10:10:00,2011-10-31 13:13:00,United Kingdom,38,491.7357142857143
15975.0,371.01,1,243,2011-09-16 13:33:00,2011-09-16 13:33:00,United Kingdom,83,371.01
15976.0,427.64,2,275,2011-05-03 17:12:00,2011-06-27 13:00:00,United Kingdom,164,213.82
15977.0,1054.73,2,1016,2011-10-31 16:24:00,2011-11-22 13:29:00,United Kingdom,16,527.365
15978.0,1098.78,1,888,2011-09-23 15:21:00,2011-09-23 15:21:00,United Kingdom,76,1098.78
15980.0,2398.86,3,1560,2011-03-30 15:05:00,2011-09-12 09:41:00,United Kingdom,88,799.62
15981.0,3408.48,8,1866,2011-02-01 13:50:00,2011-11-15 08:00:00,United Kingdom,24,426.06
15983.0,1465.12,4,886,2010-12-01 12:15:00,2011-11-17 17:34:00,United Kingdom,21,366.28
15984.0,2780.63,10,1815,2010-12-06 13:21:00,2011-12-07 12:16:00,United Kingdom,2,278.063
15985.0,1142.42,2,1086,2011-04-17 11:04:00,2011-08-08 16:31:00,United Kingdom,122,571.21
15986.0,168.12,1,268,2011-11-09 15:17:00,2011-11-09 15:17:00,United Kingdom,29,168.12
15987.0,1432.77,7,1533,2010-12-06 08:34:00,2011-11-27 15:38:00,United Kingdom,11,204.68142857142857
15988.0,156.78,1,180,2011-11-20 13:23:00,2011-11-20 13:23:00,United Kingdom,18,156.78
15990.0,792.11,2,443,2011-02-25 15:35:00,2011-10-26 15:58:00,United Kingdom,43,396.055
15992.0,41.989999999999995,1,17,2011-12-06 11:00:00,2011-12-06 11:00:00,United Kingdom,3,41.989999999999995
15993.0,2777.67,7,2037,2011-10-26 16:21:00,2011-12-01 10:45:00,United Kingdom,8,396.81
15994.0,414.27,1,173,2011-10-16 12:28:00,2011-10-16 12:28:00,United Kingdom,54,414.27
15996.0,1032.58,6,380,2010-12-08 15:59:00,2011-09-12 15:14:00,United Kingdom,87,172.09666666666666
15998.0,3080.22,5,2032,2010-12-12 13:32:00,2011-11-03 12:45:00,United Kingdom,36,616.044
16000.0,12393.7,3,5110,2011-12-07 12:14:00,2011-12-07 12:17:00,United Kingdom,2,4131.233333333334
16003.0,2735.37,5,1185,2010-12-15 12:09:00,2011-11-10 09:57:00,United Kingdom,29,547.074
16005.0,578.71,4,280,2011-03-14 11:46:00,2011-11-27 13:47:00,United Kingdom,11,144.6775
16006.0,101.4,1,84,2011-05-12 13:12:00,2011-05-12 13:12:00,United Kingdom,210,101.4
16007.0,1693.81,4,1388,2011-05-08 13:32:00,2011-10-23 11:05:00,United Kingdom,47,423.4525
16008.0,478.78,3,323,2011-05-19 10:54:00,2011-11-16 10:32:00,United Kingdom,23,159.59333333333333
16009.0,972.11,4,366,2011-07-03 11:26:00,2011-11-17 16:51:00,United Kingdom,21,243.0275
16010.0,392.4,3,202,2010-12-12 12:18:00,2011-04-08 10:14:00,United Kingdom,245,130.79999999999998
16011.0,3352.96,16,2035,2010-12-08 16:34:00,2011-12-01 16:31:00,United Kingdom,7,209.56
16012.0,1415.29,3,799,2011-07-07 18:02:00,2011-11-04 13:25:00,United Kingdom,34,471.7633333333333
16013.0,37130.6,47,15536,2010-12-03 13:09:00,2011-12-06 10:36:00,United Kingdom,3,790.0127659574467
16014.0,646.83,3,258,2011-02-21 17:42:00,2011-11-02 12:04:00,United Kingdom,37,215.61
16015.0,704.55,3,907,2011-10-21 12:56:00,2011-12-06 10:58:00,United Kingdom,3,234.85
16016.0,1465.51,8,602,2010-12-08 12:36:00,2011-12-06 14:35:00,United Kingdom,2,183.18875
16017.0,211.88,1,102,2011-10-23 12:56:00,2011-10-23 12:56:00,United Kingdom,46,211.88
16018.0,408.90000000000003,2,190,2011-06-12 13:52:00,2011-10-31 14:13:00,United Kingdom,38,204.45000000000002
16019.0,3786.2400000000002,9,1733,2010-12-10 12:29:00,2011-10-24 11:51:00,United Kingdom,46,420.6933333333334
16020.0,851.01,3,487,2011-10-05 13:54:00,2011-11-23 11:18:00,United Kingdom,16,283.67
16022.0,602.63,1,255,2011-03-24 13:16:00,2011-03-24 13:16:00,United Kingdom,259,602.63
16023.0,719.81,3,358,2011-03-18 13:32:00,2011-10-24 16:34:00,United Kingdom,45,239.93666666666664
16024.0,251.03,1,397,2011-11-27 13:26:00,2011-11-27 13:26:00,United Kingdom,11,251.03
16025.0,439.65999999999997,1,338,2011-11-10 11:45:00,2011-11-10 11:45:00,United Kingdom,29,439.65999999999997
16026.0,236.09,1,243,2011-10-27 13:53:00,2011-10-27 13:53:00,United Kingdom,42,236.09
16027.0,934.62,6,1147,2011-02-10 12:19:00,2011-09-09 10:47:00,United Kingdom,91,155.77
16029.0,80850.84,63,40108,2010-12-01 09:57:00,2011-11-01 10:27:00,United Kingdom,38,1283.3466666666666
16030.0,331.24,1,283,2011-02-03 11:28:00,2011-02-03 11:28:00,United Kingdom,309,331.24
16031.0,547.9,2,421,2011-04-06 14:23:00,2011-09-08 13:07:00,United Kingdom,91,273.95
16033.0,8778.82,20,3529,2010-12-05 10:36:00,2011-12-04 12:44:00,United Kingdom,5,438.941
16034.0,437.7,3,242,2011-01-11 11:54:00,2011-05-27 16:17:00,United Kingdom,195,145.9
16036.0,758.92,2,716,2011-03-21 13:01:00,2011-09-13 14:53:00,United Kingdom,86,379.46
16037.0,855.02,3,428,2010-12-16 10:18:00,2011-03-15 09:13:00,United Kingdom,269,285.00666666666666
16038.0,471.78000000000003,3,244,2011-05-22 11:29:00,2011-12-02 12:40:00,United Kingdom,7,157.26000000000002
16040.0,1313.55,3,684,2011-03-16 09:58:00,2011-10-05 13:47:00,United Kingdom,64,437.84999999999997
16041.0,3166.4,3,1584,2011-07-21 16:27:00,2011-11-09 12:25:00,United Kingdom,30,1055.4666666666667
16042.0,1177.47,5,743,2011-01-11 13:25:00,2011-11-17 17:50:00,United Kingdom,21,235.494
16043.0,773.99,4,503,2011-01-26 11:14:00,2011-11-02 12:50:00,United Kingdom,37,193.4975
16045.0,1340.7,4,897,2011-02-22 14:55:00,2011-08-12 12:41:00,United Kingdom,119,335.175
16048.0,256.44,2,144,2010-12-01 15:27:00,2010-12-01 15:28:00,United Kingdom,372,128.22
16049.0,1074.81,3,763,2011-09-25 14:33:00,2011-10-30 13:19:00,United Kingdom,39,358.27
16050.0,137.9,1,278,2011-06-19 11:44:00,2011-06-19 11:44:00,United Kingdom,173,137.9
16052.0,362.06,1,282,2011-10-16 15:13:00,2011-10-16 15:13:00,United Kingdom,53,362.06
16053.0,1511.95,2,1793,2011-08-09 14:57:00,2011-11-07 11:21:00,United Kingdom,32,755.975
16054.0,783.9,1,380,2011-07-17 13:08:00,2011-07-17 13:08:00,United Kingdom,144,783.9
16055.0,134.8,1,22,2011-05-03 09:26:00,2011-05-03 09:26:00,United Kingdom,220,134.8
16056.0,650.75,1,345,2011-10-25 15:19:00,2011-10-25 15:19:00,United Kingdom,44,650.75
16057.0,2263.12,7,863,2011-02-28 10:35:00,2011-11-23 15:23:00,United Kingdom,15,323.30285714285714
16059.0,1453.16,6,641,2010-12-07 10:36:00,2011-10-05 09:56:00,United Kingdom,65,242.19333333333336
16062.0,1153.62,4,800,2010-12-10 12:00:00,2011-11-30 12:15:00,United Kingdom,9,288.405
16063.0,335.32,1,262,2011-03-24 14:55:00,2011-03-24 14:56:00,United Kingdom,259,335.32
16065.0,367.14,1,228,2010-12-09 13:03:00,2010-12-09 13:03:00,United Kingdom,364,367.14
16066.0,1521.04,5,935,2011-08-07 14:33:00,2011-11-23 11:54:00,United Kingdom,16,304.20799999999997
16070.0,852.15,2,457,2011-11-07 16:36:00,2011-11-17 15:50:00,United Kingdom,21,426.075
16071.0,326.24,1,180,2011-10-26 11:14:00,2011-10-26 11:14:00,United Kingdom,44,326.24
16072.0,584.3199999999999,1,140,2011-02-24 14:32:00,2011-02-24 14:32:00,United Kingdom,287,584.3199999999999
16073.0,122.39999999999999,1,48,2011-02-15 15:41:00,2011-02-15 15:41:00,United Kingdom,296,122.39999999999999
16076.0,2234.73,10,1435,2011-05-15 12:31:00,2011-12-06 14:59:00,United Kingdom,2,223.473
16078.0,79.2,1,16,2011-03-01 09:47:00,2011-03-01 09:47:00,United Kingdom,283,79.2
16079.0,1352.0,3,864,2011-10-30 13:06:00,2011-11-23 12:48:00,United Kingdom,16,450.6666666666667
16080.0,217.16,2,128,2011-03-10 14:44:00,2011-09-19 10:42:00,United Kingdom,81,108.58
16081.0,2799.42,5,1473,2010-12-08 11:16:00,2011-10-14 13:06:00,United Kingdom,55,559.884
16083.0,1317.62,2,908,2010-12-14 11:51:00,2011-08-31 10:47:00,United Kingdom,100,658.81
16084.0,436.18,1,216,2011-02-13 16:05:00,2011-02-13 16:05:00,United Kingdom,298,436.18
16085.0,981.51,5,636,2011-01-23 12:07:00,2011-11-16 13:24:00,United Kingdom,22,196.302
16086.0,1121.39,5,511,2010-12-07 13:45:00,2011-10-11 13:09:00,United Kingdom,58,224.27800000000002
16091.0,315.06,2,154,2011-05-25 09:18:00,2011-07-08 08:45:00,United Kingdom,154,157.53
16092.0,817.86,3,628,2011-03-30 15:38:00,2011-08-17 10:46:00,United Kingdom,114,272.62
16093.0,17.0,1,20,2011-08-25 11:09:00,2011-08-25 11:09:00,United Kingdom,106,17.0
16094.0,1078.23,4,647,2011-05-04 13:57:00,2011-11-28 12:45:00,United Kingdom,11,269.5575
16096.0,320.62,1,155,2011-03-20 13:38:00,2011-03-20 13:38:00,United Kingdom,263,320.62
16097.0,185.04999999999998,1,87,2011-04-13 13:47:00,2011-04-13 13:47:00,United Kingdom,239,185.04999999999998
16098.0,2005.63,7,613,2010-12-01 09:45:00,2011-09-13 09:59:00,United Kingdom,87,286.5185714285714
16099.0,731.9,3,434,2011-04-28 08:34:00,2011-10-20 13:13:00,United Kingdom,49,243.96666666666667
16101.0,1290.7,1,757,2011-09-30 10:18:00,2011-09-30 10:18:00,United Kingdom,70,1290.7
16102.0,1842.14,3,942,2011-08-03 12:50:00,2011-10-28 13:19:00,United Kingdom,41,614.0466666666667
16103.0,1429.64,6,558,2011-04-20 12:28:00,2011-12-02 14:16:00,United Kingdom,6,238.27333333333334
16104.0,298.21,1,122,2011-10-09 10:23:00,2011-10-09 10:23:00,United Kingdom,61,298.21
16105.0,336.96,1,330,2011-04-05 10:13:00,2011-04-05 10:13:00,United Kingdom,248,336.96
16106.0,108.38,1,74,2011-10-05 10:37:00,2011-10-05 10:37:00,United Kingdom,65,108.38
16107.0,3204.1600000000003,7,1176,2011-06-09 18:42:00,2011-11-22 09:40:00,United Kingdom,17,457.7371428571429
16108.0,842.5,1,615,2011-09-16 11:48:00,2011-09-16 11:48:00,United Kingdom,84,842.5
16109.0,611.88,2,612,2011-02-04 12:37:00,2011-05-05 09:17:00,United Kingdom,218,305.94
16110.0,1320.95,3,720,2011-02-01 14:01:00,2011-10-25 14:35:00,United Kingdom,44,440.31666666666666
16112.0,195.73999999999998,4,574,2011-01-05 11:47:00,2011-07-19 14:28:00,United Kingdom,142,48.934999999999995
16113.0,161.38,1,176,2011-06-09 16:16:00,2011-06-09 16:16:00,United Kingdom,182,161.38
16114.0,135.75000000000003,1,43,2011-06-22 10:13:00,2011-06-22 10:13:00,United Kingdom,170,135.75000000000003
16115.0,1660.8799999999999,8,994,2011-02-20 12:14:00,2011-11-30 11:32:00,United Kingdom,9,207.60999999999999
16116.0,612.78,1,248,2011-05-12 12:01:00,2011-05-12 12:01:00,United Kingdom,211,612.78
16117.0,232.21,1,130,2011-06-03 11:42:00,2011-06-03 11:42:00,United Kingdom,189,232.21
16119.0,423.36,2,240,2011-09-28 10:15:00,2011-12-01 15:11:00,United Kingdom,7,211.68
16120.0,1309.14,4,878,2011-10-11 14:10:00,2011-10-11 14:22:00,United Kingdom,58,327.285
16121.0,854.66,2,576,2011-05-08 11:52:00,2011-10-13 12:59:00,United Kingdom,56,427.33
16122.0,684.4200000000001,4,1128,2010-12-08 11:41:00,2011-09-27 15:34:00,United Kingdom,72,171.10500000000002
16123.0,307.78,1,170,2011-10-19 09:18:00,2011-10-19 09:18:00,United Kingdom,51,307.78
16124.0,249.0,1,48,2011-01-26 14:45:00,2011-01-26 14:45:00,United Kingdom,316,249.0
16125.0,289.35,1,124,2010-12-07 15:48:00,2010-12-07 15:48:00,United Kingdom,366,289.35
16126.0,6287.77,4,2125,2011-02-16 11:18:00,2011-11-10 16:03:00,United Kingdom,28,1571.9425
16127.0,656.25,1,323,2011-10-31 13:58:00,2011-10-31 13:58:00,United Kingdom,38,656.25
16128.0,1880.22,5,988,2011-03-02 12:21:00,2011-11-22 11:14:00,United Kingdom,17,376.044
16131.0,3506.54,6,1802,2011-04-14 08:32:00,2011-10-19 11:53:00,United Kingdom,51,584.4233333333333
16133.0,14589.04,33,8887,2011-01-25 15:55:00,2011-12-06 11:24:00,United Kingdom,3,442.09212121212124
16134.0,618.09,2,371,2010-12-15 14:00:00,2011-11-18 10:05:00,United Kingdom,21,309.045
16135.0,517.55,1,209,2011-03-22 12:30:00,2011-03-22 12:30:00,United Kingdom,262,517.55
16136.0,709.38,3,440,2011-03-07 09:52:00,2011-10-11 09:10:00,United Kingdom,59,236.46
16139.0,635.41,3,330,2011-05-17 10:23:00,2011-11-21 08:37:00,United Kingdom,18,211.8033333333333
16140.0,725.18,2,730,2010-12-03 14:40:00,2011-10-05 12:15:00,United Kingdom,65,362.59
16141.0,620.4,1,238,2011-09-12 13:11:00,2011-09-12 13:11:00,United Kingdom,87,620.4
16142.0,535.34,1,422,2011-04-04 10:16:00,2011-04-04 10:16:00,United Kingdom,249,535.34
16143.0,2424.94,6,919,2010-12-05 15:18:00,2011-12-06 14:13:00,United Kingdom,2,404.1566666666667
16144.0,175.2,1,16,2011-04-07 10:09:00,2011-04-07 10:09:00,United Kingdom,246,175.2
16145.0,3799.4900000000002,11,3123,2010-12-15 09:09:00,2011-12-01 10:33:00,United Kingdom,8,345.40818181818184
16146.0,734.13,3,427,2011-04-21 15:25:00,2011-07-05 14:20:00,United Kingdom,156,244.71
16147.0,375.0,1,246,2011-07-29 09:57:00,2011-07-29 09:57:00,United Kingdom,133,375.0
16148.0,76.32000000000001,1,72,2011-02-16 14:01:00,2011-02-16 14:01:00,United Kingdom,295,76.32000000000001
16149.0,280.52,2,308,2011-07-20 14:54:00,2011-12-05 11:29:00,United Kingdom,4,140.26
16150.0,2053.02,5,1047,2010-12-02 18:27:00,2011-10-28 12:39:00,United Kingdom,42,410.604
16152.0,1829.04,1,642,2011-03-16 09:47:00,2011-03-16 09:47:00,United Kingdom,268,1829.04
16153.0,1824.23,5,1073,2010-12-20 09:22:00,2011-10-21 10:50:00,United Kingdom,49,364.846
16156.0,3092.04,9,1273,2011-02-02 12:02:00,2011-12-01 12:42:00,United Kingdom,8,343.56
16157.0,656.69,3,347,2011-09-28 11:48:00,2011-11-24 11:41:00,United Kingdom,15,218.89666666666668
16159.0,348.2,1,236,2011-03-03 12:27:00,2011-03-03 12:27:00,United Kingdom,281,348.2
16160.0,1025.44,2,1162,2011-09-15 10:53:00,2011-10-05 14:19:00,United Kingdom,64,512.72
16161.0,5533.67,19,2583,2010-12-06 10:03:00,2011-12-08 12:10:00,United Kingdom,1,291.2457894736842
16162.0,37.4,1,4,2011-04-01 15:03:00,2011-04-01 15:03:00,United Kingdom,251,37.4
16163.0,856.6,2,192,2010-12-09 16:28:00,2011-04-21 15:15:00,United Kingdom,231,428.3
16164.0,822.48,3,433,2011-10-28 09:12:00,2011-11-22 15:04:00,United Kingdom,16,274.16
16168.0,3787.6,27,1892,2010-12-05 11:38:00,2011-11-29 12:45:00,United Kingdom,10,140.28148148148148
16169.0,1822.97,4,1325,2011-09-25 11:33:00,2011-12-01 15:28:00,United Kingdom,7,455.7425
16170.0,1885.05,6,1770,2011-04-05 13:42:00,2011-10-20 08:21:00,United Kingdom,50,314.175
16171.0,73.2,1,24,2011-10-11 14:51:00,2011-10-11 14:51:00,United Kingdom,58,73.2
16172.0,1140.21,5,787,2011-04-12 12:02:00,2011-09-05 13:22:00,United Kingdom,94,228.042
16173.0,1418.32,6,575,2011-09-02 15:23:00,2011-11-24 10:53:00,United Kingdom,15,236.38666666666666
16174.0,1009.5500000000001,3,651,2011-07-11 09:23:00,2011-08-05 13:26:00,United Kingdom,125,336.5166666666667
16175.0,1037.59,4,533,2011-04-13 14:38:00,2011-09-06 14:32:00,United Kingdom,93,259.3975
16177.0,331.95,1,95,2011-10-20 12:57:00,2011-10-20 12:57:00,United Kingdom,49,331.95
16178.0,197.9,1,94,2011-07-24 16:05:00,2011-07-24 16:05:00,United Kingdom,137,197.9
16179.0,215.83,1,99,2011-10-10 09:41:00,2011-10-10 09:41:00,United Kingdom,60,215.83
16180.0,10254.18,8,5867,2011-04-01 10:23:00,2011-08-31 16:28:00,United Kingdom,99,1281.7725
16181.0,305.54,1,152,2011-09-27 13:38:00,2011-09-27 13:38:00,United Kingdom,72,305.54
16182.0,6617.65,4,3791,2011-02-18 10:11:00,2011-09-28 13:23:00,United Kingdom,71,1654.4125
16183.0,338.71000000000004,1,113,2011-10-03 14:59:00,2011-10-03 14:59:00,United Kingdom,66,338.71000000000004
16184.0,1158.79,6,561,2011-05-12 13:33:00,2011-10-06 17:43:00,United Kingdom,63,193.13166666666666
16185.0,529.41,2,260,2011-04-21 11:59:00,2011-11-23 09:41:00,United Kingdom,16,264.705
16186.0,4006.94,12,3020,2010-12-02 14:40:00,2011-11-17 12:43:00,United Kingdom,22,333.9116666666667
16187.0,6911.4400000000005,15,5048,2011-02-28 13:34:00,2011-11-08 09:50:00,United Kingdom,31,460.7626666666667
16188.0,981.86,4,782,2011-04-11 09:44:00,2011-10-26 12:19:00,United Kingdom,44,245.465
16189.0,215.48,2,134,2011-09-15 15:21:00,2011-11-24 11:47:00,United Kingdom,15,107.74
16190.0,215.08,1,88,2011-10-30 15:59:00,2011-10-30 15:59:00,United Kingdom,39,215.08
16191.0,5180.52,13,3351,2010-12-14 12:38:00,2011-12-07 11:26:00,United Kingdom,2,398.5015384615385
16193.0,314.45,1,219,2011-04-17 11:45:00,2011-04-17 11:45:00,United Kingdom,236,314.45
16198.0,400.68100000000004,1,129,2011-09-25 14:58:00,2011-09-25 14:58:00,United Kingdom,74,400.68100000000004
16200.0,1068.8700000000001,2,516,2011-06-28 15:47:00,2011-12-05 14:40:00,United Kingdom,3,534.4350000000001
16201.0,1863.47,4,1286,2011-08-22 10:47:00,2011-12-06 16:02:00,United Kingdom,2,465.8675
16202.0,365.27,1,191,2010-12-14 10:43:00,2010-12-14 10:43:00,United Kingdom,360,365.27
16203.0,592.9,4,262,2010-12-02 15:39:00,2011-10-12 12:31:00,United Kingdom,58,148.225
16204.0,384.18,1,218,2011-11-16 13:40:00,2011-11-16 13:40:00,United Kingdom,22,384.18
16205.0,757.63,4,516,2011-06-13 11:33:00,2011-11-09 09:32:00,United Kingdom,30,189.4075
16206.0,537.0600000000001,4,272,2011-01-16 11:07:00,2011-10-16 10:41:00,United Kingdom,54,134.26500000000001
16207.0,394.38,1,140,2011-11-14 13:51:00,2011-11-14 13:51:00,United Kingdom,24,394.38
16208.0,664.26,2,333,2011-02-23 13:37:00,2011-10-26 11:36:00,United Kingdom,44,332.13
16209.0,2262.62,5,1179,2011-04-07 12:23:00,2011-09-12 11:58:00,United Kingdom,88,452.524
16210.0,21086.3,18,7559,2010-12-01 12:27:00,2011-12-08 12:36:00,United Kingdom,1,1171.461111111111
16211.0,547.02,1,154,2011-09-12 12:11:00,2011-09-12 12:11:00,United Kingdom,88,547.02
16212.0,690.34,2,244,2011-03-01 12:51:00,2011-11-20 13:00:00,United Kingdom,18,345.17
16213.0,159.0,1,48,2011-09-22 10:03:00,2011-09-22 10:03:00,United Kingdom,78,159.0
16214.0,1062.75,3,420,2011-03-15 13:23:00,2011-06-22 11:30:00,United Kingdom,170,354.25
16215.0,242.35,1,104,2011-09-20 10:18:00,2011-09-20 10:18:00,United Kingdom,80,242.35
16216.0,914.9300000000001,1,254,2011-03-17 15:34:00,2011-03-17 15:34:00,United Kingdom,266,914.9300000000001
16217.0,304.25,2,91,2011-03-02 15:28:00,2011-04-18 13:31:00,United Kingdom,234,152.125
16218.0,3084.68,7,2088,2010-12-01 11:29:00,2011-11-10 09:59:00,United Kingdom,29,440.6685714285714
16221.0,860.86,3,714,2010-12-07 13:13:00,2011-11-03 11:43:00,United Kingdom,36,286.9533333333333
16222.0,773.5500000000001,1,325,2011-01-25 13:38:00,2011-01-25 13:38:00,United Kingdom,317,773.5500000000001
16224.0,1295.3,4,1116,2011-04-04 12:00:00,2011-10-13 17:51:00,United Kingdom,56,323.825
16225.0,1096.32,5,493,2011-03-07 12:17:00,2011-10-26 08:30:00,United Kingdom,44,219.26399999999998
16226.0,255.12,3,192,2011-04-18 12:58:00,2011-05-20 14:41:00,United Kingdom,202,85.04
16227.0,314.22,1,90,2011-04-28 13:33:00,2011-04-28 13:33:00,United Kingdom,224,314.22
16229.0,1010.6,2,318,2011-05-11 10:18:00,2011-09-13 17:16:00,United Kingdom,86,505.3
16230.0,542.03,2,365,2011-05-03 15:12:00,2011-06-03 10:06:00,United Kingdom,189,271.015
16232.0,990.88,4,550,2011-05-08 14:05:00,2011-10-27 12:16:00,United Kingdom,43,247.72
16233.0,536.6800000000001,3,174,2010-12-08 12:51:00,2011-09-29 17:27:00,United Kingdom,70,178.89333333333335
16235.0,867.31,5,330,2011-01-11 15:42:00,2011-10-30 10:56:00,United Kingdom,40,173.462
16236.0,432.2,1,184,2011-09-22 14:10:00,2011-09-22 14:10:00,United Kingdom,77,432.2
16239.0,414.2,2,228,2011-06-03 09:30:00,2011-10-14 08:29:00,United Kingdom,56,207.1
16240.0,3718.8,2,1641,2011-09-23 13:44:00,2011-11-15 14:30:00,United Kingdom,23,1859.4
16241.0,2590.31,13,1443,2010-12-05 11:04:00,2011-11-30 11:08:00,United Kingdom,9,199.2546153846154
16242.0,3579.86,7,1969,2011-03-07 17:04:00,2011-12-01 15:12:00,United Kingdom,7,511.40857142857146
16243.0,409.1,2,110,2011-10-16 12:09:00,2011-11-06 12:32:00,United Kingdom,33,204.55
16244.0,1522.75,2,855,2010-12-02 11:41:00,2011-05-12 10:18:00,United Kingdom,211,761.375
16245.0,1413.66,3,1014,2011-03-28 09:30:00,2011-11-16 10:14:00,United Kingdom,23,471.22
16247.0,114.56,1,182,2011-06-22 14:23:00,2011-06-22 14:23:00,United Kingdom,169,114.56
16248.0,152.94,1,78,2011-10-09 11:32:00,2011-10-09 11:32:00,United Kingdom,61,152.94
16249.0,1800.07,5,950,2011-04-14 13:50:00,2011-10-18 10:07:00,United Kingdom,52,360.014
16250.0,389.44,2,208,2010-12-01 09:59:00,2011-03-23 15:07:00,United Kingdom,260,194.72
16253.0,3683.86,2,3233,2011-03-29 13:33:00,2011-10-04 09:09:00,United Kingdom,66,1841.93
16255.0,2619.91,8,1767,2010-12-09 14:25:00,2011-11-23 12:40:00,United Kingdom,16,327.48875
16256.0,752.4300000000001,1,581,2011-03-18 12:18:00,2011-03-18 12:18:00,United Kingdom,266,752.4300000000001
16257.0,46.95,1,2,2011-06-16 10:11:00,2011-06-16 10:11:00,United Kingdom,176,46.95
16258.0,5203.51,5,2994,2011-05-04 14:33:00,2011-10-25 13:30:00,United Kingdom,44,1040.702
16260.0,1035.45,1,311,2011-10-20 09:40:00,2011-10-20 09:40:00,United Kingdom,50,1035.45
16261.0,728.54,4,301,2011-04-07 19:05:00,2011-11-22 17:23:00,United Kingdom,16,182.135
16265.0,5447.0,9,2646,2010-12-10 10:21:00,2011-11-30 16:41:00,United Kingdom,8,605.2222222222222
16266.0,861.89,7,398,2011-05-17 14:50:00,2011-09-27 12:08:00,United Kingdom,73,123.12714285714286
16268.0,667.65,2,533,2011-09-29 18:30:00,2011-09-29 18:30:00,United Kingdom,70,333.825
16270.0,1141.24,1,688,2010-12-21 14:26:00,2010-12-21 14:26:00,United Kingdom,352,1141.24
16271.0,1404.64,5,1024,2010-12-16 16:36:00,2011-12-07 12:45:00,United Kingdom,2,280.928
16272.0,411.7,1,224,2011-08-15 10:53:00,2011-08-15 10:54:00,United Kingdom,116,411.7
16274.0,351.75,1,153,2010-12-01 15:35:00,2010-12-01 15:35:00,United Kingdom,372,351.75
16275.0,559.87,1,336,2011-05-27 12:41:00,2011-05-27 12:41:00,United Kingdom,196,559.87
16276.0,810.6000000000001,1,420,2011-06-16 09:34:00,2011-06-16 09:34:00,United Kingdom,176,810.6000000000001
16278.0,566.38,1,114,2011-08-31 17:12:00,2011-08-31 17:12:00,United Kingdom,99,566.38
16279.0,1502.78,3,1046,2011-06-16 11:50:00,2011-11-18 15:00:00,United Kingdom,20,500.9266666666667
16281.0,2062.06,1,934,2011-09-28 14:57:00,2011-09-28 14:57:00,United Kingdom,71,2062.06
16282.0,168.3,1,114,2011-01-04 11:42:00,2011-01-04 11:42:00,United Kingdom,339,168.3
16283.0,1570.81,5,1236,2011-05-15 13:37:00,2011-12-04 12:08:00,United Kingdom,5,314.162
16284.0,812.68,2,535,2011-10-20 13:54:00,2011-11-08 16:12:00,United Kingdom,30,406.34
16287.0,142.5,1,298,2011-06-23 09:08:00,2011-06-23 09:08:00,United Kingdom,169,142.5
16292.0,302.25,1,191,2011-08-10 12:24:00,2011-08-10 12:24:00,United Kingdom,121,302.25
16293.0,2248.9900000000002,10,982,2010-12-07 15:02:00,2011-11-18 09:58:00,United Kingdom,21,224.89900000000003
16295.0,1328.55,4,841,2011-10-06 10:45:00,2011-11-30 08:17:00,United Kingdom,9,332.1375
16297.0,301.9,1,206,2011-03-16 08:29:00,2011-03-16 08:29:00,United Kingdom,268,301.9
16298.0,598.2,3,198,2011-06-06 10:06:00,2011-11-17 11:59:00,United Kingdom,22,199.4
16302.0,233.22,1,158,2011-08-05 09:44:00,2011-08-05 09:44:00,United Kingdom,126,233.22
16303.0,5360.63,3,2659,2011-01-10 14:16:00,2011-11-14 10:49:00,United Kingdom,25,1786.8766666666668
16305.0,361.21999999999997,1,256,2011-07-24 12:18:00,2011-07-24 12:18:00,United Kingdom,138,361.21999999999997
16306.0,632.27,6,487,2010-12-07 15:18:00,2011-05-10 12:12:00,United Kingdom,213,105.37833333333333
16308.0,2560.0,4,8000,2011-03-23 14:46:00,2011-11-02 11:24:00,United Kingdom,37,640.0
16309.0,706.57,2,467,2011-04-13 11:46:00,2011-08-25 15:35:00,United Kingdom,105,353.285
16311.0,616.26,2,394,2011-10-21 13:13:00,2011-11-22 08:54:00,United Kingdom,17,308.13
16313.0,274.15000000000003,2,165,2011-10-21 09:04:00,2011-12-06 13:02:00,United Kingdom,2,137.07500000000002
16315.0,226.37,1,75,2011-01-13 11:57:00,2011-01-13 11:57:00,United Kingdom,330,226.37
16316.0,2938.91,8,1484,2010-12-16 14:26:00,2011-10-06 13:48:00,United Kingdom,63,367.36375
16317.0,1341.65,3,890,2011-02-15 14:30:00,2011-08-12 12:46:00,United Kingdom,119,447.2166666666667
16318.0,328.15,1,199,2011-11-04 13:05:00,2011-11-04 13:05:00,United Kingdom,34,328.15
16319.0,404.40000000000003,1,72,2011-05-06 11:27:00,2011-05-06 11:27:00,United Kingdom,217,404.40000000000003
16320.0,1038.46,2,732,2011-05-10 15:31:00,2011-06-20 15:25:00,Unspecified,171,519.23
16321.0,373.65000000000003,5,135,2011-01-20 12:11:00,2011-09-28 14:55:00,Australia,71,74.73
16322.0,326.75,2,231,2011-11-03 14:33:00,2011-12-08 15:41:00,United Kingdom,0,163.375
16323.0,207.50000000000003,1,50,2011-05-27 14:48:00,2011-05-27 14:48:00,United Kingdom,195,207.50000000000003
16324.0,408.59000000000003,3,270,2011-06-15 14:26:00,2011-08-03 12:58:00,United Kingdom,127,136.1966666666667
16325.0,594.24,3,194,2011-04-08 09:20:00,2011-10-24 08:48:00,United Kingdom,46,198.08
16326.0,3039.2200000000003,14,682,2011-01-09 12:01:00,2011-12-04 10:11:00,United Kingdom,5,217.08714285714288
16327.0,3820.27,6,2560,2010-12-05 12:43:00,2011-11-25 13:23:00,United Kingdom,13,636.7116666666667
16330.0,251.91,3,147,2011-08-19 17:08:00,2011-11-22 12:24:00,United Kingdom,17,83.97
16332.0,1582.8,7,797,2011-02-07 14:16:00,2011-11-11 14:22:00,United Kingdom,27,226.1142857142857
16333.0,26626.8,22,32184,2011-02-03 10:50:00,2011-12-02 12:19:00,United Kingdom,7,1210.3090909090909
16337.0,151.05,1,87,2011-11-03 10:03:00,2011-11-03 10:03:00,United Kingdom,36,151.05
16338.0,214.79999999999998,1,94,2011-07-05 13:56:00,2011-07-05 13:56:00,United Kingdom,156,214.79999999999998
16339.0,94.05,1,21,2011-02-28 13:41:00,2011-02-28 13:41:00,United Kingdom,283,94.05
16340.0,534.31,1,486,2011-08-24 14:53:00,2011-08-24 14:53:00,United Kingdom,106,534.31
16341.0,1971.87,4,1398,2011-05-22 13:20:00,2011-11-15 09:12:00,United Kingdom,24,492.9675
16342.0,322.41,4,157,2011-06-13 10:10:00,2011-09-25 14:36:00,United Kingdom,74,80.6025
16343.0,328.58,2,175,2011-11-23 17:43:00,2011-11-23 17:45:00,United Kingdom,15,164.29
16344.0,101.10000000000001,1,18,2011-07-04 15:50:00,2011-07-04 15:50:00,United Kingdom,157,101.10000000000001
16345.0,565.46,1,288,2011-10-26 16:03:00,2011-10-26 16:03:00,United Kingdom,43,565.46
16347.0,847.45,2,341,2011-11-03 13:01:00,2011-11-28 13:14:00,United Kingdom,10,423.725
16348.0,1415.65,7,805,2011-04-13 15:49:00,2011-11-07 15:44:00,United Kingdom,31,202.2357142857143
16349.0,53.5,1,9,2011-02-22 12:40:00,2011-02-22 12:40:00,United Kingdom,290,53.5
16350.0,1116.47,4,545,2011-01-10 09:44:00,2011-11-18 15:53:00,United Kingdom,20,279.1175
16351.0,153.9,1,90,2011-01-11 10:26:00,2011-01-11 10:26:00,United Kingdom,332,153.9
16352.0,494.44,2,300,2011-11-02 08:44:00,2011-11-22 10:32:00,United Kingdom,17,247.22
16353.0,6675.71,23,2006,2010-12-05 12:09:00,2011-12-06 12:23:00,United Kingdom,3,290.24826086956523
16354.0,395.8,2,150,2011-09-27 16:28:00,2011-10-07 14:28:00,United Kingdom,62,197.9
16356.0,211.77,3,93,2011-03-07 12:31:00,2011-05-26 11:51:00,United Kingdom,197,70.59
16357.0,658.88,3,246,2011-05-10 10:35:00,2011-11-06 16:04:00,United Kingdom,32,219.62666666666667
16358.0,2027.5,4,1302,2011-06-08 15:05:00,2011-12-08 15:09:00,United Kingdom,0,506.875
16359.0,1750.92,9,1183,2011-01-12 10:49:00,2011-12-02 17:04:00,United Kingdom,6,194.54666666666668
16360.0,3450.41,6,2110,2011-09-12 13:50:00,2011-12-05 12:16:00,United Kingdom,4,575.0683333333333
16361.0,891.21,4,418,2011-09-29 13:13:00,2011-11-30 12:32:00,United Kingdom,9,222.8025
16362.0,709.99,5,340,2011-09-09 14:47:00,2011-11-07 13:01:00,United Kingdom,31,141.998
16363.0,109.36000000000001,1,52,2011-10-17 14:14:00,2011-10-17 14:14:00,United Kingdom,52,109.36000000000001
16364.0,705.79,2,279,2011-07-25 14:35:00,2011-11-28 11:27:00,United Kingdom,11,352.895
16365.0,1540.42,9,504,2010-12-07 17:19:00,2011-11-22 11:24:00,United Kingdom,17,171.1577777777778
16366.0,327.3,1,256,2011-11-21 08:19:00,2011-11-21 08:19:00,United Kingdom,18,327.3
16367.0,800.67,2,643,2010-12-12 12:01:00,2011-11-02 13:13:00,United Kingdom,36,400.335
16368.0,479.91,2,251,2011-11-11 15:08:00,2011-12-07 13:12:00,United Kingdom,1,239.955
16369.0,1545.41,3,1030,2011-05-27 09:39:00,2011-11-21 16:25:00,United Kingdom,17,515.1366666666667
16370.0,1301.91,4,640,2011-04-28 16:40:00,2011-09-18 15:55:00,United Kingdom,81,325.4775
16372.0,355.73,2,158,2011-11-06 12:50:00,2011-11-06 13:08:00,United Kingdom,32,177.865
16374.0,466.73,2,237,2011-03-22 13:46:00,2011-10-04 15:21:00,United Kingdom,65,233.365
16376.0,974.96,2,691,2011-11-22 16:47:00,2011-12-01 11:38:00,United Kingdom,8,487.48
16377.0,676.2,1,1500,2011-03-17 15:41:00,2011-03-17 15:41:00,United Kingdom,266,676.2
16378.0,362.95,3,267,2011-02-02 12:42:00,2011-04-06 15:07:00,United Kingdom,246,120.98333333333333
16379.0,2157.4,4,1410,2011-09-22 09:33:00,2011-12-05 15:38:00,United Kingdom,3,539.35
16380.0,1743.1499999999999,1,1428,2011-10-09 15:40:00,2011-10-09 15:40:00,United Kingdom,60,1743.1499999999999
16383.0,643.76,2,467,2011-03-16 13:00:00,2011-09-26 12:45:00,United Kingdom,74,321.88
16384.0,584.5,2,260,2011-03-21 10:13:00,2011-09-11 11:19:00,United Kingdom,89,292.25
16385.0,554.86,3,258,2010-12-08 12:56:00,2011-10-10 13:12:00,United Kingdom,59,184.95333333333335
16386.0,302.57,2,205,2011-03-31 12:19:00,2011-11-11 12:28:00,United Kingdom,28,151.285
16387.0,94.36,1,44,2011-01-21 11:34:00,2011-01-21 11:34:00,United Kingdom,322,94.36
16389.0,1382.07,4,1242,2011-03-01 15:47:00,2011-10-17 14:41:00,United Kingdom,52,345.5175
16392.0,217.89,1,201,2011-03-15 12:11:00,2011-03-15 12:11:00,United Kingdom,269,217.89
16393.0,3040.96,13,1573,2010-12-05 13:10:00,2011-12-07 12:51:00,United Kingdom,1,233.92000000000002
16394.0,1555.34,5,2604,2011-02-23 10:58:00,2011-10-14 09:48:00,United Kingdom,56,311.068
16395.0,1482.06,5,1472,2011-01-13 12:10:00,2011-10-10 12:50:00,United Kingdom,60,296.412
16398.0,1705.8,2,758,2011-03-31 09:38:00,2011-07-08 15:16:00,United Kingdom,153,852.9
16399.0,408.02,2,263,2011-04-18 13:46:00,2011-11-20 16:12:00,United Kingdom,18,204.01
16400.0,303.93,1,172,2011-09-06 12:27:00,2011-09-06 12:27:00,United Kingdom,94,303.93
16401.0,4098.32,12,3882,2011-01-16 10:56:00,2011-12-08 18:15:00,United Kingdom,0,341.52666666666664
16402.0,293.45,2,146,2010-12-05 13:42:00,2011-03-20 12:25:00,United Kingdom,264,146.725
16403.0,177.5,1,114,2011-01-31 13:39:00,2011-01-31 13:39:00,United Kingdom,311,177.5
16404.0,443.05,1,157,2011-09-30 14:55:00,2011-09-30 14:55:00,United Kingdom,69,443.05
16405.0,167.25,2,187,2011-02-02 17:08:00,2011-02-10 15:24:00,United Kingdom,301,83.625
16406.0,154.35,1,116,2011-11-21 11:57:00,2011-11-21 11:57:00,United Kingdom,18,154.35
16407.0,2079.68,10,1093,2011-01-31 14:02:00,2011-11-27 11:05:00,United Kingdom,12,207.968
16409.0,2022.98,5,1304,2011-01-26 14:51:00,2011-11-03 16:45:00,United Kingdom,35,404.596
16411.0,211.7,2,131,2010-12-05 13:26:00,2011-11-20 13:23:00,United Kingdom,18,105.85
16412.0,135.99,1,63,2011-10-17 12:35:00,2011-10-17 12:35:00,United Kingdom,53,135.99
16413.0,262.2,1,148,2011-10-14 12:08:00,2011-10-14 12:08:00,United Kingdom,56,262.2
16414.0,126.25,2,27,2011-03-04 13:27:00,2011-11-18 09:42:00,United Kingdom,21,63.125
16415.0,200.27,1,178,2011-10-26 13:35:00,2011-10-26 13:35:00,United Kingdom,43,200.27
16416.0,1051.4,3,672,2011-10-14 13:35:00,2011-11-13 12:50:00,United Kingdom,26,350.4666666666667
16418.0,631.12,3,280,2011-04-27 16:54:00,2011-10-26 12:39:00,United Kingdom,44,210.37333333333333
16419.0,958.71,6,428,2011-02-01 12:25:00,2011-08-19 12:33:00,United Kingdom,112,159.785
16422.0,34684.4,51,33704,2010-12-05 15:35:00,2011-11-22 14:00:00,United Kingdom,16,680.086274509804
16423.0,346.12,1,230,2011-11-15 09:21:00,2011-11-15 09:21:00,United Kingdom,24,346.12
16424.0,133.56,1,88,2011-06-01 13:40:00,2011-06-01 13:40:00,United Kingdom,190,133.56
16425.0,302.7,1,199,2011-02-10 14:30:00,2011-02-10 14:30:00,United Kingdom,301,302.7
16426.0,1863.76,10,1215,2011-03-08 15:45:00,2011-12-07 14:01:00,United Kingdom,1,186.376
16427.0,241.06,2,156,2011-02-28 15:18:00,2011-03-21 17:10:00,United Kingdom,262,120.53
16429.0,284.55,1,9,2011-08-25 13:54:00,2011-08-25 13:54:00,United Kingdom,105,284.55
16430.0,300.85,1,103,2011-10-13 14:47:00,2011-10-13 14:47:00,United Kingdom,56,300.85
16431.0,623.28,3,442,2011-02-15 14:02:00,2011-05-10 14:09:00,United Kingdom,212,207.76
16432.0,287.4,1,276,2011-10-06 13:59:00,2011-10-06 13:59:00,United Kingdom,63,287.4
16433.0,184.26,1,106,2011-11-11 14:09:00,2011-11-11 14:09:00,United Kingdom,27,184.26
16434.0,1511.8,7,760,2011-02-13 12:17:00,2011-11-10 14:28:00,United Kingdom,28,215.97142857142856
16438.0,798.35,5,463,2011-09-18 13:31:00,2011-12-04 10:51:00,United Kingdom,5,159.67000000000002
16440.0,3640.67,5,2018,2011-05-09 12:25:00,2011-12-02 12:02:00,United Kingdom,7,728.134
16441.0,381.2,2,173,2011-02-21 17:35:00,2011-10-03 17:48:00,United Kingdom,66,190.6
16442.0,609.3,3,443,2010-12-14 10:46:00,2011-12-08 11:43:00,United Kingdom,1,203.1
16444.0,654.67,4,407,2011-03-20 12:14:00,2011-10-24 13:50:00,United Kingdom,45,163.6675
16445.0,230.51,1,111,2011-11-06 12:32:00,2011-11-06 12:32:00,United Kingdom,33,230.51
16446.0,168472.5,2,80997,2011-05-18 09:52:00,2011-12-09 09:15:00,United Kingdom,0,84236.25
16447.0,255.91,1,221,2011-07-27 12:45:00,2011-07-27 12:45:00,United Kingdom,135,255.91
16448.0,182.99,1,76,2011-05-25 16:28:00,2011-05-25 16:28:00,United Kingdom,197,182.99
16449.0,707.69,2,367,2011-03-04 12:15:00,2011-05-26 10:25:00,United Kingdom,197,353.845
16450.0,311.92,1,200,2011-07-13 11:47:00,2011-07-13 11:47:00,United Kingdom,149,311.92
16451.0,266.97,1,120,2011-09-13 09:17:00,2011-09-13 09:17:00,United Kingdom,87,266.97
16454.0,6.9,2,3,2011-10-06 16:57:00,2011-10-26 11:40:00,United Kingdom,44,3.45
16455.0,1841.18,7,988,2010-12-03 16:44:00,2011-10-07 12:17:00,United Kingdom,63,263.0257142857143
16456.0,2158.18,5,1147,2010-12-01 14:11:00,2011-09-01 13:50:00,United Kingdom,98,431.63599999999997
16457.0,208.36,1,140,2011-05-05 13:19:00,2011-05-05 13:19:00,United Kingdom,217,208.36
16458.0,3482.7400000000002,18,2154,2010-12-14 11:51:00,2011-12-07 09:34:00,United Kingdom,2,193.48555555555558
16460.0,811.23,3,876,2011-09-19 10:15:00,2011-11-11 13:46:00,United Kingdom,27,270.41
16461.0,142.92,1,48,2011-06-15 12:07:00,2011-06-15 12:07:00,United Kingdom,177,142.92
16462.0,136.0,3,16,2011-03-01 08:58:00,2011-09-27 10:24:00,United Kingdom,73,45.333333333333336
16463.0,1422.4,4,1163,2011-05-19 14:45:00,2011-11-18 14:01:00,United Kingdom,20,355.6
16464.0,1298.66,3,952,2011-07-20 13:53:00,2011-11-20 12:11:00,United Kingdom,19,432.8866666666667
16466.0,1595.96,7,785,2011-02-20 11:39:00,2011-11-06 11:35:00,United Kingdom,33,227.99428571428572
16468.0,74.9,1,31,2011-09-26 14:13:00,2011-09-26 14:13:00,United Kingdom,73,74.9
16469.0,625.42,4,260,2011-04-07 13:11:00,2011-11-16 12:25:00,United Kingdom,23,156.355
16470.0,752.77,4,522,2010-12-16 11:53:00,2011-10-19 12:11:00,United Kingdom,51,188.1925
16471.0,223.95000000000002,1,141,2011-03-10 09:41:00,2011-03-10 09:41:00,United Kingdom,274,223.95000000000002
16473.0,316.11,3,196,2011-01-07 10:55:00,2011-06-28 09:10:00,United Kingdom,164,105.37
16474.0,1810.65,7,909,2011-07-17 14:51:00,2011-12-02 13:02:00,United Kingdom,6,258.6642857142857
16475.0,544.3,4,319,2011-03-11 09:39:00,2011-09-12 14:37:00,United Kingdom,87,136.075
16477.0,2494.46,7,1415,2010-12-03 12:48:00,2011-10-07 09:44:00,United Kingdom,63,356.3514285714286
16478.0,331.0,3,224,2011-10-05 12:02:00,2011-11-14 15:51:00,United Kingdom,24,110.33333333333333
16479.0,300.83,2,102,2011-11-29 13:04:00,2011-11-29 13:40:00,United Kingdom,9,150.415
16480.0,769.29,1,455,2011-09-25 11:40:00,2011-09-25 11:40:00,United Kingdom,75,769.29
16482.0,220.62,1,346,2011-11-24 12:33:00,2011-11-24 12:33:00,United Kingdom,15,220.62
16483.0,139.35,1,44,2011-05-31 13:08:00,2011-05-31 13:08:00,United Kingdom,191,139.35
16484.0,404.3,2,200,2011-06-02 10:39:00,2011-06-19 12:06:00,United Kingdom,173,202.15
16485.0,363.65,1,235,2011-09-23 15:50:00,2011-09-23 15:50:00,United Kingdom,76,363.65
16488.0,498.8,3,728,2011-07-14 11:46:00,2011-11-06 13:42:00,United Kingdom,32,166.26666666666668
16491.0,731.5,1,478,2011-10-24 10:18:00,2011-10-24 10:18:00,United Kingdom,46,731.5
16493.0,1351.63,4,1164,2011-01-14 08:16:00,2011-09-21 11:10:00,United Kingdom,79,337.9075
16494.0,826.53,1,675,2011-02-16 12:49:00,2011-02-16 12:49:00,United Kingdom,296,826.53
16495.0,648.26,3,328,2011-03-08 16:38:00,2011-12-06 13:20:00,United Kingdom,2,216.08666666666667
16496.0,1599.52,3,1111,2011-01-27 09:42:00,2011-12-01 10:31:00,United Kingdom,8,533.1733333333333
16497.0,2965.69,6,1396,2011-01-10 13:20:00,2011-10-21 10:55:00,United Kingdom,49,494.2816666666667
16498.0,100.97,2,45,2011-06-30 19:52:00,2011-07-01 15:07:00,United Kingdom,160,50.485
16499.0,365.45,2,127,2010-12-10 10:27:00,2010-12-14 13:31:00,United Kingdom,359,182.725
16500.0,400.86,6,123,2011-01-13 10:28:00,2011-12-05 12:04:00,United Kingdom,4,66.81
16503.0,1431.93,4,569,2010-12-14 13:50:00,2011-08-25 11:46:00,United Kingdom,106,357.9825
16504.0,465.88,1,510,2011-11-14 15:18:00,2011-11-14 15:18:00,United Kingdom,24,465.88
16505.0,777.6,1,576,2011-11-08 12:14:00,2011-11-08 12:14:00,United Kingdom,31,777.6
16506.0,90.30000000000001,2,42,2011-10-30 15:50:00,2011-11-20 12:17:00,United Kingdom,19,45.150000000000006
16509.0,363.7,1,64,2011-02-16 09:25:00,2011-02-16 09:25:00,United Kingdom,296,363.7
16510.0,248.1,1,92,2010-12-02 13:39:00,2010-12-02 13:39:00,United Kingdom,371,248.1
16511.0,918.33,3,405,2011-03-18 11:24:00,2011-11-18 10:41:00,United Kingdom,21,306.11
16513.0,874.59,4,407,2011-10-27 14:56:00,2011-12-05 10:18:00,United Kingdom,4,218.6475
16515.0,1624.14,5,826,2011-02-01 13:09:00,2011-10-18 13:10:00,United Kingdom,51,324.82800000000003
16516.0,101.69999999999999,1,58,2011-11-09 14:59:00,2011-11-09 14:59:00,United Kingdom,29,101.69999999999999
16517.0,162.7,1,96,2011-03-07 13:50:00,2011-03-07 13:50:00,United Kingdom,276,162.7
16518.0,484.32,2,327,2011-02-28 16:36:00,2011-10-09 15:04:00,United Kingdom,60,242.16
16519.0,215.07999999999998,2,54,2010-12-09 14:08:00,2011-11-14 15:41:00,United Kingdom,24,107.53999999999999
16520.0,1046.57,3,558,2010-12-09 13:08:00,2011-06-06 13:24:00,United Kingdom,185,348.8566666666666
16523.0,9418.470000000001,21,4265,2011-01-28 12:06:00,2011-12-08 09:06:00,United Kingdom,1,448.4985714285715
16525.0,13027.45,26,7397,2010-12-08 11:31:00,2011-12-07 15:07:00,United Kingdom,1,501.0557692307693
16526.0,290.36,1,106,2011-06-21 12:02:00,2011-06-21 12:02:00,United Kingdom,171,290.36
16527.0,228.06,1,106,2011-09-19 16:21:00,2011-09-19 16:21:00,United Kingdom,80,228.06
16528.0,244.41,1,171,2011-12-06 12:45:00,2011-12-06 12:45:00,United Kingdom,3,244.41
16529.0,455.25,1,198,2011-06-02 17:23:00,2011-06-02 17:23:00,United Kingdom,189,455.25
16531.0,1244.59,7,915,2010-12-14 13:19:00,2011-11-17 16:29:00,United Kingdom,21,177.79857142857142
16532.0,6748.8,3,2016,2011-01-05 12:37:00,2011-11-22 11:08:00,United Kingdom,17,2249.6
16533.0,1082.81,3,611,2011-10-02 15:07:00,2011-11-20 13:08:00,United Kingdom,18,360.93666666666667
16535.0,593.75,1,356,2011-12-04 15:18:00,2011-12-04 15:18:00,United Kingdom,4,593.75
16536.0,548.12,1,250,2011-08-21 15:54:00,2011-08-21 15:54:00,United Kingdom,109,548.12
16539.0,1388.81,4,477,2010-12-01 15:40:00,2011-12-07 08:41:00,United Kingdom,2,347.2025
16542.0,119.62,1,46,2011-10-17 10:47:00,2011-10-17 10:47:00,United Kingdom,53,119.62
16545.0,339.3,1,78,2011-06-28 10:37:00,2011-06-28 10:37:00,United Kingdom,164,339.3
16546.0,787.15,2,549,2010-12-02 12:07:00,2011-02-22 11:20:00,United Kingdom,290,393.575
16549.0,4034.9,10,2294,2011-01-09 14:03:00,2011-11-29 15:06:00,United Kingdom,9,403.49
16550.0,2298.97,5,1540,2010-12-06 13:53:00,2011-08-23 11:12:00,United Kingdom,108,459.794
16551.0,922.12,3,970,2011-01-07 10:24:00,2011-09-05 09:38:00,United Kingdom,95,307.37333333333333
16552.0,379.73,2,219,2010-12-01 12:36:00,2011-04-11 10:04:00,United Kingdom,242,189.865
16553.0,5719.82,12,4600,2010-12-14 13:58:00,2011-06-29 15:42:00,United Kingdom,162,476.65166666666664
16554.0,837.1,3,402,2011-01-12 12:41:00,2011-10-28 14:51:00,United Kingdom,41,279.03333333333336
16555.0,285.89,2,175,2011-08-22 12:32:00,2011-11-04 14:31:00,United Kingdom,34,142.945
16556.0,3313.79,7,1890,2010-12-14 13:32:00,2011-10-04 11:36:00,United Kingdom,66,473.3985714285714
16557.0,281.85,2,111,2011-07-25 13:28:00,2011-11-15 14:04:00,United Kingdom,23,140.925
16558.0,8338.49,20,5377,2010-12-08 12:01:00,2011-12-09 10:20:00,United Kingdom,0,416.92449999999997
16560.0,841.41,2,500,2010-12-16 14:36:00,2011-11-13 10:35:00,United Kingdom,26,420.705
16561.0,511.12,2,244,2011-10-11 09:53:00,2011-12-04 11:50:00,United Kingdom,5,255.56
16563.0,1077.74,1,486,2011-10-17 11:51:00,2011-10-17 11:51:00,United Kingdom,53,1077.74
16565.0,173.7,1,46,2010-12-10 15:21:00,2010-12-10 15:21:00,United Kingdom,363,173.7
16566.0,614.66,5,362,2011-02-20 10:29:00,2011-11-24 16:34:00,United Kingdom,14,122.93199999999999
16567.0,865.6,2,996,2011-01-07 09:31:00,2011-05-29 13:57:00,United Kingdom,193,432.8
16569.0,124.2,1,93,2011-12-06 15:32:00,2011-12-06 15:32:00,United Kingdom,2,124.2
16570.0,3738.4,10,2112,2011-02-01 10:37:00,2011-11-24 17:02:00,United Kingdom,14,373.84000000000003
16571.0,1421.69,3,1239,2011-03-03 09:41:00,2011-11-13 11:46:00,United Kingdom,26,473.8966666666667
16572.0,1009.6,3,532,2011-03-09 12:04:00,2011-08-04 16:34:00,United Kingdom,126,336.53333333333336
16573.0,663.61,2,360,2011-02-22 15:14:00,2011-09-16 09:13:00,United Kingdom,84,331.805
16574.0,451.44,1,416,2011-09-29 13:39:00,2011-09-29 13:39:00,United Kingdom,70,451.44
16581.0,105.84,1,134,2011-06-10 10:05:00,2011-06-10 10:05:00,United Kingdom,182,105.84
16582.0,313.62,1,164,2011-08-18 17:02:00,2011-08-18 17:02:00,United Kingdom,112,313.62
16583.0,233.45,1,111,2010-12-01 12:03:00,2010-12-01 12:03:00,United Kingdom,373,233.45
16584.0,936.08,2,646,2011-03-30 13:14:00,2011-09-20 13:45:00,United Kingdom,79,468.04
16586.0,463.95,1,95,2011-04-05 09:32:00,2011-04-05 09:32:00,United Kingdom,248,463.95
16587.0,225.15,1,71,2011-04-21 15:51:00,2011-04-21 15:51:00,United Kingdom,231,225.15
16589.0,459.24,3,368,2011-07-01 13:31:00,2011-09-29 14:50:00,United Kingdom,70,153.08
16591.0,213.5,1,41,2011-10-02 10:43:00,2011-10-02 10:43:00,United Kingdom,68,213.5
16592.0,4113.68,16,2927,2011-02-25 10:19:00,2011-12-05 13:49:00,United Kingdom,3,257.105
16593.0,330.03,3,116,2011-01-16 12:11:00,2011-10-20 12:41:00,United Kingdom,50,110.00999999999999
16594.0,181.09,1,64,2011-09-25 14:08:00,2011-09-25 14:08:00,United Kingdom,74,181.09
16595.0,360.16,1,335,2011-10-09 13:15:00,2011-10-09 13:15:00,United Kingdom,60,360.16
16596.0,250.15,2,97,2010-12-08 16:18:00,2011-11-24 10:02:00,United Kingdom,15,125.075
16597.0,90.04,1,184,2011-12-05 15:44:00,2011-12-05 15:44:00,United Kingdom,3,90.04
16598.0,145.04999999999998,1,73,2011-02-27 11:42:00,2011-02-27 11:42:00,United Kingdom,285,145.04999999999998
16600.0,813.52,6,1145,2011-01-05 12:13:00,2011-12-05 16:00:00,United Kingdom,3,135.58666666666667
16601.0,242.7,1,133,2011-10-30 11:09:00,2011-10-30 11:09:00,United Kingdom,40,242.7
16602.0,528.08,1,336,2011-11-03 15:54:00,2011-11-03 15:54:00,United Kingdom,35,528.08
16603.0,482.47,2,480,2011-09-09 13:02:00,2011-09-26 10:06:00,United Kingdom,74,241.235
16607.0,3347.71,14,2859,2010-12-16 08:41:00,2011-11-22 10:24:00,United Kingdom,17,239.12214285714285
16609.0,5493.46,7,2420,2011-04-01 10:11:00,2011-11-24 13:32:00,United Kingdom,14,784.78
16610.0,75.66,1,66,2011-05-04 13:13:00,2011-05-04 13:13:00,United Kingdom,218,75.66
16611.0,129.49,1,47,2011-06-06 15:46:00,2011-06-06 15:46:00,United Kingdom,185,129.49
16612.0,1187.66,4,506,2011-02-01 10:38:00,2011-11-07 07:38:00,United Kingdom,32,296.915
16613.0,618.59,1,293,2011-09-30 15:52:00,2011-09-30 15:52:00,United Kingdom,69,618.59
16614.0,506.19,1,223,2011-06-10 11:36:00,2011-06-10 11:36:00,United Kingdom,182,506.19
16616.0,500.42,2,370,2011-07-05 13:38:00,2011-11-24 16:31:00,United Kingdom,14,250.21
16617.0,151.85,1,91,2011-04-18 10:35:00,2011-04-18 10:35:00,United Kingdom,235,151.85
16618.0,2647.59,5,1363,2011-01-21 11:55:00,2011-11-08 13:52:00,United Kingdom,30,529.518
16619.0,226.21,1,133,2011-03-21 08:18:00,2011-03-21 08:18:00,United Kingdom,263,226.21
16620.0,178.96,2,88,2011-03-24 10:37:00,2011-12-06 12:19:00,United Kingdom,3,89.48
16621.0,813.48,4,302,2011-03-07 11:32:00,2011-10-19 11:38:00,United Kingdom,51,203.37
16623.0,129.45,1,39,2011-04-08 10:09:00,2011-04-08 10:09:00,United Kingdom,245,129.45
16624.0,810.5699999999999,2,488,2011-05-26 14:20:00,2011-09-20 12:39:00,United Kingdom,80,405.28499999999997
16625.0,333.08,1,164,2011-03-10 12:50:00,2011-03-10 12:50:00,United Kingdom,274,333.08
16626.0,4413.1,17,2690,2011-03-18 12:27:00,2011-12-09 11:56:00,United Kingdom,0,259.59411764705885
16627.0,322.8,1,162,2011-09-21 14:38:00,2011-09-21 14:38:00,United Kingdom,78,322.8
16628.0,2188.05,5,1205,2011-04-19 08:55:00,2011-11-10 12:45:00,United Kingdom,29,437.61
16629.0,408.63,2,489,2011-09-04 16:12:00,2011-09-27 10:34:00,United Kingdom,73,204.315
16633.0,2883.1,6,1138,2011-04-19 14:36:00,2011-11-22 13:41:00,United Kingdom,16,480.51666666666665
16634.0,217.9,2,82,2010-12-02 17:41:00,2011-05-01 12:09:00,United Kingdom,222,108.95
16637.0,1154.47,4,927,2011-04-28 10:20:00,2011-11-07 13:17:00,United Kingdom,31,288.6175
16638.0,1680.72,10,1255,2010-12-06 10:19:00,2011-11-17 11:09:00,United Kingdom,22,168.072
16639.0,1257.51,3,510,2011-04-18 09:31:00,2011-11-08 13:20:00,United Kingdom,30,419.17
16641.0,231.10000000000002,1,256,2011-08-26 12:49:00,2011-08-26 12:49:00,United Kingdom,105,231.10000000000002
16642.0,688.33,2,479,2011-05-16 12:35:00,2011-12-05 11:31:00,United Kingdom,4,344.165
16643.0,487.51,1,269,2011-04-08 08:24:00,2011-04-08 08:24:00,United Kingdom,245,487.51
16644.0,833.78,2,826,2011-05-11 12:53:00,2011-06-15 12:39:00,United Kingdom,177,416.89
16647.0,214.06,2,146,2011-05-19 09:31:00,2011-06-23 11:47:00,United Kingdom,169,107.03
16648.0,290.65999999999997,1,281,2011-10-28 08:58:00,2011-10-28 08:58:00,United Kingdom,42,290.65999999999997
16650.0,518.42,1,372,2011-09-29 09:51:00,2011-09-29 09:51:00,United Kingdom,71,518.42
16652.0,6773.97,7,3283,2011-03-11 13:13:00,2011-10-12 09:38:00,United Kingdom,58,967.71
16653.0,1212.66,2,733,2011-09-29 13:38:00,2011-11-23 14:51:00,United Kingdom,15,606.33
16654.0,601.27,4,282,2010-12-06 15:09:00,2011-07-21 15:23:00,United Kingdom,140,150.3175
16655.0,3789.52,6,2363,2011-01-12 10:16:00,2011-11-22 11:25:00,United Kingdom,17,631.5866666666667
16656.0,8625.8,15,8894,2010-12-10 11:23:00,2011-11-17 14:43:00,United Kingdom,21,575.0533333333333
16657.0,874.43,4,1130,2011-03-30 12:02:00,2011-11-30 11:48:00,United Kingdom,9,218.6075
16658.0,123.24,1,40,2010-12-06 13:47:00,2010-12-06 13:47:00,United Kingdom,367,123.24
16659.0,39.12,1,72,2011-06-03 15:03:00,2011-06-03 15:03:00,United Kingdom,188,39.12
16660.0,1267.6499999999999,4,571,2011-01-24 12:44:00,2011-11-23 14:53:00,United Kingdom,15,316.91249999999997
16665.0,135.39999999999998,1,59,2010-12-12 14:03:00,2010-12-12 14:03:00,United Kingdom,361,135.39999999999998
16666.0,118.98,1,233,2011-11-20 14:01:00,2011-11-20 14:01:00,United Kingdom,18,118.98
16667.0,567.1800000000001,2,236,2011-02-28 12:57:00,2011-10-02 15:26:00,United Kingdom,67,283.59000000000003
16668.0,306.71999999999997,6,318,2011-02-28 12:46:00,2011-11-24 17:43:00,United Kingdom,14,51.12
16669.0,1348.88,3,881,2011-09-22 14:13:00,2011-11-16 12:26:00,United Kingdom,23,449.6266666666667
16670.0,4095.9,11,2556,2010-12-16 10:30:00,2011-11-23 09:34:00,United Kingdom,16,372.3545454545455
16671.0,1692.27,3,875,2011-06-28 11:20:00,2011-11-11 13:40:00,United Kingdom,27,564.09
16672.0,8134.9400000000005,20,2832,2011-03-18 10:15:00,2011-12-07 16:29:00,United Kingdom,1,406.747
16674.0,304.24,2,181,2011-09-02 13:59:00,2011-10-16 11:31:00,United Kingdom,54,152.12
16676.0,1592.1200000000001,4,636,2011-01-06 13:00:00,2011-11-06 12:01:00,United Kingdom,33,398.03000000000003
16678.0,3109.99,12,2397,2011-03-02 09:24:00,2011-12-07 12:17:00,United Kingdom,2,259.1658333333333
16679.0,129.75,1,29,2010-12-08 13:51:00,2010-12-08 13:51:00,United Kingdom,365,129.75
16680.0,183.7,1,94,2011-10-27 17:35:00,2011-10-27 17:35:00,United Kingdom,42,183.7
16681.0,1770.34,6,1407,2011-03-31 13:46:00,2011-09-28 11:11:00,United Kingdom,72,295.0566666666667
16682.0,1028.0,5,1040,2011-06-05 11:02:00,2011-12-05 12:13:00,United Kingdom,4,205.6
16684.0,66653.56,28,50255,2010-12-16 17:34:00,2011-12-05 14:06:00,United Kingdom,3,2380.4842857142858
16685.0,324.24,2,396,2011-10-09 13:44:00,2011-10-09 13:58:00,United Kingdom,60,162.12
16686.0,2959.88,7,1977,2010-12-19 14:41:00,2011-10-23 13:49:00,United Kingdom,46,422.84000000000003
16688.0,1260.86,4,804,2011-10-10 12:23:00,2011-12-08 15:24:00,United Kingdom,0,315.215
16689.0,422.59999999999997,2,330,2011-09-18 13:29:00,2011-09-25 11:39:00,United Kingdom,75,211.29999999999998
16690.0,225.57999999999998,2,138,2011-05-22 10:53:00,2011-09-28 15:02:00,United Kingdom,71,112.78999999999999
16692.0,1276.0,2,152,2011-02-23 15:41:00,2011-03-28 14:46:00,United Kingdom,255,638.0
16693.0,477.86,2,203,2011-03-13 11:06:00,2011-10-02 11:10:00,United Kingdom,68,238.93
16696.0,657.9000000000001,4,146,2011-04-05 15:20:00,2011-07-27 14:23:00,United Kingdom,134,164.47500000000002
16697.0,112.75,1,27,2011-04-12 17:12:00,2011-04-12 17:12:00,United Kingdom,240,112.75
16698.0,1998.0,2,840,2011-03-31 13:33:00,2011-04-27 10:52:00,United Kingdom,226,999.0
16700.0,5076.55,13,4024,2010-12-08 16:34:00,2011-12-01 11:00:00,United Kingdom,8,390.50384615384615
16701.0,5398.3,13,6393,2010-12-13 11:51:00,2011-12-01 11:10:00,United Kingdom,8,415.25384615384615
16705.0,14034.99,20,5476,2010-12-16 10:51:00,2011-12-09 12:08:00,United Kingdom,0,701.7495
16706.0,531.35,3,249,2011-08-17 15:53:00,2011-11-02 13:50:00,United Kingdom,36,177.11666666666667
16708.0,656.63,1,285,2011-10-25 12:20:00,2011-10-25 12:20:00,United Kingdom,45,656.63
16709.0,3029.87,5,851,2011-03-03 10:55:00,2011-09-16 10:56:00,United Kingdom,84,605.9739999999999
16710.0,2467.99,10,1823,2010-12-06 13:13:00,2011-11-20 14:50:00,United Kingdom,18,246.79899999999998
16711.0,1651.03,5,833,2010-12-17 12:43:00,2011-12-06 16:32:00,United Kingdom,2,330.206
16712.0,3611.31,11,1730,2011-03-08 15:07:00,2011-11-30 13:48:00,United Kingdom,8,328.3009090909091
16713.0,6910.78,15,4271,2010-12-08 13:01:00,2011-11-21 12:36:00,United Kingdom,18,460.71866666666665
16714.0,1129.06,3,589,2011-01-26 13:40:00,2011-05-05 11:09:00,United Kingdom,218,376.3533333333333
16715.0,301.71999999999997,1,642,2011-09-22 18:15:00,2011-09-22 18:15:00,United Kingdom,77,301.71999999999997
16716.0,901.2,2,120,2011-02-01 15:35:00,2011-03-18 10:03:00,United Kingdom,266,450.6
16717.0,3843.08,6,1860,2010-12-08 16:48:00,2011-11-16 12:16:00,United Kingdom,23,640.5133333333333
16718.0,606.0500000000001,1,407,2010-12-05 13:03:00,2010-12-05 13:03:00,United Kingdom,368,606.0500000000001
16719.0,1770.22,7,1175,2010-12-06 12:06:00,2011-11-25 09:27:00,United Kingdom,14,252.88857142857142
16720.0,152.95,1,180,2011-11-13 16:22:00,2011-11-13 16:22:00,United Kingdom,25,152.95
16721.0,292.47,1,172,2011-03-22 16:08:00,2011-03-22 16:08:00,United Kingdom,261,292.47
16722.0,4730.81,13,5001,2010-12-06 12:59:00,2011-11-22 13:28:00,United Kingdom,16,363.90846153846155
16723.0,576.4,2,398,2011-08-24 11:31:00,2011-09-09 13:01:00,United Kingdom,90,288.2
16725.0,758.27,7,288,2010-12-03 16:02:00,2011-02-10 16:52:00,United Kingdom,301,108.32428571428571
16726.0,1358.74,5,945,2010-12-13 13:28:00,2011-11-13 14:53:00,United Kingdom,25,271.748
16727.0,256.32,1,167,2010-12-10 13:48:00,2010-12-10 13:48:00,United Kingdom,363,256.32
16728.0,1048.28,4,671,2011-03-20 13:28:00,2011-10-24 14:36:00,United Kingdom,45,262.07
16729.0,7205.33,21,5722,2011-04-12 14:22:00,2011-11-01 14:29:00,United Kingdom,37,343.11095238095237
16730.0,743.11,3,994,2011-01-24 14:01:00,2011-10-18 14:11:00,United Kingdom,51,247.70333333333335
16732.0,603.75,1,317,2011-11-08 09:54:00,2011-11-08 09:54:00,United Kingdom,31,603.75
16734.0,646.76,3,345,2011-08-17 15:00:00,2011-10-18 13:44:00,United Kingdom,51,215.58666666666667
16735.0,2247.41,5,1532,2011-01-09 12:53:00,2011-09-22 11:49:00,United Kingdom,78,449.48199999999997
16737.0,417.59999999999997,1,288,2011-10-17 13:03:00,2011-10-17 13:03:00,United Kingdom,52,417.59999999999997
16738.0,3.75,1,3,2011-02-15 09:46:00,2011-02-15 09:46:00,United Kingdom,297,3.75
16739.0,323.0,1,172,2011-06-16 09:17:00,2011-06-16 09:17:00,United Kingdom,176,323.0
16742.0,464.9,1,1,2011-10-24 12:02:00,2011-10-24 12:02:00,United Kingdom,46,464.9
16743.0,2213.13,7,2035,2010-12-16 12:15:00,2011-11-10 13:13:00,United Kingdom,28,316.1614285714286
16744.0,1291.91,7,798,2011-06-19 15:13:00,2011-11-28 13:06:00,United Kingdom,10,184.55857142857144
16745.0,7180.7,17,6719,2011-02-01 11:31:00,2011-09-14 11:58:00,United Kingdom,86,422.3941176470588
16746.0,6680.11,18,4660,2010-12-16 11:43:00,2011-12-05 12:33:00,United Kingdom,4,371.1172222222222
16747.0,836.06,2,583,2011-10-03 10:18:00,2011-11-02 11:37:00,United Kingdom,37,418.03
16748.0,1515.9,5,880,2011-01-09 13:50:00,2011-11-22 10:17:00,United Kingdom,17,303.18
16750.0,623.93,5,214,2011-04-21 16:53:00,2011-10-26 12:48:00,United Kingdom,44,124.78599999999999
16751.0,1764.72,1,1031,2011-11-09 10:48:00,2011-11-09 10:48:00,United Kingdom,30,1764.72
16752.0,207.5,1,54,2010-12-02 12:18:00,2010-12-02 12:18:00,United Kingdom,372,207.5
16753.0,223.92000000000002,1,189,2011-10-12 13:14:00,2011-10-12 13:14:00,United Kingdom,57,223.92000000000002
16754.0,2002.4,1,4280,2010-12-02 17:38:00,2010-12-02 17:38:00,United Kingdom,371,2002.4
16755.0,1475.43,3,1058,2011-01-28 10:47:00,2011-08-17 13:21:00,United Kingdom,113,491.81
16756.0,239.4,1,106,2011-05-09 09:33:00,2011-05-09 09:33:00,United Kingdom,214,239.4
16757.0,106.83000000000001,1,81,2011-01-25 11:59:00,2011-01-25 11:59:00,United Kingdom,318,106.83000000000001
16758.0,369.34000000000003,1,203,2011-10-05 14:47:00,2011-10-05 14:47:00,United Kingdom,64,369.34000000000003
16759.0,789.79,3,609,2011-11-09 09:06:00,2011-12-02 12:42:00,United Kingdom,7,263.2633333333333
16761.0,316.62,1,341,2011-09-04 11:15:00,2011-09-04 11:15:00,United Kingdom,96,316.62
16762.0,1207.24,3,480,2011-07-18 12:52:00,2011-11-20 11:43:00,United Kingdom,19,402.41333333333336
16763.0,611.85,1,319,2011-05-25 11:52:00,2011-05-25 11:52:00,United Kingdom,198,611.85
16764.0,2790.9500000000003,13,1253,2011-07-19 17:17:00,2011-12-06 11:41:00,United Kingdom,3,214.68846153846155
16765.0,34.0,1,4,2011-02-18 15:41:00,2011-02-18 15:41:00,United Kingdom,293,34.0
16766.0,1145.6,2,536,2011-03-11 13:34:00,2011-03-11 15:22:00,United Kingdom,272,572.8
16767.0,5575.56,11,4423,2011-01-27 13:38:00,2011-11-09 09:42:00,United Kingdom,30,506.86909090909097
16768.0,478.09000000000003,3,196,2011-03-13 10:25:00,2011-10-23 10:38:00,United Kingdom,47,159.36333333333334
16769.0,361.54,1,80,2011-03-24 13:41:00,2011-03-24 13:41:00,United Kingdom,259,361.54
16770.0,757.1,5,456,2010-12-02 15:49:00,2011-10-13 12:21:00,United Kingdom,57,151.42000000000002
16771.0,2242.61,5,1487,2011-01-05 13:57:00,2011-11-06 13:28:00,United Kingdom,32,448.52200000000005
16773.0,171.59,1,171,2011-10-13 14:37:00,2011-10-13 14:37:00,United Kingdom,56,171.59
16774.0,661.52,4,322,2011-06-14 12:45:00,2011-10-03 12:41:00,United Kingdom,67,165.38
16775.0,1691.51,11,439,2010-12-07 15:15:00,2011-11-29 15:22:00,United Kingdom,9,153.77363636363637
16776.0,371.54,1,254,2011-10-10 13:04:00,2011-10-10 13:04:00,United Kingdom,59,371.54
16777.0,222.62,2,62,2011-03-27 14:34:00,2011-09-20 13:41:00,United Kingdom,79,111.31
16778.0,245.94,2,194,2011-03-10 15:21:00,2011-09-26 13:48:00,United Kingdom,73,122.97
16779.0,10611.720000000001,22,5301,2010-12-08 09:56:00,2011-12-07 14:54:00,United Kingdom,1,482.35090909090917
16780.0,422.24,2,270,2011-03-25 17:34:00,2011-08-31 16:09:00,United Kingdom,99,211.12
16781.0,311.25,1,113,2010-12-02 14:26:00,2010-12-02 14:26:00,United Kingdom,371,311.25
16782.0,2267.9500000000003,13,705,2010-12-09 11:28:00,2011-11-29 13:20:00,United Kingdom,9,174.45769230769233
16784.0,107.6,1,24,2011-11-20 12:20:00,2011-11-20 12:20:00,United Kingdom,19,107.6
16788.0,594.39,2,304,2011-03-30 13:05:00,2011-08-08 14:53:00,United Kingdom,122,297.195
16789.0,80.8,1,32,2011-12-01 15:12:00,2011-12-01 15:12:00,United Kingdom,7,80.8
16790.0,1545.6200000000001,6,898,2011-11-02 11:23:00,2011-12-06 11:53:00,United Kingdom,3,257.60333333333335
16791.0,1705.78,7,757,2011-01-11 15:42:00,2011-11-10 19:12:00,United Kingdom,28,243.68285714285713
16792.0,110.38000000000001,2,44,2011-03-02 14:39:00,2011-03-02 14:41:00,United Kingdom,281,55.190000000000005
16793.0,243.84,1,146,2011-10-13 15:08:00,2011-10-13 15:08:00,United Kingdom,56,243.84
16794.0,1196.5,10,923,2011-06-12 14:15:00,2011-12-08 17:54:00,United Kingdom,0,119.65
16795.0,414.88,1,239,2010-12-09 14:08:00,2010-12-09 14:08:00,United Kingdom,364,414.88
16796.0,305.62,1,186,2011-09-11 14:01:00,2011-09-11 14:01:00,United Kingdom,88,305.62
16800.0,1162.65,1,524,2011-11-28 14:06:00,2011-11-28 14:06:00,United Kingdom,10,1162.65
16801.0,1594.23,4,493,2011-03-11 13:56:00,2011-06-29 15:33:00,United Kingdom,162,398.5575
16803.0,332.3,1,245,2011-10-05 14:28:00,2011-10-05 14:28:00,United Kingdom,64,332.3
16804.0,536.99,3,246,2011-03-14 15:48:00,2011-11-16 16:43:00,United Kingdom,22,178.99666666666667
16805.0,460.59,2,539,2010-12-14 13:35:00,2011-06-19 11:23:00,United Kingdom,173,230.295
16806.0,762.16,4,356,2011-04-14 19:59:00,2011-08-28 15:27:00,United Kingdom,102,190.54
16807.0,1121.59,3,778,2011-03-14 09:46:00,2011-07-20 12:00:00,United Kingdom,142,373.8633333333333
16808.0,288.42,2,196,2011-03-10 19:05:00,2011-09-01 19:34:00,United Kingdom,98,144.21
16809.0,914.69,5,652,2011-03-22 15:20:00,2011-11-16 15:45:00,United Kingdom,22,182.93800000000002
16810.0,309.54,1,114,2011-05-31 15:32:00,2011-05-31 15:32:00,United Kingdom,191,309.54
16811.0,547.07,2,477,2011-11-22 17:19:00,2011-12-05 11:39:00,United Kingdom,4,273.535
16812.0,479.35,1,81,2010-12-14 12:35:00,2010-12-14 12:35:00,United Kingdom,360,479.35
16813.0,1652.18,10,1501,2011-05-19 13:28:00,2011-12-01 14:03:00,United Kingdom,7,165.21800000000002
16814.0,6416.7,21,2697,2010-12-05 11:45:00,2011-11-25 13:27:00,United Kingdom,13,305.5571428571428
16816.0,417.06,4,274,2010-12-16 17:01:00,2011-08-28 14:16:00,United Kingdom,102,104.265
16817.0,1604.75,9,822,2010-12-06 14:19:00,2011-12-07 11:03:00,United Kingdom,2,178.30555555555554
16818.0,3349.57,11,2164,2011-05-18 11:42:00,2011-11-29 10:41:00,United Kingdom,10,304.50636363636363
16820.0,497.61,1,307,2011-09-05 12:06:00,2011-09-05 12:06:00,United Kingdom,95,497.61
16823.0,358.38,1,136,2011-04-26 15:00:00,2011-04-26 15:00:00,United Kingdom,226,358.38
16824.0,460.64,2,236,2011-06-28 13:36:00,2011-11-24 12:38:00,United Kingdom,15,230.32
16825.0,775.1800000000001,2,566,2011-06-07 09:44:00,2011-11-01 11:51:00,United Kingdom,38,387.59000000000003
16826.0,341.7,1,158,2011-10-19 14:05:00,2011-10-19 14:05:00,United Kingdom,50,341.7
16828.0,128.5,2,59,2011-08-19 13:24:00,2011-09-07 15:10:00,United Kingdom,92,64.25
16829.0,197.22,1,99,2011-07-06 10:48:00,2011-07-06 10:48:00,United Kingdom,156,197.22
16830.0,325.91,1,264,2011-11-01 11:35:00,2011-11-01 11:35:00,United Kingdom,38,325.91
16832.0,199.15,3,33,2011-05-06 14:12:00,2011-06-08 15:36:00,United Kingdom,183,66.38333333333334
16833.0,1106.53,4,440,2011-01-09 13:02:00,2011-12-08 14:39:00,United Kingdom,0,276.6325
16834.0,413.46,1,358,2011-04-26 09:37:00,2011-04-26 09:37:00,United Kingdom,227,413.46
16835.0,180.85,2,61,2010-12-01 17:15:00,2011-08-03 13:50:00,United Kingdom,127,90.425
16836.0,251.87,2,165,2011-08-15 12:38:00,2011-10-31 10:05:00,United Kingdom,39,125.935
16837.0,3170.98,11,1563,2011-04-08 08:48:00,2011-11-08 14:27:00,United Kingdom,30,288.2709090909091
16838.0,588.85,2,185,2011-02-24 15:01:00,2011-05-26 13:13:00,United Kingdom,196,294.425
16839.0,16594.35,34,8975,2010-12-05 11:15:00,2011-12-01 09:03:00,United Kingdom,8,488.06911764705876
16841.0,1869.82,6,2250,2011-02-25 12:40:00,2011-11-03 11:51:00,United Kingdom,36,311.63666666666666
16842.0,1264.19,3,693,2011-02-10 14:51:00,2011-08-31 10:42:00,United Kingdom,100,421.3966666666667
16843.0,10196.57,16,10159,2011-01-16 16:10:00,2011-10-28 09:06:00,United Kingdom,42,637.285625
16846.0,214.32,1,135,2011-10-20 13:55:00,2011-10-20 13:55:00,United Kingdom,49,214.32
16847.0,193.44,1,78,2011-10-27 13:29:00,2011-10-27 13:29:00,United Kingdom,42,193.44
16848.0,281.42,1,182,2011-10-18 08:42:00,2011-10-18 08:42:00,United Kingdom,52,281.42
16849.0,124.57,1,33,2011-06-06 09:16:00,2011-06-06 09:16:00,United Kingdom,186,124.57
16850.0,332.41,1,249,2011-01-10 11:09:00,2011-01-10 11:09:00,United Kingdom,333,332.41
16851.0,342.45,3,271,2011-10-19 09:48:00,2011-12-05 13:32:00,United Kingdom,3,114.14999999999999
16852.0,144.91000000000003,2,56,2011-06-16 15:49:00,2011-11-29 13:22:00,United Kingdom,9,72.45500000000001
16855.0,328.4,2,164,2011-10-27 16:31:00,2011-11-16 12:03:00,United Kingdom,23,164.2
16856.0,35.400000000000006,1,12,2011-11-25 08:59:00,2011-11-25 08:59:00,United Kingdom,14,35.400000000000006
16858.0,375.69000000000005,1,91,2010-12-06 09:52:00,2010-12-06 09:52:00,United Kingdom,368,375.69000000000005
16859.0,747.81,2,827,2011-03-23 13:39:00,2011-07-18 12:19:00,United Kingdom,144,373.905
16861.0,173.76,2,140,2011-07-04 15:38:00,2011-10-11 09:05:00,United Kingdom,59,86.88
16863.0,502.8,2,409,2010-12-08 08:58:00,2011-11-08 15:26:00,United Kingdom,30,251.4
16866.0,207.73999999999998,3,60,2011-07-01 12:34:00,2011-07-22 10:06:00,United Kingdom,140,69.24666666666666
16869.0,817.12,4,583,2011-06-17 13:01:00,2011-11-17 12:02:00,United Kingdom,22,204.28
16871.0,2812.34,6,1253,2011-03-14 10:31:00,2011-11-17 19:27:00,United Kingdom,21,468.72333333333336
16872.0,680.02,3,600,2011-06-08 14:32:00,2011-09-23 16:05:00,United Kingdom,76,226.67333333333332
16873.0,7123.62,6,3840,2010-12-10 15:45:00,2011-12-05 12:05:00,United Kingdom,4,1187.27
16875.0,2095.53,5,1069,2011-01-04 10:37:00,2011-10-03 13:39:00,United Kingdom,66,419.10600000000005
16877.0,846.62,6,458,2011-05-15 16:13:00,2011-11-27 13:47:00,United Kingdom,11,141.10333333333332
16878.0,13.3,1,12,2011-09-16 17:39:00,2011-09-16 17:39:00,United Kingdom,83,13.3
16880.0,1491.43,7,746,2011-06-03 16:45:00,2011-11-09 11:33:00,United Kingdom,30,213.0614285714286
16881.0,432.0,1,600,2011-10-04 10:33:00,2011-10-04 10:33:00,United Kingdom,66,432.0
16882.0,705.12,3,424,2011-01-26 17:43:00,2011-10-04 10:42:00,United Kingdom,66,235.04
16883.0,272.48,2,103,2010-12-03 10:33:00,2011-06-05 12:51:00,United Kingdom,186,136.24
16884.0,429.84000000000003,2,320,2011-11-02 10:16:00,2011-11-02 11:52:00,United Kingdom,37,214.92000000000002
16885.0,450.41,3,178,2010-12-17 17:23:00,2011-11-24 13:40:00,United Kingdom,14,150.13666666666668
16887.0,192.32999999999998,1,156,2011-11-04 14:07:00,2011-11-04 14:07:00,United Kingdom,34,192.32999999999998
16889.0,1578.67,3,925,2011-01-07 10:47:00,2011-05-29 11:05:00,United Kingdom,194,526.2233333333334
16891.0,742.43,5,265,2010-12-03 11:35:00,2011-12-08 11:15:00,United Kingdom,1,148.486
16892.0,518.19,5,236,2011-06-09 11:35:00,2011-12-08 13:18:00,United Kingdom,0,103.638
16893.0,145.93,1,62,2010-12-08 12:06:00,2010-12-08 12:06:00,United Kingdom,366,145.93
16895.0,202.27,1,91,2011-10-06 12:15:00,2011-10-06 12:15:00,United Kingdom,64,202.27
16897.0,289.78,2,73,2011-01-30 11:52:00,2011-02-13 15:02:00,United Kingdom,298,144.89
16898.0,501.03,3,412,2010-12-06 12:23:00,2011-11-13 15:44:00,United Kingdom,25,167.01
16899.0,1271.06,6,520,2010-12-14 13:11:00,2011-12-02 12:03:00,United Kingdom,7,211.84333333333333
16900.0,887.11,3,833,2011-10-07 13:17:00,2011-11-23 10:32:00,United Kingdom,16,295.7033333333333
16902.0,1706.88,1,629,2011-08-15 14:17:00,2011-08-15 14:17:00,United Kingdom,115,1706.88
16903.0,363.2,1,247,2011-11-10 15:32:00,2011-11-10 15:32:00,United Kingdom,28,363.2
16904.0,3653.75,16,1984,2010-12-07 13:29:00,2011-12-05 13:10:00,United Kingdom,3,228.359375
16905.0,3037.6,7,1381,2010-12-03 10:43:00,2011-12-04 14:01:00,United Kingdom,4,433.9428571428571
16906.0,559.59,4,263,2011-04-05 12:30:00,2011-09-19 11:49:00,United Kingdom,81,139.8975
16907.0,928.76,5,286,2010-12-09 16:52:00,2011-11-10 18:04:00,United Kingdom,28,185.752
16909.0,379.14,1,436,2011-09-28 16:45:00,2011-09-28 16:45:00,United Kingdom,71,379.14
16910.0,1508.96,8,884,2011-09-09 14:14:00,2011-12-05 12:51:00,United Kingdom,3,188.62
16912.0,2555.58,11,1025,2011-01-20 15:42:00,2011-11-11 12:18:00,United Kingdom,28,232.32545454545453
16913.0,113.44,1,82,2011-02-22 12:56:00,2011-02-22 12:56:00,United Kingdom,289,113.44
16914.0,183.76,1,112,2011-11-03 15:27:00,2011-11-03 15:27:00,United Kingdom,35,183.76
16915.0,621.6800000000001,6,132,2011-03-01 09:52:00,2011-11-30 16:39:00,United Kingdom,8,103.61333333333334
16916.0,562.41,2,431,2010-12-02 13:14:00,2011-11-16 12:08:00,United Kingdom,23,281.205
16917.0,391.52,1,232,2011-03-08 11:55:00,2011-03-08 11:55:00,United Kingdom,276,391.52
16918.0,1068.82,6,721,2011-01-26 17:37:00,2011-10-21 12:50:00,United Kingdom,49,178.13666666666666
16919.0,2592.25,11,1403,2010-12-06 12:52:00,2011-07-06 13:35:00,United Kingdom,155,235.6590909090909
16921.0,154.18,1,154,2011-10-09 16:22:00,2011-10-09 16:22:00,United Kingdom,60,154.18
16923.0,7069.08,19,3344,2010-12-12 11:06:00,2011-11-27 13:00:00,United Kingdom,11,372.0568421052632
16924.0,829.89,3,467,2011-09-16 12:54:00,2011-11-18 12:53:00,United Kingdom,20,276.63
16926.0,230.25,1,35,2010-12-03 13:42:00,2010-12-03 13:42:00,United Kingdom,370,230.25
16927.0,543.05,3,993,2010-12-13 11:57:00,2011-08-16 11:10:00,United Kingdom,115,181.01666666666665
16928.0,2814.7,17,2092,2010-12-01 15:21:00,2011-09-20 15:10:00,United Kingdom,79,165.5705882352941
16929.0,1295.39,7,929,2011-07-07 12:39:00,2011-12-06 08:37:00,United Kingdom,3,185.0557142857143
16930.0,378.89,3,339,2011-10-02 14:25:00,2011-11-13 16:13:00,United Kingdom,25,126.29666666666667
16931.0,4554.87,21,3134,2010-12-05 11:40:00,2011-12-04 13:15:00,United Kingdom,4,216.89857142857142
16932.0,150.23000000000002,1,82,2011-10-17 14:12:00,2011-10-17 14:12:00,United Kingdom,52,150.23000000000002
16933.0,563.23,2,288,2011-04-14 13:33:00,2011-12-08 12:54:00,United Kingdom,0,281.615
16934.0,931.03,2,397,2011-10-16 12:25:00,2011-10-16 12:40:00,United Kingdom,54,465.515
16936.0,261.9,1,171,2011-11-14 11:04:00,2011-11-14 11:04:00,United Kingdom,25,261.9
16938.0,2711.6800000000003,4,2533,2011-02-04 09:34:00,2011-12-01 10:20:00,United Kingdom,8,677.9200000000001
16940.0,3049.88,3,2169,2011-02-23 12:27:00,2011-10-18 13:15:00,United Kingdom,51,1016.6266666666667
16942.0,1904.99,9,805,2011-04-26 11:59:00,2011-11-27 12:40:00,United Kingdom,12,211.66555555555556
16943.0,816.73,3,145,2011-01-25 14:00:00,2011-05-12 11:57:00,United Kingdom,211,272.24333333333334
16945.0,4345.5,19,2725,2010-12-16 17:49:00,2011-11-18 11:39:00,United Kingdom,21,228.71052631578948
16947.0,406.48,1,312,2011-04-18 09:38:00,2011-04-18 09:38:00,United Kingdom,235,406.48
16948.0,435.02,3,1614,2011-01-18 10:58:00,2011-07-24 12:46:00,United Kingdom,138,145.00666666666666
16949.0,1286.27,6,791,2011-01-27 12:11:00,2011-12-06 11:07:00,United Kingdom,3,214.37833333333333
16950.0,1178.56,3,644,2010-12-07 15:20:00,2011-10-14 09:06:00,United Kingdom,56,392.8533333333333
16951.0,1277.75,3,1318,2011-02-08 14:58:00,2011-07-28 12:05:00,United Kingdom,134,425.9166666666667
16952.0,167.61,2,92,2011-08-22 12:58:00,2011-08-22 13:03:00,United Kingdom,108,83.805
16953.0,20.8,1,10,2011-11-09 15:54:00,2011-11-09 15:54:00,United Kingdom,29,20.8
16954.0,2085.08,9,1054,2010-12-15 10:41:00,2011-12-09 09:46:00,United Kingdom,0,231.67555555555555
16955.0,518.67,4,266,2010-12-01 13:31:00,2011-06-08 10:36:00,United Kingdom,184,129.6675
16956.0,308.74,1,114,2011-11-22 08:56:00,2011-11-22 08:56:00,United Kingdom,17,308.74
16957.0,416.64,2,172,2011-03-03 09:25:00,2011-04-14 13:56:00,United Kingdom,238,208.32
16959.0,117.35000000000001,1,49,2011-09-13 15:03:00,2011-09-13 15:03:00,United Kingdom,86,117.35000000000001
16960.0,507.05,3,304,2011-04-01 11:54:00,2011-11-01 11:35:00,United Kingdom,38,169.01666666666668
16961.0,234.17,1,125,2011-08-15 13:46:00,2011-08-15 13:46:00,United Kingdom,115,234.17
16963.0,110.55000000000001,1,35,2011-06-05 13:48:00,2011-06-05 13:48:00,United Kingdom,186,110.55000000000001
16965.0,201.19,1,291,2011-04-27 12:08:00,2011-04-27 12:08:00,United Kingdom,226,201.19
16966.0,2154.97,7,1981,2011-04-13 14:17:00,2011-12-01 13:40:00,United Kingdom,7,307.8528571428571
16967.0,319.02,1,333,2011-06-03 14:24:00,2011-06-03 14:24:00,United Kingdom,188,319.02
16968.0,439.43,2,326,2011-08-24 10:51:00,2011-12-05 15:02:00,United Kingdom,3,219.715
16969.0,650.41,3,816,2011-06-01 12:10:00,2011-10-31 13:12:00,United Kingdom,38,216.8033333333333
16971.0,357.21,1,72,2011-11-01 15:06:00,2011-11-01 15:06:00,United Kingdom,37,357.21
16976.0,251.51999999999998,1,88,2011-03-17 16:33:00,2011-03-17 16:33:00,United Kingdom,266,251.51999999999998
16978.0,344.33,1,166,2011-09-23 12:50:00,2011-09-23 12:50:00,United Kingdom,77,344.33
16979.0,1852.0,6,865,2011-02-15 09:20:00,2011-12-06 12:21:00,United Kingdom,3,308.6666666666667
16980.0,1028.46,2,739,2011-02-21 12:58:00,2011-03-29 16:36:00,United Kingdom,254,514.23
16982.0,384.06,1,182,2011-10-10 12:28:00,2011-10-10 12:28:00,United Kingdom,60,384.06
16983.0,1905.87,7,1335,2010-12-05 12:34:00,2011-11-27 12:10:00,United Kingdom,12,272.26714285714286
16984.0,4459.52,2,2380,2011-08-01 17:37:00,2011-09-12 13:43:00,United Kingdom,87,2229.76
16985.0,5464.12,10,1832,2010-12-16 10:38:00,2011-11-22 13:33:00,United Kingdom,16,546.412
16986.0,1873.2,2,1040,2011-11-09 15:52:00,2011-11-10 11:55:00,United Kingdom,29,936.6
16987.0,1616.8,7,401,2011-05-18 15:55:00,2011-12-06 17:26:00,United Kingdom,2,230.97142857142856
16988.0,126.12,1,43,2011-12-04 16:02:00,2011-12-04 16:02:00,United Kingdom,4,126.12
16989.0,1133.25,6,1233,2011-07-12 09:11:00,2011-12-02 16:39:00,United Kingdom,6,188.875
16990.0,179.0,1,100,2011-05-05 08:30:00,2011-05-05 08:30:00,United Kingdom,218,179.0
16992.0,1614.31,5,860,2011-02-28 10:37:00,2011-11-29 11:50:00,United Kingdom,10,322.86199999999997
16996.0,1456.96,6,544,2010-12-21 13:22:00,2011-11-09 16:43:00,United Kingdom,29,242.82666666666668
16997.0,702.0,3,360,2011-01-18 11:51:00,2011-02-24 17:28:00,United Kingdom,287,234.0
16998.0,295.0,4,76,2011-02-08 15:42:00,2011-07-13 09:44:00,United Kingdom,149,73.75
16999.0,484.82,2,294,2011-09-26 15:43:00,2011-11-16 13:53:00,United Kingdom,22,242.41
17001.0,3989.57,11,2164,2010-12-16 09:35:00,2011-12-09 09:38:00,United Kingdom,0,362.6881818181818
17002.0,1493.73,3,679,2011-02-22 11:46:00,2011-09-15 12:40:00,United Kingdom,85,497.91
17004.0,1312.1399999999999,2,771,2011-09-08 12:16:00,2011-10-24 14:25:00,United Kingdom,45,656.0699999999999
17006.0,781.78,4,272,2011-09-25 12:15:00,2011-12-05 12:09:00,United Kingdom,4,195.445
17007.0,889.9300000000001,6,597,2010-12-17 13:57:00,2011-10-20 10:47:00,United Kingdom,50,148.3216666666667
17010.0,195.36,1,118,2011-11-21 14:49:00,2011-11-21 14:49:00,United Kingdom,17,195.36
17011.0,270.9,1,186,2011-11-09 13:30:00,2011-11-09 13:30:00,United Kingdom,29,270.9
17014.0,583.4300000000001,3,243,2011-10-04 11:36:00,2011-12-01 14:09:00,United Kingdom,7,194.4766666666667
17015.0,1838.6100000000001,3,1978,2011-06-07 13:19:00,2011-11-11 10:45:00,United Kingdom,28,612.87
17017.0,8694.26,20,6673,2010-12-02 10:17:00,2011-12-07 09:32:00,United Kingdom,2,434.713
17018.0,920.1,2,176,2011-01-18 08:46:00,2011-10-30 11:42:00,United Kingdom,40,460.05
17019.0,1258.08,4,820,2010-12-06 12:55:00,2011-11-28 13:06:00,United Kingdom,10,314.52
17022.0,71.0,1,108,2011-11-08 17:09:00,2011-11-08 17:09:00,United Kingdom,30,71.0
17024.0,95.85,3,69,2011-07-05 09:31:00,2011-10-25 13:47:00,United Kingdom,44,31.95
17025.0,357.77,3,235,2010-12-01 15:45:00,2011-10-10 09:06:00,United Kingdom,60,119.25666666666666
17026.0,154.82999999999998,2,97,2010-12-05 12:47:00,2011-06-07 14:28:00,United Kingdom,184,77.41499999999999
17027.0,877.5600000000001,6,416,2011-01-26 14:19:00,2011-09-22 12:24:00,United Kingdom,78,146.26000000000002
17029.0,716.0,2,400,2011-04-17 10:57:00,2011-08-21 11:06:00,United Kingdom,110,358.0
17030.0,146.87,1,146,2011-10-07 08:49:00,2011-10-07 08:49:00,United Kingdom,63,146.87
17031.0,380.35,2,235,2011-07-08 09:38:00,2011-11-28 10:23:00,United Kingdom,11,190.175
17033.0,1030.14,3,750,2010-12-15 13:21:00,2011-09-14 14:34:00,United Kingdom,85,343.38000000000005
17034.0,745.52,3,410,2011-02-25 10:10:00,2011-11-23 15:14:00,United Kingdom,15,248.50666666666666
17035.0,433.53000000000003,2,229,2011-02-01 12:27:00,2011-04-08 11:23:00,United Kingdom,245,216.76500000000001
17037.0,1267.32,1,656,2011-09-13 12:49:00,2011-09-13 12:49:00,United Kingdom,87,1267.32
17038.0,112.4,1,28,2011-11-09 13:50:00,2011-11-09 13:50:00,United Kingdom,29,112.4
17040.0,449.73,1,181,2011-07-25 10:19:00,2011-07-25 10:19:00,United Kingdom,137,449.73
17041.0,1071.49,3,927,2010-12-14 11:43:00,2011-11-13 11:21:00,United Kingdom,26,357.16333333333336
17042.0,1036.58,5,990,2011-04-06 14:53:00,2011-12-07 12:26:00,United Kingdom,2,207.31599999999997
17043.0,1735.18,4,998,2011-03-18 14:53:00,2011-11-07 15:33:00,United Kingdom,31,433.795
17044.0,948.48,1,504,2011-11-14 14:28:00,2011-11-14 14:28:00,United Kingdom,24,948.48
17045.0,339.44,3,106,2011-04-06 12:08:00,2011-08-18 17:09:00,United Kingdom,112,113.14666666666666
17046.0,642.02,1,510,2011-07-05 14:24:00,2011-07-05 14:24:00,United Kingdom,156,642.02
17047.0,1100.9,3,533,2011-05-18 16:50:00,2011-09-15 13:27:00,United Kingdom,84,366.9666666666667
17048.0,925.35,3,485,2011-01-12 16:51:00,2011-08-14 11:49:00,United Kingdom,117,308.45
17049.0,5655.03,9,2673,2011-03-09 08:33:00,2011-12-07 10:48:00,United Kingdom,2,628.3366666666666
17050.0,3185.64,6,1595,2011-02-13 12:41:00,2011-09-04 13:48:00,United Kingdom,95,530.9399999999999
17051.0,240.89000000000001,1,179,2011-05-29 14:13:00,2011-05-29 14:13:00,United Kingdom,193,240.89000000000001
17052.0,399.09,1,251,2011-11-11 14:50:00,2011-11-11 14:50:00,United Kingdom,27,399.09
17053.0,498.48,1,122,2011-08-01 10:23:00,2011-08-01 10:23:00,United Kingdom,130,498.48
17054.0,1356.33,5,804,2011-04-08 13:14:00,2011-11-11 12:56:00,United Kingdom,27,271.26599999999996
17058.0,1179.89,3,592,2011-04-14 09:18:00,2011-09-19 10:13:00,United Kingdom,81,393.2966666666667
17059.0,3080.39,5,1850,2010-12-05 12:35:00,2011-11-10 12:27:00,United Kingdom,29,616.078
17060.0,234.24,1,216,2011-03-18 13:27:00,2011-03-18 13:27:00,United Kingdom,265,234.24
17061.0,5232.2300000000005,11,1526,2011-04-21 13:29:00,2011-09-27 11:24:00,United Kingdom,73,475.65727272727275
17062.0,533.33,4,418,2010-12-05 11:59:00,2011-01-30 11:01:00,United Kingdom,313,133.3325
17063.0,1461.14,7,770,2011-02-23 13:44:00,2011-11-18 16:19:00,United Kingdom,20,208.73428571428573
17064.0,855.45,3,316,2011-01-16 16:10:00,2011-10-12 10:18:00,United Kingdom,58,285.15000000000003
17068.0,4552.14,21,2164,2010-12-06 13:58:00,2011-11-27 13:14:00,United Kingdom,11,216.76857142857145
17069.0,2709.7000000000003,9,1506,2010-12-01 16:49:00,2011-11-11 17:13:00,United Kingdom,27,301.0777777777778
17070.0,304.24,1,131,2011-08-17 17:01:00,2011-08-17 17:01:00,United Kingdom,113,304.24
17071.0,2429.03,9,1197,2011-02-03 08:18:00,2011-11-11 16:31:00,United Kingdom,27,269.89222222222224
17073.0,1446.09,4,759,2011-08-22 14:37:00,2011-11-22 11:47:00,United Kingdom,17,361.5225
17075.0,834.12,4,292,2011-01-26 13:20:00,2011-11-22 11:58:00,United Kingdom,17,208.53
17076.0,841.0799999999999,3,295,2010-12-10 10:08:00,2011-11-03 17:53:00,United Kingdom,35,280.35999999999996
17078.0,378.2,2,788,2011-11-03 18:49:00,2011-11-03 19:17:00,United Kingdom,35,189.1
17079.0,118.80000000000001,1,24,2011-09-22 15:34:00,2011-09-22 15:34:00,United Kingdom,77,118.80000000000001
17080.0,287.62,2,166,2011-03-15 12:05:00,2011-11-17 12:59:00,United Kingdom,21,143.81
17081.0,288.91,2,77,2011-10-24 13:08:00,2011-11-14 12:56:00,United Kingdom,24,144.455
17082.0,2003.85,2,1049,2011-01-25 14:36:00,2011-11-06 15:17:00,United Kingdom,32,1001.925
17083.0,1405.78,3,772,2011-02-09 11:38:00,2011-08-22 15:43:00,United Kingdom,108,468.5933333333333
17084.0,2747.9900000000002,2,1702,2011-11-04 14:49:00,2011-11-04 14:54:00,United Kingdom,34,1373.9950000000001
17085.0,1562.4,5,785,2010-12-12 12:24:00,2011-08-08 14:15:00,United Kingdom,122,312.48
17086.0,2050.08,6,1859,2011-10-07 11:22:00,2011-12-02 13:54:00,United Kingdom,6,341.68
17088.0,1991.01,4,868,2011-03-31 09:48:00,2011-11-11 14:23:00,United Kingdom,27,497.7525
17090.0,1974.65,7,903,2010-12-20 13:52:00,2011-12-05 13:44:00,United Kingdom,3,282.09285714285716
17091.0,3827.76,9,1746,2010-12-07 09:55:00,2011-12-07 10:43:00,United Kingdom,2,425.3066666666667
17092.0,1774.03,4,1130,2011-03-07 14:51:00,2011-10-20 19:51:00,United Kingdom,49,443.5075
17094.0,302.0,1,152,2011-01-21 13:09:00,2011-01-21 13:09:00,United Kingdom,321,302.0
17095.0,1324.16,3,618,2011-01-09 11:05:00,2011-11-17 12:21:00,United Kingdom,22,441.3866666666667
17096.0,1022.13,4,339,2011-03-23 12:05:00,2011-11-24 15:01:00,United Kingdom,14,255.5325
17097.0,954.42,8,459,2010-12-09 14:55:00,2011-12-07 17:05:00,Spain,1,119.3025
17100.0,971.74,2,800,2011-11-21 16:36:00,2011-11-21 16:36:00,United Kingdom,17,485.87
17101.0,1621.73,4,815,2011-06-14 14:49:00,2011-11-29 13:57:00,United Kingdom,9,405.4325
17102.0,25.5,1,2,2011-03-23 10:08:00,2011-03-23 10:08:00,United Kingdom,261,25.5
17105.0,665.78,2,693,2011-02-06 14:46:00,2011-07-03 15:53:00,United Kingdom,158,332.89
17107.0,10797.48,6,4826,2011-03-06 15:17:00,2011-11-06 14:14:00,United Kingdom,32,1799.58
17109.0,881.29,6,588,2011-04-21 15:46:00,2011-11-10 16:59:00,United Kingdom,28,146.88166666666666
17110.0,163.29999999999998,1,50,2011-06-27 12:58:00,2011-06-27 12:58:00,United Kingdom,164,163.29999999999998
17111.0,231.61,1,282,2011-10-23 15:59:00,2011-10-23 15:59:00,United Kingdom,46,231.61
17114.0,801.12,8,215,2011-01-09 11:39:00,2011-12-04 12:17:00,United Kingdom,5,100.14
17115.0,837.5,3,372,2011-04-20 14:46:00,2011-12-01 14:30:00,United Kingdom,7,279.1666666666667
17117.0,116.19999999999999,1,68,2011-02-24 13:54:00,2011-02-24 13:54:00,United Kingdom,287,116.19999999999999
17118.0,157.02,1,154,2011-01-26 12:19:00,2011-01-26 12:19:00,United Kingdom,317,157.02
17119.0,606.91,2,334,2011-10-11 11:03:00,2011-12-06 14:40:00,United Kingdom,2,303.455
17120.0,307.46,1,120,2011-04-20 15:21:00,2011-04-20 15:21:00,United Kingdom,232,307.46
17122.0,138.32,1,80,2011-08-12 14:33:00,2011-08-12 14:33:00,United Kingdom,118,138.32
17123.0,345.29999999999995,1,246,2011-07-01 10:47:00,2011-07-01 10:47:00,United Kingdom,161,345.29999999999995
17124.0,294.24,1,129,2011-06-07 14:02:00,2011-06-07 14:02:00,United Kingdom,184,294.24
17125.0,230.5,1,281,2011-10-20 14:41:00,2011-10-20 14:41:00,United Kingdom,49,230.5
17126.0,989.45,5,780,2010-12-12 11:26:00,2011-07-10 13:52:00,United Kingdom,151,197.89000000000001
17128.0,157.09,1,76,2011-01-09 12:02:00,2011-01-09 12:02:00,United Kingdom,334,157.09
17131.0,2463.17,5,983,2011-09-25 12:42:00,2011-12-04 12:52:00,United Kingdom,4,492.634
17133.0,4892.240000000001,7,2730,2011-03-18 13:47:00,2011-11-24 12:27:00,United Kingdom,15,698.8914285714287
17134.0,413.2,2,98,2011-03-20 11:56:00,2011-08-25 09:53:00,United Kingdom,106,206.6
17135.0,1139.73,7,1224,2010-12-03 09:31:00,2011-11-23 16:48:00,United Kingdom,15,162.81857142857143
17138.0,380.5,1,126,2011-03-09 11:54:00,2011-03-09 11:54:00,United Kingdom,275,380.5
17139.0,10650.77,12,5176,2011-02-24 09:32:00,2011-11-24 10:12:00,United Kingdom,15,887.5641666666667
17140.0,454.12,1,296,2011-04-06 13:33:00,2011-04-06 13:33:00,United Kingdom,246,454.12
17142.0,579.0,1,81,2011-04-14 18:22:00,2011-04-14 18:22:00,United Kingdom,238,579.0
17144.0,984.57,2,483,2011-09-16 12:50:00,2011-12-08 17:57:00,United Kingdom,0,492.285
17146.0,749.78,3,212,2010-12-16 12:20:00,2011-08-26 12:44:00,United Kingdom,105,249.92666666666665
17147.0,1714.59,4,882,2011-02-01 09:36:00,2011-11-17 12:32:00,United Kingdom,22,428.6475
17148.0,124.88,1,82,2011-10-19 09:59:00,2011-10-19 09:59:00,United Kingdom,51,124.88
17152.0,1689.5,3,517,2011-03-21 16:20:00,2011-05-29 12:19:00,United Kingdom,194,563.1666666666666
17153.0,213.78,1,104,2011-11-15 13:42:00,2011-11-15 13:42:00,United Kingdom,23,213.78
17154.0,329.34,1,490,2011-09-25 13:42:00,2011-09-25 13:42:00,United Kingdom,74,329.34
17155.0,251.70000000000002,2,242,2011-06-15 10:22:00,2011-11-22 12:38:00,United Kingdom,17,125.85000000000001
17157.0,319.0,2,172,2011-06-16 15:08:00,2011-12-02 09:10:00,United Kingdom,7,159.5
17158.0,1266.97,3,778,2010-12-14 13:03:00,2011-11-07 15:15:00,United Kingdom,31,422.3233333333333
17159.0,1538.88,3,1111,2011-06-21 09:49:00,2011-11-18 10:52:00,United Kingdom,21,512.96
17160.0,3518.03,6,2856,2011-04-12 12:00:00,2011-11-08 14:05:00,United Kingdom,30,586.3383333333334
17162.0,1715.46,10,1001,2011-02-07 12:27:00,2011-11-11 11:34:00,United Kingdom,28,171.546
17163.0,293.1,2,66,2011-09-22 15:54:00,2011-11-18 08:57:00,United Kingdom,21,146.55
17164.0,2467.35,7,1501,2011-03-11 14:26:00,2011-11-07 09:14:00,United Kingdom,32,352.4785714285714
17165.0,158.68,1,100,2011-02-28 16:39:00,2011-02-28 16:39:00,United Kingdom,283,158.68
17166.0,206.34,2,78,2011-05-20 08:18:00,2011-11-01 09:46:00,United Kingdom,38,103.17
17169.0,835.78,2,526,2011-06-09 13:16:00,2011-10-13 10:25:00,United Kingdom,57,417.89
17171.0,224.91,1,185,2011-02-23 16:37:00,2011-02-23 16:37:00,United Kingdom,288,224.91
17172.0,317.76,1,480,2011-09-22 09:36:00,2011-09-22 09:36:00,United Kingdom,78,317.76
17173.0,3766.6,8,1122,2011-07-31 15:26:00,2011-12-04 14:40:00,United Kingdom,4,470.825
17174.0,59.9,1,41,2011-05-06 11:47:00,2011-05-06 11:47:00,United Kingdom,217,59.9
17175.0,1443.69,4,866,2011-02-16 14:56:00,2011-10-26 15:31:00,United Kingdom,43,360.9225
17176.0,306.13,1,170,2011-05-22 12:41:00,2011-05-22 12:41:00,United Kingdom,201,306.13
17179.0,711.79,3,290,2010-12-13 14:24:00,2011-06-14 16:48:00,United Kingdom,177,237.26333333333332
17180.0,783.97,4,670,2011-01-27 18:05:00,2011-10-14 15:46:00,United Kingdom,55,195.9925
17181.0,239.92000000000002,2,241,2010-12-01 12:38:00,2011-10-13 14:48:00,United Kingdom,56,119.96000000000001
17183.0,3347.31,6,1296,2011-08-26 15:25:00,2011-12-02 10:07:00,United Kingdom,7,557.885
17186.0,144.0,2,200,2011-10-10 12:52:00,2011-10-24 10:20:00,United Kingdom,46,72.0
17187.0,203.95,1,144,2011-04-27 12:39:00,2011-04-27 12:39:00,United Kingdom,226,203.95
17188.0,2474.23,7,1328,2010-12-12 12:56:00,2011-11-28 13:53:00,United Kingdom,10,353.4614285714286
17189.0,383.75,2,226,2010-12-15 17:28:00,2011-08-25 19:39:00,United Kingdom,105,191.875
17190.0,444.74,2,161,2011-05-16 15:29:00,2011-10-12 11:33:00,United Kingdom,58,222.37
17191.0,2093.68,7,1166,2010-12-06 14:36:00,2011-11-11 16:58:00,United Kingdom,27,299.09714285714284
17193.0,1699.3000000000002,7,1254,2011-06-16 10:04:00,2011-11-04 12:47:00,United Kingdom,35,242.7571428571429
17194.0,262.62,2,119,2010-12-14 12:06:00,2011-03-11 12:05:00,United Kingdom,273,131.31
17197.0,1013.01,1,191,2011-11-10 10:32:00,2011-11-10 10:32:00,United Kingdom,29,1013.01
17198.0,692.22,3,357,2010-12-03 14:54:00,2011-11-16 10:39:00,United Kingdom,23,230.74
17201.0,289.78,1,231,2011-10-17 11:55:00,2011-10-17 11:55:00,United Kingdom,53,289.78
17203.0,3560.08,6,2846,2011-10-10 14:37:00,2011-11-04 12:27:00,United Kingdom,35,593.3466666666667
17204.0,1564.56,4,646,2011-03-21 12:42:00,2011-06-17 14:46:00,United Kingdom,174,391.14
17205.0,384.08,1,884,2011-10-17 12:46:00,2011-10-17 12:46:00,United Kingdom,53,384.08
17206.0,204.24,1,76,2011-10-17 13:25:00,2011-10-17 13:25:00,United Kingdom,52,204.24
17211.0,2317.2200000000003,8,1323,2010-12-05 12:44:00,2011-11-13 12:03:00,United Kingdom,26,289.65250000000003
17212.0,226.85,1,147,2011-03-31 19:42:00,2011-03-31 19:42:00,United Kingdom,252,226.85
17213.0,2781.23,7,1176,2010-12-08 13:03:00,2011-10-30 14:53:00,United Kingdom,39,397.31857142857143
17214.0,1059.1200000000001,6,272,2010-12-15 15:14:00,2011-10-10 13:17:00,United Kingdom,59,176.52
17217.0,113.5,1,24,2011-04-19 17:19:00,2011-04-19 17:19:00,United Kingdom,233,113.5
17218.0,1951.97,10,955,2010-12-06 15:25:00,2011-12-05 13:52:00,United Kingdom,3,195.197
17219.0,114.23,1,89,2011-11-08 11:25:00,2011-11-08 11:25:00,United Kingdom,31,114.23
17220.0,3187.55,14,1897,2010-12-10 14:54:00,2011-11-15 13:47:00,United Kingdom,23,227.68214285714288
17221.0,334.48,2,287,2011-11-03 17:39:00,2011-12-02 13:35:00,United Kingdom,6,167.24
17222.0,328.65,1,122,2011-10-05 13:58:00,2011-10-05 13:58:00,United Kingdom,64,328.65
17223.0,416.89,2,110,2010-12-06 14:08:00,2011-02-02 15:57:00,United Kingdom,309,208.445
17226.0,393.49,1,406,2011-02-04 11:52:00,2011-02-04 11:52:00,United Kingdom,308,393.49
17227.0,939.32,6,741,2010-12-06 11:16:00,2011-11-21 10:51:00,United Kingdom,18,156.55333333333334
17228.0,1906.09,8,1532,2010-12-02 16:00:00,2011-11-24 10:24:00,United Kingdom,15,238.26125
17229.0,318.76,2,185,2011-07-20 12:38:00,2011-09-04 13:56:00,United Kingdom,95,159.38
17230.0,3638.41,8,1651,2010-12-15 11:22:00,2011-03-20 16:12:00,United Kingdom,263,454.80125
17231.0,3124.72,10,1724,2010-12-13 14:16:00,2011-11-27 15:18:00,United Kingdom,11,312.472
17232.0,417.77,2,202,2011-11-25 12:24:00,2011-12-07 12:21:00,United Kingdom,2,208.885
17233.0,190.88,1,131,2011-11-04 14:06:00,2011-11-04 14:06:00,United Kingdom,34,190.88
17234.0,149.89000000000001,1,55,2011-06-10 11:20:00,2011-06-10 11:20:00,United Kingdom,182,149.89000000000001
17235.0,550.06,2,224,2010-12-02 13:38:00,2011-11-14 15:51:00,United Kingdom,24,275.03
17236.0,916.13,6,474,2010-12-12 11:49:00,2011-11-27 12:00:00,United Kingdom,12,152.68833333333333
17237.0,314.69,2,105,2011-11-17 12:55:00,2011-11-28 15:02:00,United Kingdom,10,157.345
17238.0,3719.1,17,1807,2010-12-03 15:05:00,2011-12-07 11:35:00,United Kingdom,2,218.7705882352941
17239.0,382.5,1,150,2011-01-31 09:41:00,2011-01-31 09:41:00,United Kingdom,312,382.5
17242.0,1135.04,2,611,2011-06-12 13:04:00,2011-08-23 14:55:00,United Kingdom,107,567.52
17243.0,8540.05,26,3320,2010-12-05 10:03:00,2011-12-08 13:26:00,United Kingdom,0,328.4634615384615
17244.0,954.9,1,616,2011-10-17 15:19:00,2011-10-17 15:19:00,United Kingdom,52,954.9
17245.0,171.45,1,75,2011-05-19 10:43:00,2011-05-19 10:43:00,United Kingdom,204,171.45
17247.0,280.09000000000003,1,105,2011-11-24 15:21:00,2011-11-24 15:21:00,United Kingdom,14,280.09000000000003
17248.0,318.65,1,213,2011-08-11 13:34:00,2011-08-11 13:34:00,United Kingdom,119,318.65
17250.0,381.97,2,167,2011-03-23 16:45:00,2011-12-06 12:15:00,United Kingdom,3,190.985
17251.0,269.83,1,108,2010-12-12 11:06:00,2010-12-12 11:06:00,United Kingdom,362,269.83
17252.0,348.91,2,192,2011-06-06 16:41:00,2011-08-15 09:45:00,United Kingdom,116,174.455
17253.0,178.26,1,43,2011-11-21 12:59:00,2011-11-21 12:59:00,United Kingdom,17,178.26
17254.0,271.19,2,251,2011-11-24 14:09:00,2011-12-05 12:46:00,United Kingdom,4,135.595
17255.0,291.48,2,227,2011-02-13 15:18:00,2011-10-30 12:18:00,United Kingdom,40,145.74
17256.0,240.0,2,141,2011-01-31 14:53:00,2011-08-24 13:30:00,United Kingdom,106,120.0
17259.0,581.23,2,388,2010-12-06 12:55:00,2011-07-14 15:01:00,United Kingdom,147,290.615
17262.0,1253.3600000000001,5,367,2010-12-08 13:30:00,2011-10-18 12:56:00,United Kingdom,51,250.67200000000003
17263.0,63.440000000000005,1,36,2011-05-15 14:32:00,2011-05-15 14:32:00,United Kingdom,207,63.440000000000005
17265.0,550.01,2,389,2011-06-12 12:00:00,2011-07-24 10:49:00,United Kingdom,138,275.005
17266.0,296.58,3,153,2011-07-15 11:57:00,2011-12-07 14:12:00,United Kingdom,1,98.86
17267.0,317.2,2,158,2011-08-04 17:19:00,2011-08-04 17:22:00,United Kingdom,126,158.6
17268.0,763.64,4,844,2011-04-08 13:20:00,2011-08-24 10:06:00,United Kingdom,107,190.91
17272.0,2148.63,4,1778,2011-03-22 12:05:00,2011-10-28 16:37:00,United Kingdom,41,537.1575
17274.0,107.82,1,77,2011-11-04 13:16:00,2011-11-04 13:16:00,United Kingdom,34,107.82
17277.0,1065.3500000000001,2,430,2011-01-21 12:37:00,2011-04-26 12:47:00,United Kingdom,227,532.6750000000001
17278.0,246.04,1,179,2011-04-12 13:10:00,2011-04-12 13:10:00,United Kingdom,240,246.04
17279.0,187.82999999999998,1,48,2011-10-13 11:58:00,2011-10-13 11:58:00,United Kingdom,57,187.82999999999998
17282.0,1685.46,3,1866,2011-02-13 11:36:00,2011-08-01 14:29:00,United Kingdom,129,561.82
17284.0,1647.48,6,1362,2011-01-07 14:31:00,2011-10-10 14:38:00,United Kingdom,59,274.58
17286.0,151.37,1,117,2011-11-18 12:47:00,2011-11-18 12:47:00,United Kingdom,21,151.37
17287.0,1049.06,7,556,2010-12-02 12:22:00,2011-11-13 13:27:00,United Kingdom,25,149.8657142857143
17288.0,1417.63,7,1201,2010-12-16 13:33:00,2011-11-30 16:09:00,United Kingdom,8,202.51857142857145
17289.0,931.02,3,513,2011-06-12 13:51:00,2011-11-08 12:01:00,United Kingdom,31,310.34
17290.0,513.01,2,397,2011-11-23 15:53:00,2011-12-06 12:38:00,United Kingdom,3,256.505
17291.0,550.8000000000001,1,72,2011-02-04 13:04:00,2011-02-04 13:04:00,United Kingdom,307,550.8000000000001
17293.0,1854.06,9,1135,2010-12-13 14:55:00,2011-12-01 14:37:00,United Kingdom,7,206.00666666666666
17295.0,547.0,3,293,2011-10-06 12:22:00,2011-11-11 10:49:00,United Kingdom,28,182.33333333333334
17297.0,128.18,1,65,2011-11-22 14:43:00,2011-11-22 14:43:00,United Kingdom,16,128.18
17298.0,498.42,2,387,2011-08-07 12:21:00,2011-08-30 16:43:00,United Kingdom,100,249.21
17299.0,656.61,4,668,2011-06-19 16:04:00,2011-11-28 12:01:00,United Kingdom,11,164.1525
17301.0,163.24,1,137,2011-11-18 13:43:00,2011-11-18 13:43:00,United Kingdom,20,163.24
17302.0,1135.63,5,575,2011-02-07 10:14:00,2011-11-25 09:36:00,United Kingdom,14,227.12600000000003
17303.0,250.04,1,144,2010-12-13 13:32:00,2010-12-13 13:32:00,United Kingdom,360,250.04
17306.0,8631.31,19,11491,2010-12-21 13:34:00,2011-11-29 12:14:00,United Kingdom,10,454.2794736842105
17309.0,82.75,1,41,2011-09-05 15:20:00,2011-09-05 15:20:00,United Kingdom,94,82.75
17311.0,1384.85,2,1005,2011-01-27 10:56:00,2011-09-22 14:11:00,United Kingdom,77,692.425
17312.0,644.3,3,372,2011-07-03 13:12:00,2011-07-24 11:52:00,United Kingdom,138,214.76666666666665
17313.0,2328.84,1,1402,2011-11-08 15:45:00,2011-11-08 15:45:00,United Kingdom,30,2328.84
17314.0,2527.92,8,1896,2011-01-31 11:25:00,2011-11-15 09:41:00,United Kingdom,24,315.99
17315.0,6281.23,38,3863,2010-12-17 12:24:00,2011-12-08 12:15:00,United Kingdom,1,165.29552631578946
17317.0,2600.34,3,1146,2011-09-11 12:45:00,2011-10-24 17:19:00,United Kingdom,45,866.7800000000001
17320.0,1200.6200000000001,3,634,2010-12-06 15:38:00,2011-08-31 13:31:00,United Kingdom,99,400.2066666666667
17321.0,657.16,2,364,2011-10-03 11:34:00,2011-12-01 13:41:00,United Kingdom,7,328.58
17323.0,906.52,7,760,2011-02-20 14:38:00,2011-11-24 17:29:00,United Kingdom,14,129.50285714285715
17324.0,986.48,4,843,2010-12-08 12:45:00,2011-11-22 10:34:00,United Kingdom,17,246.62
17325.0,96.8,1,60,2011-03-04 13:09:00,2011-03-04 13:09:00,United Kingdom,279,96.8
17329.0,523.11,2,142,2011-01-28 15:29:00,2011-11-25 14:24:00,United Kingdom,13,261.555
17330.0,363.9,2,120,2011-10-03 11:26:00,2011-11-17 08:56:00,United Kingdom,22,181.95
17331.0,175.2,1,16,2011-08-08 11:55:00,2011-08-08 11:55:00,United Kingdom,123,175.2
17333.0,494.25,1,375,2011-09-15 10:11:00,2011-09-15 10:11:00,United Kingdom,85,494.25
17334.0,307.02,2,315,2011-02-04 09:03:00,2011-02-10 14:59:00,United Kingdom,301,153.51
17337.0,1981.06,4,1247,2011-02-02 17:06:00,2011-07-11 14:55:00,United Kingdom,150,495.265
17338.0,6493.54,8,3059,2010-12-13 12:57:00,2011-11-22 14:23:00,United Kingdom,16,811.6925
17339.0,243.36,2,152,2010-12-09 14:44:00,2011-09-06 13:29:00,United Kingdom,93,121.68
17340.0,12353.29,11,5967,2010-12-08 15:56:00,2011-11-10 10:45:00,United Kingdom,29,1123.0263636363636
17341.0,682.29,3,443,2010-12-08 12:46:00,2011-07-06 12:33:00,United Kingdom,156,227.42999999999998
17343.0,193.64,1,56,2010-12-19 15:07:00,2010-12-19 15:07:00,United Kingdom,354,193.64
17344.0,157.62,1,65,2011-10-24 12:56:00,2011-10-24 12:56:00,United Kingdom,45,157.62
17345.0,519.6899999999999,4,341,2011-05-27 12:26:00,2011-11-24 15:03:00,United Kingdom,14,129.92249999999999
17346.0,2622.88,15,1617,2010-12-01 14:34:00,2011-12-06 12:18:00,United Kingdom,3,174.85866666666666
17347.0,228.96,1,216,2011-09-14 13:12:00,2011-09-14 13:12:00,United Kingdom,85,228.96
17348.0,1156.6,5,1398,2011-02-15 10:49:00,2011-11-25 11:25:00,United Kingdom,14,231.32
17349.0,98.25,1,102,2011-06-13 14:29:00,2011-06-13 14:29:00,United Kingdom,178,98.25
17350.0,1281.32,4,770,2011-10-19 16:05:00,2011-12-01 15:47:00,United Kingdom,7,320.33
17351.0,587.15,3,113,2011-03-11 16:05:00,2011-11-03 18:45:00,United Kingdom,35,195.71666666666667
17353.0,1740.0,2,1200,2011-07-08 16:17:00,2011-08-02 17:19:00,United Kingdom,128,870.0
17354.0,1393.06,1,1006,2011-10-20 10:34:00,2011-10-20 10:34:00,United Kingdom,50,1393.06
17356.0,178.22,1,166,2011-02-01 11:07:00,2011-02-01 11:07:00,United Kingdom,311,178.22
17357.0,384.39,2,152,2011-11-15 16:29:00,2011-11-15 16:30:00,United Kingdom,23,192.195
17358.0,360.81,2,190,2010-12-19 14:16:00,2011-02-09 16:57:00,United Kingdom,302,180.405
17359.0,127.86,1,161,2011-11-28 14:37:00,2011-11-28 14:37:00,United Kingdom,10,127.86
17360.0,568.24,3,328,2011-06-08 17:09:00,2011-11-22 13:11:00,United Kingdom,16,189.41333333333333
17361.0,488.2,3,157,2011-02-21 09:55:00,2011-10-21 15:43:00,United Kingdom,48,162.73333333333332
17362.0,312.23,2,191,2011-02-03 10:26:00,2011-04-14 14:43:00,United Kingdom,238,156.115
17364.0,4462.68,11,2692,2011-01-12 16:57:00,2011-12-09 09:00:00,United Kingdom,0,405.69818181818187
17365.0,4767.36,8,4749,2011-01-11 12:11:00,2011-11-27 12:13:00,United Kingdom,12,595.92
17367.0,167.55,1,149,2011-04-15 14:21:00,2011-04-15 14:21:00,United Kingdom,237,167.55
17368.0,1878.87,8,1377,2011-01-06 11:57:00,2011-11-16 15:26:00,United Kingdom,22,234.85875
17370.0,446.18,4,540,2011-06-23 11:50:00,2011-09-28 10:14:00,United Kingdom,72,111.545
17371.0,418.4,3,151,2010-12-13 15:20:00,2011-11-22 13:30:00,United Kingdom,16,139.46666666666667
17372.0,1337.18,8,747,2010-12-12 12:00:00,2011-10-30 11:37:00,United Kingdom,40,167.1475
17373.0,646.92,4,408,2011-01-31 11:46:00,2011-10-30 15:28:00,United Kingdom,39,161.73
17374.0,495.77,2,85,2011-03-03 12:53:00,2011-05-05 09:05:00,United Kingdom,218,247.885
17375.0,400.1,3,367,2010-12-13 15:16:00,2011-05-24 15:45:00,United Kingdom,198,133.36666666666667
17376.0,203.2,2,86,2011-02-01 14:12:00,2011-09-30 12:36:00,United Kingdom,70,101.6
17377.0,4058.32,20,2038,2010-12-01 12:35:00,2011-11-16 11:17:00,United Kingdom,23,202.916
17379.0,389.71999999999997,1,623,2011-11-28 13:56:00,2011-11-28 13:56:00,United Kingdom,10,389.71999999999997
17381.0,20275.61,29,25649,2010-12-02 12:58:00,2011-12-01 11:59:00,United Kingdom,8,699.1589655172414
17382.0,65.4,1,25,2011-10-05 13:05:00,2011-10-05 13:05:00,United Kingdom,64,65.4
17383.0,193.39000000000001,1,148,2011-12-05 17:36:00,2011-12-05 17:36:00,United Kingdom,3,193.39000000000001
17384.0,336.4,2,88,2011-05-04 16:07:00,2011-11-20 15:48:00,United Kingdom,18,168.2
17385.0,256.11,1,197,2011-11-25 11:02:00,2011-11-25 11:02:00,United Kingdom,14,256.11
17386.0,2686.42,6,1902,2011-06-27 12:11:00,2011-12-02 11:28:00,United Kingdom,7,447.7366666666667
17387.0,746.81,2,522,2011-11-06 11:25:00,2011-11-20 11:00:00,United Kingdom,19,373.405
17388.0,1259.56,4,1068,2011-02-25 12:28:00,2011-09-23 10:31:00,United Kingdom,77,314.89
17389.0,31833.68,34,7612,2011-01-12 15:48:00,2011-12-09 09:38:00,United Kingdom,0,936.2847058823529
17391.0,508.8,2,480,2011-06-28 12:21:00,2011-06-29 09:58:00,United Kingdom,163,254.4
17392.0,417.27,2,277,2010-12-16 19:04:00,2011-02-06 12:48:00,United Kingdom,306,208.635
17394.0,203.86999999999998,1,241,2011-05-04 13:22:00,2011-05-04 13:22:00,United Kingdom,218,203.86999999999998
17396.0,7330.8,8,2005,2010-12-03 09:45:00,2011-10-31 14:12:00,United Kingdom,38,916.35
17397.0,681.41,2,250,2011-11-17 13:58:00,2011-11-17 14:08:00,United Kingdom,21,340.705
17398.0,653.38,3,310,2011-03-29 13:04:00,2011-08-17 09:48:00,United Kingdom,114,217.79333333333332
17400.0,2097.84,5,1088,2010-12-21 17:16:00,2011-08-05 15:38:00,United Kingdom,125,419.56800000000004
17402.0,2633.85,13,701,2010-12-05 13:53:00,2011-12-05 10:15:00,United Kingdom,4,202.60384615384615
17403.0,263.92,1,111,2011-11-03 15:18:00,2011-11-03 15:18:00,United Kingdom,35,263.92
17404.0,31906.82,15,32748,2010-12-14 13:28:00,2011-12-05 16:26:00,Sweden,3,2127.1213333333335
17405.0,1031.41,3,726,2011-07-12 14:17:00,2011-12-08 17:12:00,United Kingdom,0,343.80333333333334
17406.0,2184.42,3,780,2010-12-08 10:35:00,2011-01-10 15:07:00,United Kingdom,332,728.14
17408.0,32.65,1,3,2011-06-29 12:53:00,2011-06-29 12:53:00,United Kingdom,162,32.65
17409.0,771.85,2,105,2011-04-05 16:42:00,2011-06-08 10:36:00,United Kingdom,184,385.925
17410.0,1214.72,5,616,2011-05-08 15:21:00,2011-11-23 15:46:00,United Kingdom,15,242.94400000000002
17411.0,778.94,3,306,2011-03-23 13:44:00,2011-11-27 14:25:00,United Kingdom,11,259.6466666666667
17412.0,1258.06,7,738,2010-12-02 16:29:00,2011-12-07 11:36:00,United Kingdom,2,179.72285714285712
17414.0,778.0,2,2100,2011-06-08 11:43:00,2011-10-27 12:13:00,United Kingdom,43,389.0
17415.0,507.84,1,114,2011-09-21 12:50:00,2011-09-21 12:50:00,United Kingdom,79,507.84
17416.0,6893.42,7,4302,2011-03-03 13:45:00,2011-11-10 12:47:00,United Kingdom,29,984.7742857142857
17418.0,463.46000000000004,2,289,2011-01-20 11:39:00,2011-10-28 13:00:00,United Kingdom,41,231.73000000000002
17419.0,4226.57,12,1876,2010-12-07 15:03:00,2011-11-28 13:47:00,United Kingdom,10,352.21416666666664
17420.0,598.83,3,265,2010-12-01 09:56:00,2011-10-20 14:52:00,United Kingdom,49,199.61
17422.0,1979.37,6,2253,2011-02-16 14:44:00,2011-11-23 13:27:00,United Kingdom,15,329.895
17423.0,698.41,2,459,2011-05-06 09:14:00,2011-10-24 13:36:00,United Kingdom,45,349.205
17425.0,759.17,2,407,2011-10-10 11:37:00,2011-11-20 15:30:00,United Kingdom,18,379.585
17426.0,5037.26,6,3094,2011-03-02 16:34:00,2011-12-01 18:07:00,United Kingdom,7,839.5433333333334
17427.0,100.8,1,34,2011-09-29 11:29:00,2011-09-29 11:29:00,United Kingdom,71,100.8
17428.0,17256.85,28,9474,2010-12-06 09:37:00,2011-12-09 09:45:00,United Kingdom,0,616.3160714285714
17429.0,524.9200000000001,3,624,2011-05-05 09:53:00,2011-08-03 13:22:00,United Kingdom,127,174.97333333333336
17430.0,265.76,2,190,2010-12-09 13:05:00,2011-11-07 09:24:00,United Kingdom,32,132.88
17431.0,403.3,1,292,2011-01-30 14:36:00,2011-01-30 14:36:00,United Kingdom,312,403.3
17432.0,365.76,2,207,2011-11-02 17:30:00,2011-11-21 17:33:00,United Kingdom,17,182.88
17433.0,303.15999999999997,1,185,2011-09-12 14:24:00,2011-09-12 14:24:00,United Kingdom,87,303.15999999999997
17434.0,2373.82,7,1693,2011-09-15 13:54:00,2011-12-07 13:16:00,United Kingdom,1,339.1171428571429
17436.0,216.29999999999998,2,90,2011-04-27 11:33:00,2011-12-08 12:30:00,United Kingdom,1,108.14999999999999
17438.0,388.45000000000005,1,103,2011-03-31 10:26:00,2011-03-31 10:26:00,United Kingdom,253,388.45000000000005
17440.0,186.42000000000002,3,246,2011-04-06 12:05:00,2011-07-06 11:54:00,United Kingdom,156,62.14000000000001
17442.0,2248.56,6,1496,2011-02-22 13:02:00,2011-11-03 09:17:00,United Kingdom,36,374.76
17443.0,534.24,1,504,2011-05-04 10:47:00,2011-05-04 10:47:00,Canada,219,534.24
17444.0,2940.04,3,2119,2011-06-20 09:04:00,2011-07-15 12:05:00,Canada,147,980.0133333333333
17446.0,120.9,2,198,2011-02-02 14:40:00,2011-06-16 10:42:00,United Kingdom,176,60.45
17447.0,541.53,2,443,2011-09-29 10:10:00,2011-10-30 14:18:00,United Kingdom,39,270.765
17449.0,2519.21,7,1121,2010-12-15 10:57:00,2011-12-07 16:56:00,United Kingdom,1,359.88714285714286
17450.0,194390.79,46,69973,2010-12-07 09:23:00,2011-12-01 13:29:00,United Kingdom,7,4225.886739130435
17451.0,1721.4,7,1203,2011-08-26 11:54:00,2011-12-08 15:02:00,United Kingdom,0,245.91428571428574
17453.0,486.71999999999997,2,219,2011-10-06 17:02:00,2011-11-22 09:42:00,United Kingdom,17,243.35999999999999
17454.0,517.53,4,243,2010-12-15 10:54:00,2011-05-31 13:58:00,United Kingdom,191,129.3825
17455.0,131.7,1,66,2011-05-20 12:31:00,2011-05-20 12:31:00,United Kingdom,203,131.7
17456.0,249.86,1,222,2010-12-09 15:23:00,2010-12-09 15:23:00,United Kingdom,364,249.86
17457.0,1737.7,5,826,2011-01-04 14:33:00,2011-08-05 12:48:00,United Kingdom,126,347.54
17458.0,316.5,1,170,2011-11-24 13:01:00,2011-11-24 13:01:00,United Kingdom,14,316.5
17459.0,657.3,2,537,2011-10-10 17:00:00,2011-10-27 13:25:00,United Kingdom,42,328.65
17460.0,622.4300000000001,6,236,2010-12-01 16:24:00,2011-09-06 15:04:00,United Kingdom,93,103.73833333333334
17461.0,735.82,3,770,2011-11-10 12:01:00,2011-11-17 10:21:00,United Kingdom,22,245.27333333333334
17462.0,675.69,2,227,2011-02-28 17:01:00,2011-10-10 13:56:00,United Kingdom,59,337.845
17463.0,1875.86,5,1086,2011-01-30 15:48:00,2011-11-23 13:40:00,United Kingdom,15,375.17199999999997
17464.0,289.96000000000004,1,220,2011-07-04 13:19:00,2011-07-04 13:19:00,United Kingdom,157,289.96000000000004
17466.0,763.28,2,306,2011-09-22 09:16:00,2011-11-29 13:15:00,United Kingdom,9,381.64
17468.0,137.0,2,116,2011-11-25 12:52:00,2011-11-29 15:33:00,United Kingdom,9,68.5
17469.0,1870.97,5,787,2011-05-19 08:55:00,2011-11-23 13:15:00,United Kingdom,15,374.194
17470.0,1125.07,5,1675,2010-12-07 09:57:00,2011-10-26 12:42:00,United Kingdom,44,225.01399999999998
17472.0,697.54,3,455,2011-02-13 14:40:00,2011-06-01 14:57:00,United Kingdom,190,232.51333333333332
17475.0,194.37,1,178,2011-09-21 14:55:00,2011-09-21 14:55:00,United Kingdom,78,194.37
17480.0,511.82,1,338,2011-09-23 11:39:00,2011-09-23 11:39:00,United Kingdom,77,511.82
17481.0,1255.59,4,1061,2011-09-07 09:57:00,2011-12-06 12:28:00,United Kingdom,3,313.8975
17483.0,414.04,3,191,2011-06-09 19:40:00,2011-10-05 13:10:00,United Kingdom,64,138.01333333333335
17486.0,396.87,1,191,2011-03-23 14:00:00,2011-03-23 14:00:00,United Kingdom,260,396.87
17489.0,376.64,2,428,2011-05-11 11:34:00,2011-10-12 08:56:00,United Kingdom,58,188.32
17490.0,2092.32,7,1134,2011-06-16 09:15:00,2011-12-09 09:08:00,United Kingdom,0,298.90285714285716
17491.0,3558.87,10,2013,2010-12-07 12:18:00,2011-12-08 16:18:00,United Kingdom,0,355.887
17492.0,374.57,1,155,2011-04-05 15:21:00,2011-04-05 15:21:00,United Kingdom,247,374.57
17495.0,497.56,2,229,2011-11-01 12:06:00,2011-12-02 12:08:00,United Kingdom,7,248.78
17496.0,271.05,1,79,2010-12-16 08:39:00,2010-12-16 08:39:00,United Kingdom,358,271.05
17498.0,272.22,1,394,2011-09-25 12:25:00,2011-09-25 12:25:00,United Kingdom,75,272.22
17499.0,622.88,1,711,2011-02-23 09:14:00,2011-02-23 09:14:00,United Kingdom,289,622.88
17500.0,1138.0,3,17,2011-11-10 09:08:00,2011-11-22 14:25:00,United Kingdom,16,379.3333333333333
17501.0,288.6,2,160,2011-05-03 09:46:00,2011-05-03 09:47:00,United Kingdom,220,144.3
17502.0,689.1,4,376,2011-11-10 16:39:00,2011-11-30 13:13:00,United Kingdom,8,172.275
17503.0,558.96,2,486,2011-11-01 11:12:00,2011-12-07 09:18:00,United Kingdom,2,279.48
17504.0,2997.0299999999997,9,1664,2011-01-21 11:09:00,2011-05-17 12:59:00,United Kingdom,205,333.00333333333333
17505.0,1145.84,2,556,2011-05-18 09:01:00,2011-07-01 12:50:00,United Kingdom,161,572.92
17506.0,302.2,1,139,2011-09-25 11:39:00,2011-09-25 11:39:00,United Kingdom,75,302.2
17507.0,605.58,2,359,2011-02-03 18:08:00,2011-03-23 11:48:00,United Kingdom,261,302.79
17508.0,387.31,1,289,2011-03-04 08:10:00,2011-03-04 08:10:00,Greece,280,387.31
17509.0,6083.64,8,3512,2011-10-07 13:14:00,2011-10-13 10:26:00,United Kingdom,57,760.455
17510.0,308.48,1,214,2011-11-15 10:00:00,2011-11-15 10:00:00,United Kingdom,24,308.48
17511.0,91062.38,31,64549,2010-12-01 10:19:00,2011-12-07 10:12:00,United Kingdom,2,2937.496129032258
17512.0,2924.9900000000002,10,2753,2011-02-11 12:22:00,2011-11-11 12:11:00,United Kingdom,28,292.499
17513.0,513.2,1,254,2011-09-28 16:42:00,2011-09-28 16:42:00,United Kingdom,71,513.2
17514.0,208.65,1,135,2011-08-03 15:45:00,2011-08-03 15:45:00,United Kingdom,127,208.65
17515.0,639.02,4,243,2011-01-25 14:33:00,2011-11-08 14:04:00,United Kingdom,30,159.755
17516.0,764.88,5,414,2011-02-27 12:41:00,2011-11-24 16:51:00,United Kingdom,14,152.976
17517.0,153.94,1,102,2011-02-04 11:48:00,2011-02-04 11:48:00,United Kingdom,308,153.94
17519.0,1844.02,6,1236,2010-12-06 15:18:00,2011-11-22 16:43:00,United Kingdom,16,307.33666666666664
17520.0,546.81,1,365,2011-10-17 12:04:00,2011-10-17 12:04:00,United Kingdom,53,546.81
17521.0,723.2099999999999,3,519,2011-05-24 15:14:00,2011-11-10 11:22:00,United Kingdom,29,241.06999999999996
17522.0,1070.71,5,1034,2011-05-05 16:31:00,2011-12-08 12:31:00,United Kingdom,1,214.142
17523.0,652.74,4,872,2011-11-20 13:40:00,2011-11-28 13:20:00,United Kingdom,10,163.185
17524.0,145.0,1,90,2010-12-13 14:32:00,2010-12-13 14:32:00,United Kingdom,360,145.0
17525.0,422.70000000000005,1,82,2010-12-15 12:05:00,2010-12-15 12:05:00,United Kingdom,359,422.70000000000005
17526.0,1195.8999999999999,4,310,2010-12-09 12:20:00,2011-12-05 11:05:00,United Kingdom,4,298.97499999999997
17527.0,939.37,4,488,2011-05-05 13:43:00,2011-10-17 12:32:00,United Kingdom,53,234.8425
17528.0,3628.5,8,2138,2011-09-29 13:04:00,2011-12-08 13:27:00,United Kingdom,0,453.5625
17530.0,2367.12,10,1514,2010-12-09 20:01:00,2011-12-08 18:42:00,United Kingdom,0,236.712
17531.0,296.7,1,136,2011-06-02 19:17:00,2011-06-02 19:17:00,United Kingdom,189,296.7
17534.0,223.36,1,103,2011-10-17 12:47:00,2011-10-17 12:47:00,United Kingdom,53,223.36
17535.0,164.4,1,136,2011-03-04 15:20:00,2011-03-04 15:20:00,United Kingdom,279,164.4
17536.0,76.5,1,6,2011-06-15 13:23:00,2011-06-15 13:23:00,United Kingdom,176,76.5
17537.0,887.67,2,699,2011-02-09 13:37:00,2011-11-10 10:56:00,United Kingdom,29,443.835
17538.0,98.42,1,134,2011-11-14 12:12:00,2011-11-14 12:12:00,United Kingdom,25,98.42
17540.0,578.9,2,194,2011-01-27 14:35:00,2011-11-15 11:56:00,United Kingdom,24,289.45
17542.0,170.75,1,134,2011-03-15 11:45:00,2011-03-15 11:45:00,United Kingdom,269,170.75
17545.0,642.32,3,337,2011-10-27 13:48:00,2011-10-27 14:04:00,United Kingdom,42,214.10666666666668
17548.0,103.3,1,58,2011-04-20 12:01:00,2011-04-20 12:01:00,United Kingdom,233,103.3
17549.0,148.86,2,210,2011-10-19 10:05:00,2011-11-16 09:59:00,United Kingdom,23,74.43
17550.0,267.16,3,86,2011-04-10 15:19:00,2011-05-26 14:09:00,United Kingdom,196,89.05333333333334
17551.0,290.34,1,142,2010-12-15 14:12:00,2010-12-15 14:12:00,United Kingdom,358,290.34
17552.0,930.41,4,719,2010-12-02 18:45:00,2011-10-10 17:00:00,United Kingdom,59,232.6025
17553.0,1487.6,1,1048,2011-08-02 10:00:00,2011-08-02 10:00:00,United Kingdom,129,1487.6
17554.0,1952.45,5,1763,2011-07-14 20:01:00,2011-12-08 14:15:00,United Kingdom,0,390.49
17555.0,480.31,2,348,2011-01-09 12:31:00,2011-11-20 12:22:00,United Kingdom,19,240.155
17556.0,157.9,1,101,2011-05-18 10:48:00,2011-05-18 10:48:00,United Kingdom,205,157.9
17557.0,541.46,3,306,2011-09-19 14:23:00,2011-11-25 12:57:00,United Kingdom,13,180.48666666666668
17560.0,854.95,4,635,2011-02-02 11:14:00,2011-09-06 09:18:00,United Kingdom,94,213.7375
17561.0,165.12,1,144,2011-11-20 12:53:00,2011-11-20 12:53:00,United Kingdom,18,165.12
17562.0,1122.38,7,817,2011-06-19 13:06:00,2011-11-25 14:21:00,United Kingdom,13,160.34
17564.0,454.01,3,146,2011-09-20 14:00:00,2011-11-15 13:27:00,United Kingdom,23,151.33666666666667
17566.0,869.77,2,497,2011-11-14 13:42:00,2011-12-01 19:54:00,United Kingdom,7,434.885
17567.0,4331.48,8,2632,2010-12-02 15:18:00,2011-12-02 15:48:00,United Kingdom,6,541.435
17569.0,344.14,1,159,2011-01-11 14:15:00,2011-01-11 14:15:00,United Kingdom,331,344.14
17571.0,1425.67,4,876,2011-02-14 15:15:00,2011-10-20 15:57:00,United Kingdom,49,356.4175
17572.0,226.75000000000003,4,95,2010-12-01 12:51:00,2011-09-29 17:53:00,United Kingdom,70,56.68750000000001
17573.0,380.6,3,308,2011-09-07 10:36:00,2011-11-10 13:01:00,United Kingdom,28,126.86666666666667
17574.0,185.65,1,77,2011-04-11 09:47:00,2011-04-11 09:47:00,United Kingdom,242,185.65
17576.0,3564.83,19,1967,2010-12-09 16:57:00,2011-12-01 17:56:00,United Kingdom,7,187.62263157894736
17578.0,143.45999999999998,1,138,2011-05-05 18:38:00,2011-05-05 18:38:00,United Kingdom,217,143.45999999999998
17579.0,448.90000000000003,3,258,2011-06-13 14:12:00,2011-12-05 12:28:00,United Kingdom,4,149.63333333333335
17580.0,215.72,3,88,2010-12-16 15:27:00,2011-04-01 12:41:00,United Kingdom,252,71.90666666666667
17581.0,11025.24,25,5915,2010-12-02 14:47:00,2011-12-09 12:21:00,United Kingdom,0,441.0096
17582.0,175.27,1,123,2011-04-17 13:18:00,2011-04-17 13:18:00,United Kingdom,235,175.27
17584.0,1242.3,2,458,2011-08-04 14:12:00,2011-12-02 17:12:00,United Kingdom,6,621.15
17585.0,1116.68,4,1650,2011-01-05 15:09:00,2011-08-22 13:30:00,United Kingdom,108,279.17
17588.0,1240.2,3,676,2011-04-21 10:31:00,2011-08-31 13:37:00,United Kingdom,99,413.40000000000003
17589.0,2404.17,4,1631,2011-04-13 13:47:00,2011-10-10 16:58:00,United Kingdom,59,601.0425
17590.0,1468.02,3,822,2011-10-30 14:05:00,2011-12-07 12:55:00,United Kingdom,1,489.34
17591.0,2203.67,7,1000,2010-12-07 15:39:00,2011-09-27 13:42:00,United Kingdom,72,314.81
17593.0,3923.86,5,3089,2010-12-22 10:29:00,2011-12-06 10:30:00,United Kingdom,3,784.772
17594.0,993.18,2,550,2011-03-30 10:32:00,2011-09-15 16:34:00,United Kingdom,84,496.59
17595.0,386.69,2,228,2011-11-02 16:19:00,2011-11-27 16:08:00,United Kingdom,11,193.345
17596.0,2806.69,7,4376,2010-12-06 12:34:00,2011-11-16 14:11:00,United Kingdom,22,400.9557142857143
17597.0,2044.3700000000001,1,1176,2011-05-10 11:54:00,2011-05-10 11:54:00,United Kingdom,213,2044.3700000000001
17600.0,161.67000000000002,1,144,2011-11-22 09:43:00,2011-11-22 09:43:00,United Kingdom,17,161.67000000000002
17601.0,116.00999999999999,1,103,2011-04-14 18:02:00,2011-04-14 18:02:00,United Kingdom,238,116.00999999999999
17602.0,5054.42,6,4116,2011-01-19 16:18:00,2011-12-07 13:53:00,United Kingdom,1,842.4033333333333
17603.0,394.72,1,74,2011-09-22 14:18:00,2011-09-22 14:18:00,United Kingdom,77,394.72
17604.0,309.36,2,169,2011-01-31 15:09:00,2011-05-06 13:43:00,United Kingdom,216,154.68
17608.0,191.99,2,229,2011-11-06 13:00:00,2011-11-06 13:06:00,United Kingdom,32,95.995
17609.0,1105.78,5,719,2011-01-16 16:23:00,2011-10-30 12:28:00,United Kingdom,40,221.156
17611.0,3961.12,15,2550,2010-12-13 13:52:00,2011-12-02 13:29:00,United Kingdom,6,264.07466666666664
17612.0,2048.45,6,1808,2011-02-15 10:40:00,2011-10-17 14:59:00,United Kingdom,52,341.4083333333333
17613.0,4544.55,14,2490,2011-02-07 11:20:00,2011-11-17 10:51:00,United Kingdom,22,324.6107142857143
17614.0,386.32,1,235,2011-10-13 16:01:00,2011-10-13 16:01:00,United Kingdom,56,386.32
17615.0,329.6,3,140,2011-05-01 15:33:00,2011-08-01 14:06:00,United Kingdom,129,109.86666666666667
17616.0,571.1999999999999,3,224,2010-12-07 10:04:00,2011-06-19 10:11:00,United Kingdom,173,190.39999999999998
17618.0,930.28,3,319,2010-12-12 16:05:00,2011-12-04 11:50:00,United Kingdom,5,310.0933333333333
17619.0,214.37,1,124,2011-01-31 14:18:00,2011-01-31 14:18:00,United Kingdom,311,214.37
17620.0,81.44,1,60,2011-10-11 12:08:00,2011-10-11 12:08:00,United Kingdom,59,81.44
17621.0,1379.9,3,514,2010-12-20 13:31:00,2011-11-18 17:11:00,United Kingdom,20,459.9666666666667
17623.0,527.0500000000001,1,265,2011-11-07 11:32:00,2011-11-07 11:32:00,United Kingdom,32,527.0500000000001
17624.0,843.48,2,554,2011-05-05 17:59:00,2011-11-25 10:52:00,United Kingdom,14,421.74
17625.0,2020.4,4,1180,2011-03-27 12:21:00,2011-11-21 13:36:00,United Kingdom,17,505.1
17628.0,75.75,1,79,2011-09-19 15:21:00,2011-09-19 15:21:00,United Kingdom,80,75.75
17629.0,1814.12,8,1629,2010-12-15 09:58:00,2011-12-04 10:56:00,United Kingdom,5,226.765
17630.0,503.59999999999997,2,158,2011-04-21 14:03:00,2011-06-23 11:58:00,United Kingdom,169,251.79999999999998
17631.0,528.33,3,334,2011-04-21 13:22:00,2011-12-08 09:47:00,United Kingdom,1,176.11
17633.0,1324.84,4,644,2011-08-11 15:43:00,2011-11-08 13:25:00,United Kingdom,30,331.21
17634.0,2358.59,9,838,2011-01-06 12:45:00,2011-11-03 13:09:00,United Kingdom,35,262.0655555555556
17636.0,285.56,1,182,2011-11-20 14:40:00,2011-11-20 14:40:00,United Kingdom,18,285.56
17637.0,547.0600000000001,2,280,2011-08-16 13:25:00,2011-11-08 12:51:00,United Kingdom,30,273.53000000000003
17639.0,108.5,1,49,2011-03-08 15:22:00,2011-03-08 15:22:00,United Kingdom,275,108.5
17640.0,621.66,1,250,2011-09-14 09:13:00,2011-09-14 09:13:00,United Kingdom,86,621.66
17642.0,712.29,2,474,2011-06-16 12:55:00,2011-08-12 09:11:00,United Kingdom,119,356.145
17643.0,101.55,1,71,2010-12-01 14:38:00,2010-12-01 14:38:00,United Kingdom,372,101.55
17644.0,2895.64,11,1793,2011-03-24 09:44:00,2011-12-08 13:43:00,United Kingdom,0,263.24
17646.0,1008.39,3,323,2010-12-09 14:28:00,2011-05-04 13:17:00,United Kingdom,218,336.13
17647.0,133.06,1,30,2011-10-05 15:38:00,2011-10-05 15:38:00,United Kingdom,64,133.06
17648.0,1797.5,4,487,2011-04-04 10:29:00,2011-10-10 09:41:00,United Kingdom,60,449.375
17649.0,868.49,1,399,2011-07-24 15:53:00,2011-07-24 15:53:00,United Kingdom,137,868.49
17650.0,166.08,1,150,2011-11-18 14:52:00,2011-11-18 14:52:00,United Kingdom,20,166.08
17651.0,3945.0,10,3112,2011-06-15 15:57:00,2011-11-28 10:29:00,United Kingdom,11,394.5
17652.0,4867.72,12,2509,2011-03-03 14:05:00,2011-11-14 12:55:00,United Kingdom,24,405.6433333333334
17653.0,1207.56,4,1409,2011-08-11 15:24:00,2011-11-03 12:46:00,United Kingdom,36,301.89
17654.0,117.55,1,41,2011-03-07 13:17:00,2011-03-07 13:17:00,United Kingdom,276,117.55
17655.0,2638.94,7,1116,2010-12-08 16:45:00,2011-11-29 11:34:00,United Kingdom,10,376.99142857142857
17656.0,1674.69,5,1399,2011-08-03 10:45:00,2011-09-27 13:04:00,United Kingdom,72,334.938
17658.0,595.42,2,616,2011-05-12 15:23:00,2011-11-14 12:07:00,United Kingdom,25,297.71
17659.0,2999.46,12,1525,2010-12-02 16:46:00,2011-11-22 13:29:00,United Kingdom,16,249.955
17660.0,178.75,1,121,2011-07-21 13:37:00,2011-07-21 13:37:00,United Kingdom,140,178.75
17663.0,1802.91,7,797,2011-02-25 14:11:00,2011-11-14 08:56:00,United Kingdom,25,257.55857142857144
17664.0,604.64,2,604,2011-05-11 14:17:00,2011-11-21 11:29:00,United Kingdom,18,302.32
17666.0,728.16,2,596,2011-10-05 11:06:00,2011-12-06 09:06:00,United Kingdom,3,364.08
17667.0,2055.51,5,1033,2011-02-14 09:24:00,2011-10-04 14:32:00,United Kingdom,65,411.10200000000003
17668.0,347.75,2,93,2011-11-01 14:45:00,2011-12-08 13:25:00,United Kingdom,0,173.875
17669.0,3406.7200000000003,7,1916,2011-04-04 10:11:00,2011-10-28 08:53:00,United Kingdom,42,486.67428571428576
17670.0,205.7,1,110,2011-04-26 09:12:00,2011-04-26 09:12:00,United Kingdom,227,205.7
17671.0,1572.71,4,772,2010-12-09 14:27:00,2011-11-24 12:21:00,United Kingdom,15,393.1775
17672.0,3178.17,2,1690,2011-02-03 13:29:00,2011-10-20 14:18:00,United Kingdom,49,1589.085
17673.0,1594.97,6,1462,2011-01-23 15:16:00,2011-12-08 12:50:00,United Kingdom,1,265.8283333333333
17674.0,551.04,2,672,2010-12-06 10:20:00,2011-09-26 13:35:00,United Kingdom,73,275.52
17675.0,20374.28,31,8360,2010-12-07 13:22:00,2011-12-08 18:03:00,United Kingdom,0,657.2348387096774
17676.0,1371.18,6,922,2010-12-08 13:49:00,2011-12-05 15:16:00,United Kingdom,3,228.53
17677.0,16345.38,30,9772,2010-12-06 08:42:00,2011-12-08 09:56:00,United Kingdom,1,544.846
17678.0,298.11,1,207,2011-03-21 11:52:00,2011-03-21 11:52:00,United Kingdom,263,298.11
17679.0,1992.1100000000001,2,729,2011-09-15 10:35:00,2011-10-18 07:43:00,United Kingdom,52,996.0550000000001
17680.0,184.4,1,96,2011-11-16 12:42:00,2011-11-16 12:42:00,United Kingdom,23,184.4
17682.0,2474.33,6,1367,2010-12-06 13:35:00,2011-11-29 15:59:00,United Kingdom,9,412.3883333333333
17684.0,239.41,1,145,2011-10-27 11:10:00,2011-10-27 11:10:00,United Kingdom,43,239.41
17685.0,3155.83,7,1907,2010-12-02 14:42:00,2011-11-23 11:36:00,United Kingdom,16,450.8328571428571
17686.0,5739.46,7,2478,2011-02-10 10:18:00,2011-12-02 15:39:00,United Kingdom,6,819.9228571428572
17690.0,4726.8,15,1769,2010-12-01 16:15:00,2011-11-09 15:17:00,United Kingdom,29,315.12
17691.0,290.40000000000003,2,134,2010-12-06 11:10:00,2010-12-16 17:20:00,United Kingdom,357,145.20000000000002
17692.0,740.9399999999999,4,672,2010-12-15 13:37:00,2011-08-04 14:01:00,United Kingdom,126,185.23499999999999
17693.0,200.47,1,231,2011-07-25 15:48:00,2011-07-25 15:48:00,United Kingdom,136,200.47
17694.0,283.12,1,184,2011-07-21 12:00:00,2011-07-21 12:00:00,United Kingdom,141,283.12
17695.0,765.34,2,779,2011-06-21 12:35:00,2011-07-31 10:40:00,United Kingdom,131,382.67
17696.0,2285.71,8,1756,2010-12-10 09:51:00,2011-11-01 13:43:00,United Kingdom,37,285.71375
17697.0,338.95,1,93,2011-04-17 15:40:00,2011-04-17 15:40:00,United Kingdom,235,338.95
17698.0,154.95,1,93,2011-03-24 11:34:00,2011-03-24 11:34:00,United Kingdom,260,154.95
17700.0,2534.64,4,1266,2011-03-03 16:34:00,2011-11-23 11:51:00,United Kingdom,16,633.66
17701.0,417.95,1,109,2011-04-01 12:25:00,2011-04-01 12:25:00,United Kingdom,252,417.95
17702.0,1824.37,4,1353,2011-05-17 16:23:00,2011-11-09 16:03:00,United Kingdom,29,456.0925
17703.0,798.74,3,590,2011-07-24 13:30:00,2011-11-04 15:51:00,United Kingdom,34,266.24666666666667
17704.0,885.19,2,343,2011-04-14 09:28:00,2011-06-24 09:40:00,United Kingdom,168,442.595
17705.0,1823.52,9,963,2011-02-11 10:57:00,2011-12-06 13:45:00,United Kingdom,2,202.61333333333334
17706.0,10504.49,17,3899,2010-12-08 11:02:00,2011-12-05 13:34:00,United Kingdom,3,617.9111764705882
17707.0,152.4,2,144,2011-01-07 13:30:00,2011-06-07 15:03:00,United Kingdom,184,76.2
17708.0,263.33,2,90,2011-01-19 10:09:00,2011-06-05 10:12:00,United Kingdom,187,131.665
17709.0,137.45,1,17,2011-06-23 11:55:00,2011-06-23 11:55:00,United Kingdom,169,137.45
17711.0,385.1,2,246,2011-02-23 11:32:00,2011-11-29 11:40:00,United Kingdom,10,192.55
17712.0,522.91,1,215,2011-10-26 12:28:00,2011-10-26 12:28:00,United Kingdom,44,522.91
17714.0,153.0,1,92,2011-01-23 10:32:00,2011-01-23 10:32:00,United Kingdom,320,153.0
17715.0,326.4,1,384,2011-05-23 12:32:00,2011-05-23 12:32:00,United Kingdom,200,326.4
17716.0,5655.99,11,3072,2011-03-17 10:38:00,2011-11-17 12:00:00,United Kingdom,22,514.180909090909
17718.0,139.35,1,83,2011-04-21 13:39:00,2011-04-21 13:39:00,United Kingdom,231,139.35
17719.0,5396.04,15,2466,2011-03-29 11:29:00,2011-11-02 10:36:00,United Kingdom,37,359.736
17720.0,1195.94,4,576,2010-12-07 10:43:00,2011-11-13 15:04:00,United Kingdom,25,298.985
17722.0,2424.04,4,1595,2010-12-08 12:41:00,2011-09-04 15:22:00,United Kingdom,95,606.01
17723.0,3276.4000000000005,6,792,2011-05-09 14:44:00,2011-08-04 18:37:00,United Kingdom,126,546.0666666666667
17724.0,1033.0,3,300,2011-07-24 13:26:00,2011-09-29 15:26:00,United Kingdom,70,344.3333333333333
17725.0,3439.08,11,2162,2011-03-17 19:47:00,2011-11-23 16:34:00,United Kingdom,15,312.64363636363635
17727.0,1060.25,1,645,2011-11-24 17:06:00,2011-11-24 17:06:00,United Kingdom,14,1060.25
17728.0,2876.01,3,1469,2011-09-14 11:39:00,2011-12-06 08:52:00,United Kingdom,3,958.6700000000001
17730.0,5298.4800000000005,13,3576,2011-01-17 14:49:00,2011-12-06 15:43:00,United Kingdom,2,407.5753846153847
17731.0,1240.11,4,493,2011-06-09 14:18:00,2011-09-21 15:02:00,United Kingdom,78,310.0275
17732.0,303.97,1,93,2010-12-02 09:29:00,2010-12-02 09:29:00,United Kingdom,372,303.97
17733.0,692.19,2,463,2011-03-23 09:54:00,2011-11-01 08:16:00,United Kingdom,38,346.095
17734.0,700.63,3,422,2011-04-20 10:04:00,2011-10-17 12:33:00,United Kingdom,53,233.54333333333332
17735.0,13110.02,19,8439,2010-12-07 10:32:00,2011-12-07 16:47:00,United Kingdom,1,690.001052631579
17736.0,377.44,3,238,2011-08-18 14:33:00,2011-11-30 15:36:00,United Kingdom,8,125.81333333333333
17737.0,168.24,2,108,2011-10-12 14:42:00,2011-11-30 15:16:00,United Kingdom,8,84.12
17738.0,1879.05,4,1029,2011-03-02 16:26:00,2011-11-20 15:05:00,United Kingdom,18,469.7625
17739.0,2791.35,7,861,2010-12-14 14:26:00,2011-11-28 09:12:00,United Kingdom,11,398.7642857142857
17742.0,355.11,2,89,2011-01-11 10:04:00,2011-08-18 15:28:00,United Kingdom,112,177.555
17744.0,2322.4,6,3412,2010-12-16 14:17:00,2011-12-06 12:11:00,United Kingdom,3,387.06666666666666
17746.0,110.25,1,29,2011-04-13 14:31:00,2011-04-13 14:31:00,United Kingdom,239,110.25
17747.0,71.4,1,12,2011-08-19 08:13:00,2011-08-19 08:13:00,United Kingdom,112,71.4
17749.0,674.52,2,320,2011-03-28 13:39:00,2011-06-14 15:45:00,United Kingdom,177,337.26
17750.0,1710.45,9,3747,2011-06-28 15:44:00,2011-12-04 14:09:00,United Kingdom,4,190.05
17752.0,80.64,1,192,2010-12-15 16:19:00,2010-12-15 16:19:00,United Kingdom,358,80.64
17754.0,1664.65,5,1816,2011-03-24 13:54:00,2011-12-09 11:20:00,United Kingdom,0,332.93
17757.0,5593.39,30,3318,2010-12-02 17:17:00,2011-12-08 15:31:00,United Kingdom,0,186.44633333333334
17758.0,3408.2000000000003,8,2054,2011-04-03 15:22:00,2011-11-20 14:45:00,United Kingdom,18,426.02500000000003
17759.0,819.96,3,697,2011-06-23 13:35:00,2011-11-22 16:02:00,United Kingdom,16,273.32
17760.0,287.59,2,239,2010-12-01 15:08:00,2011-11-18 10:56:00,United Kingdom,21,143.795
17761.0,712.78,1,398,2011-11-07 10:23:00,2011-11-07 10:23:00,United Kingdom,32,712.78
17763.0,15.0,1,12,2011-03-21 14:25:00,2011-03-21 14:25:00,United Kingdom,262,15.0
17764.0,772.55,2,351,2011-05-12 16:11:00,2011-10-20 11:03:00,United Kingdom,50,386.275
17765.0,367.63,3,143,2011-03-28 11:58:00,2011-07-04 12:41:00,United Kingdom,158,122.54333333333334
17767.0,271.2,1,128,2011-11-24 14:42:00,2011-11-24 14:42:00,United Kingdom,14,271.2
17768.0,2081.9,3,1122,2011-06-26 13:46:00,2011-12-01 13:22:00,United Kingdom,7,693.9666666666667
17769.0,3957.43,10,1850,2011-01-23 11:15:00,2011-11-27 11:18:00,United Kingdom,12,395.743
17770.0,1143.27,5,365,2011-03-02 13:35:00,2011-05-25 12:34:00,United Kingdom,198,228.654
17771.0,245.81,2,287,2011-01-20 14:13:00,2011-10-14 11:43:00,United Kingdom,56,122.905
17772.0,173.45,2,55,2011-11-29 10:57:00,2011-11-29 11:05:00,United Kingdom,10,86.725
17774.0,1213.73,4,508,2011-02-07 13:13:00,2011-09-04 12:49:00,United Kingdom,96,303.4325
17775.0,56.4,1,72,2011-03-30 10:50:00,2011-03-30 10:50:00,United Kingdom,254,56.4
17777.0,647.56,3,501,2011-08-31 14:35:00,2011-11-15 12:02:00,United Kingdom,24,215.85333333333332
17779.0,650.32,3,396,2011-07-19 12:19:00,2011-11-18 14:15:00,United Kingdom,20,216.77333333333334
17781.0,188.02,2,34,2011-03-31 19:54:00,2011-07-03 16:00:00,United Kingdom,158,94.01
17783.0,283.47,2,354,2011-04-06 10:07:00,2011-09-28 16:07:00,United Kingdom,71,141.735
17785.0,131.94,1,67,2011-10-17 13:43:00,2011-10-17 13:43:00,United Kingdom,52,131.94
17786.0,266.85,2,195,2011-01-26 14:35:00,2011-09-15 12:51:00,United Kingdom,84,133.425
17787.0,1817.54,4,896,2010-12-03 13:43:00,2011-07-10 11:24:00,United Kingdom,152,454.385
17788.0,1117.9,2,211,2011-08-02 10:38:00,2011-09-27 10:09:00,United Kingdom,73,558.95
17789.0,225.9,1,74,2011-03-03 13:14:00,2011-03-03 13:14:00,United Kingdom,280,225.9
17790.0,1964.3,14,835,2010-12-10 10:47:00,2011-11-13 11:30:00,United Kingdom,26,140.30714285714285
17791.0,106.1,1,46,2011-11-10 12:09:00,2011-11-10 12:09:00,United Kingdom,29,106.1
17793.0,300.34,1,226,2011-11-14 14:24:00,2011-11-14 14:24:00,United Kingdom,24,300.34
17795.0,342.83,2,305,2011-03-20 12:02:00,2011-06-13 12:36:00,United Kingdom,179,171.415
17796.0,690.0,4,176,2010-12-05 12:23:00,2011-10-30 15:38:00,United Kingdom,39,172.5
17797.0,780.43,3,498,2011-06-10 11:29:00,2011-11-17 13:21:00,United Kingdom,21,260.1433333333333
17799.0,3039.17,10,1753,2010-12-13 13:10:00,2011-11-17 15:16:00,United Kingdom,21,303.91700000000003
17800.0,1187.21,9,732,2011-01-09 13:50:00,2011-11-02 12:57:00,United Kingdom,36,131.91222222222223
17802.0,1285.04,3,752,2010-12-02 13:44:00,2011-09-18 14:56:00,United Kingdom,81,428.34666666666664
17805.0,512.31,1,478,2011-09-27 11:49:00,2011-09-27 11:49:00,United Kingdom,73,512.31
17806.0,546.04,1,727,2011-11-28 14:12:00,2011-11-28 14:12:00,United Kingdom,10,546.04
17809.0,5411.91,12,2057,2010-12-01 09:41:00,2011-11-23 12:59:00,United Kingdom,15,450.9925
17811.0,7761.82,39,4146,2011-01-10 10:58:00,2011-12-05 13:46:00,United Kingdom,3,199.02102564102563
17812.0,699.81,4,329,2010-12-06 15:27:00,2011-11-27 11:47:00,United Kingdom,12,174.9525
17813.0,1698.07,5,752,2011-09-29 15:57:00,2011-11-25 16:13:00,United Kingdom,13,339.614
17816.0,36.56,4,30,2010-12-09 14:10:00,2011-11-03 11:34:00,United Kingdom,36,9.14
17817.0,387.68,3,67,2011-03-07 17:30:00,2011-12-05 14:39:00,United Kingdom,3,129.22666666666666
17819.0,3704.87,7,1031,2010-12-03 14:26:00,2011-09-29 10:52:00,United Kingdom,71,529.2671428571429
17824.0,298.4,1,408,2011-10-19 14:14:00,2011-10-19 14:14:00,United Kingdom,50,298.4
17827.0,1987.33,5,1240,2010-12-10 10:18:00,2011-12-04 15:00:00,United Kingdom,4,397.466
17828.0,1820.09,4,667,2011-06-08 08:31:00,2011-11-17 08:41:00,Malta,22,455.0225
17829.0,889.24,1,496,2011-02-14 12:46:00,2011-02-14 12:46:00,United Arab Emirates,298,889.24
17830.0,398.7,3,92,2011-02-24 10:15:00,2011-12-08 12:28:00,United Kingdom,1,132.9
17831.0,35.400000000000006,1,12,2011-11-06 15:09:00,2011-11-06 15:09:00,United Kingdom,32,35.400000000000006
17832.0,155.37,1,208,2011-10-21 11:43:00,2011-10-21 11:43:00,United Kingdom,49,155.37
17835.0,342.24,3,344,2011-11-16 16:30:00,2011-12-07 11:48:00,United Kingdom,2,114.08
17836.0,110.21000000000001,1,88,2011-10-23 16:13:00,2011-10-23 16:13:00,United Kingdom,46,110.21000000000001
17837.0,1541.23,8,510,2011-06-29 16:44:00,2011-10-28 16:13:00,United Kingdom,41,192.65375
17838.0,2720.8,5,1831,2010-12-02 15:55:00,2011-11-13 11:20:00,United Kingdom,26,544.1600000000001
17839.0,318.15,1,257,2011-10-28 17:27:00,2011-10-28 17:27:00,United Kingdom,41,318.15
17841.0,40519.84,124,22834,2010-12-01 14:41:00,2011-12-08 12:07:00,United Kingdom,1,326.77290322580643
17843.0,205.48,1,113,2011-02-09 15:33:00,2011-02-09 15:33:00,United Kingdom,302,205.48
17844.0,51.559999999999995,1,52,2011-08-25 11:27:00,2011-08-25 11:27:00,Canada,106,51.559999999999995
17846.0,2033.1,1,1,2011-09-15 15:20:00,2011-09-15 15:20:00,United Kingdom,84,2033.1
17848.0,901.1999999999999,9,398,2010-12-16 18:38:00,2011-09-19 16:49:00,United Kingdom,80,100.13333333333333
17849.0,605.8000000000001,4,114,2011-01-10 11:59:00,2011-05-05 13:46:00,United Kingdom,217,151.45000000000002
17850.0,5391.21,34,1733,2010-12-01 08:26:00,2010-12-02 15:27:00,United Kingdom,371,158.565
17852.0,114.34,2,53,2011-11-28 12:31:00,2011-11-28 12:36:00,United Kingdom,11,57.17
17854.0,311.26,2,84,2011-04-26 16:53:00,2011-06-07 16:21:00,United Kingdom,184,155.63
17855.0,208.97,1,197,2010-12-02 09:44:00,2010-12-02 09:44:00,United Kingdom,372,208.97
17856.0,1418.03,4,842,2011-03-03 11:40:00,2011-12-08 09:40:00,United Kingdom,1,354.5075
17857.0,26879.04,23,19256,2010-12-09 11:35:00,2011-12-05 13:13:00,United Kingdom,3,1168.6539130434783
17858.0,5140.66,12,2694,2010-12-05 13:08:00,2011-12-04 11:56:00,United Kingdom,5,428.3883333333333
17859.0,141.92000000000002,1,102,2011-02-08 10:32:00,2011-02-08 10:32:00,United Kingdom,304,141.92000000000002
17860.0,226.45000000000002,1,93,2010-12-06 12:41:00,2010-12-06 12:41:00,United Kingdom,368,226.45000000000002
17861.0,2097.88,8,1985,2011-01-24 11:34:00,2011-12-06 16:21:00,United Kingdom,2,262.235
17862.0,330.9,1,100,2011-01-20 12:23:00,2011-01-20 12:23:00,United Kingdom,323,330.9
17863.0,3160.0,6,2638,2010-12-05 13:21:00,2011-10-11 13:45:00,United Kingdom,58,526.6666666666666
17864.0,554.85,3,706,2011-03-09 11:44:00,2011-11-27 11:15:00,United Kingdom,12,184.95000000000002
17865.0,10526.32,20,5757,2010-12-10 14:53:00,2011-11-09 12:08:00,United Kingdom,30,526.316
17866.0,329.65,1,174,2011-07-20 11:07:00,2011-07-20 11:07:00,United Kingdom,142,329.65
17867.0,1157.8700000000001,6,508,2011-02-24 12:25:00,2011-11-09 14:15:00,United Kingdom,29,192.97833333333335
17869.0,428.18,5,111,2010-12-06 17:16:00,2011-08-24 16:16:00,United Kingdom,106,85.636
17870.0,1865.89,12,1351,2010-12-08 08:12:00,2011-12-07 15:07:00,United Kingdom,1,155.49083333333334
17871.0,155.9,1,182,2011-05-19 11:32:00,2011-05-19 11:32:00,United Kingdom,204,155.9
17873.0,1848.96,5,1035,2010-12-01 14:54:00,2011-09-20 16:41:00,United Kingdom,79,369.79200000000003
17874.0,683.46,6,221,2011-03-29 11:25:00,2011-06-07 12:54:00,United Kingdom,184,113.91000000000001
17877.0,237.61,1,98,2011-06-22 13:00:00,2011-06-22 13:00:00,United Kingdom,169,237.61
17878.0,379.45,1,401,2011-10-27 11:24:00,2011-10-27 11:24:00,United Kingdom,43,379.45
17879.0,178.51999999999998,1,45,2011-06-19 12:36:00,2011-06-19 12:36:00,United Kingdom,173,178.51999999999998
17880.0,458.92,1,314,2010-12-10 10:21:00,2010-12-10 10:21:00,United Kingdom,364,458.92
17881.0,133.35000000000002,1,32,2011-02-08 17:16:00,2011-02-08 17:16:00,United Kingdom,303,133.35000000000002
17883.0,664.34,4,374,2011-04-07 19:16:00,2011-12-06 17:49:00,United Kingdom,2,166.085
17884.0,695.0699999999999,4,817,2010-12-03 12:11:00,2011-12-06 11:33:00,United Kingdom,3,173.76749999999998
17885.0,156.34,1,110,2011-11-27 14:40:00,2011-11-27 14:40:00,United Kingdom,11,156.34
17886.0,869.28,3,469,2011-04-04 12:34:00,2011-11-08 10:09:00,United Kingdom,31,289.76
17887.0,111.35,1,30,2011-08-02 17:29:00,2011-08-02 17:29:00,United Kingdom,128,111.35
17888.0,716.0,8,973,2010-12-17 13:56:00,2011-11-18 13:45:00,United Kingdom,20,89.5
17889.0,201.37,2,77,2011-01-21 17:14:00,2011-05-11 16:26:00,United Kingdom,211,100.685
17890.0,586.89,2,402,2010-12-13 15:12:00,2011-01-21 11:19:00,United Kingdom,322,293.445
17891.0,203.85999999999999,1,393,2011-06-30 20:08:00,2011-06-30 20:08:00,United Kingdom,161,203.85999999999999
17892.0,244.1,3,109,2011-07-07 12:56:00,2011-10-14 16:49:00,United Kingdom,55,81.36666666666666
17893.0,107.21,1,149,2011-04-28 13:50:00,2011-04-28 13:50:00,United Kingdom,224,107.21
17894.0,1118.96,8,404,2010-12-08 14:50:00,2011-09-29 09:23:00,United Kingdom,71,139.87
17895.0,95.45,1,127,2011-10-26 17:00:00,2011-10-26 17:00:00,United Kingdom,43,95.45
17896.0,256.32,1,288,2011-11-16 13:59:00,2011-11-16 13:59:00,United Kingdom,22,256.32
17897.0,541.8100000000001,3,222,2010-12-01 12:31:00,2011-06-20 11:23:00,United Kingdom,172,180.60333333333335
17898.0,152.06,2,190,2011-05-16 17:13:00,2011-09-15 14:56:00,United Kingdom,84,76.03
17899.0,154.55,1,170,2011-07-03 14:58:00,2011-07-03 14:58:00,United Kingdom,158,154.55
17900.0,112.19999999999999,2,73,2011-06-02 14:28:00,2011-06-02 14:38:00,United Kingdom,189,56.099999999999994
17901.0,110.38,1,24,2011-11-10 17:29:00,2011-11-10 17:29:00,United Kingdom,28,110.38
17904.0,181.07,1,59,2011-11-18 12:57:00,2011-11-18 12:57:00,United Kingdom,20,181.07
17905.0,798.99,4,406,2010-12-01 13:21:00,2011-09-29 17:33:00,United Kingdom,70,199.7475
17906.0,72.9,1,26,2011-04-06 17:25:00,2011-04-06 17:25:00,United Kingdom,246,72.9
17908.0,232.03,1,169,2010-12-01 11:45:00,2010-12-01 11:45:00,United Kingdom,373,232.03
17911.0,366.23,1,223,2011-11-30 14:52:00,2011-11-30 14:52:00,United Kingdom,8,366.23
17912.0,310.06,5,184,2010-12-10 11:11:00,2011-02-02 14:25:00,United Kingdom,309,62.012
17913.0,408.65,2,288,2010-12-19 11:35:00,2011-10-12 10:45:00,United Kingdom,58,204.325
17914.0,329.36,1,457,2011-12-06 11:58:00,2011-12-06 11:58:00,United Kingdom,3,329.36
17917.0,335.03,3,184,2010-12-12 12:08:00,2011-10-25 13:20:00,United Kingdom,44,111.67666666666666
17919.0,1304.04,1,756,2011-09-12 13:41:00,2011-09-12 13:41:00,United Kingdom,87,1304.04
17920.0,4119.5,17,2473,2010-12-01 11:49:00,2011-12-05 14:29:00,United Kingdom,3,242.3235294117647
17921.0,820.23,4,425,2011-03-18 13:19:00,2011-10-06 18:56:00,United Kingdom,63,205.0575
17923.0,207.50000000000003,1,50,2011-03-02 15:15:00,2011-03-02 15:15:00,United Kingdom,281,207.50000000000003
17924.0,2962.5,7,1160,2010-12-01 10:51:00,2011-11-28 09:11:00,United Kingdom,11,423.2142857142857
17925.0,244.08,1,72,2010-12-02 10:10:00,2010-12-02 10:10:00,United Kingdom,372,244.08
17926.0,397.29,2,306,2011-05-20 09:24:00,2011-07-29 14:39:00,United Kingdom,132,198.645
17928.0,212.54,2,140,2011-04-07 18:03:00,2011-10-25 13:52:00,United Kingdom,44,106.27
17929.0,843.0,4,108,2011-02-04 11:40:00,2011-11-28 16:01:00,United Kingdom,10,210.75
17930.0,1740.48,5,1594,2011-04-14 15:46:00,2011-11-04 10:23:00,United Kingdom,35,348.096
17931.0,408.36,2,249,2011-03-29 12:31:00,2011-07-28 18:33:00,United Kingdom,133,204.18
17932.0,1331.57,3,789,2011-05-12 13:58:00,2011-11-10 19:49:00,United Kingdom,28,443.8566666666666
17934.0,704.25,2,478,2011-10-12 10:50:00,2011-10-19 11:16:00,United Kingdom,51,352.125
17935.0,145.79,2,82,2011-07-21 11:23:00,2011-07-24 13:18:00,United Kingdom,137,72.895
17936.0,380.13,1,257,2011-12-04 13:32:00,2011-12-04 13:32:00,United Kingdom,4,380.13
17937.0,4301.22,7,1754,2010-12-12 14:43:00,2011-12-01 11:45:00,United Kingdom,8,614.46
17939.0,99.14,1,40,2011-07-03 12:27:00,2011-07-03 12:27:00,United Kingdom,159,99.14
17940.0,4020.04,10,9323,2011-02-10 09:29:00,2011-10-21 13:27:00,United Kingdom,48,402.004
17941.0,304.56,1,252,2011-08-01 08:30:00,2011-08-01 08:30:00,United Kingdom,130,304.56
17942.0,77.50000000000001,1,38,2011-12-02 10:45:00,2011-12-02 10:45:00,United Kingdom,7,77.50000000000001
17946.0,149.57999999999998,2,75,2011-03-25 14:34:00,2011-04-20 17:00:00,United Kingdom,232,74.78999999999999
17947.0,176.68,1,168,2011-11-02 13:05:00,2011-11-02 13:05:00,United Kingdom,36,176.68
17948.0,358.56000000000006,1,144,2011-07-15 12:58:00,2011-07-15 12:58:00,United Kingdom,146,358.56000000000006
17949.0,58510.48,45,30546,2010-12-03 13:12:00,2011-12-08 18:46:00,United Kingdom,0,1300.232888888889
17950.0,482.2,3,366,2010-12-09 15:16:00,2011-09-28 15:18:00,United Kingdom,71,160.73333333333332
17951.0,1008.5400000000001,3,616,2010-12-01 12:40:00,2011-10-31 12:30:00,United Kingdom,39,336.18
17954.0,2314.13,12,2221,2010-12-03 14:18:00,2011-12-04 14:15:00,United Kingdom,4,192.84416666666667
17955.0,557.3,4,273,2011-05-04 12:29:00,2011-05-25 12:00:00,United Kingdom,198,139.325
17956.0,12.75,1,1,2011-04-04 13:47:00,2011-04-04 13:47:00,United Kingdom,248,12.75
17957.0,111.68,1,287,2011-10-04 14:58:00,2011-10-04 14:58:00,United Kingdom,65,111.68
17958.0,508.4599999999999,1,84,2011-08-15 12:19:00,2011-08-15 12:19:00,United Kingdom,116,508.4599999999999
17960.0,73.78,1,41,2011-06-21 14:15:00,2011-06-21 14:15:00,United Kingdom,170,73.78
17961.0,1296.44,39,560,2010-12-02 19:18:00,2011-11-18 16:55:00,United Kingdom,20,33.242051282051285
17962.0,102.41,1,127,2011-07-20 14:16:00,2011-07-20 14:16:00,United Kingdom,141,102.41
17964.0,463.21,2,294,2010-12-02 13:32:00,2011-11-08 10:44:00,United Kingdom,31,231.605
17965.0,2599.19,14,1532,2010-12-05 15:54:00,2011-11-02 09:31:00,United Kingdom,37,185.65642857142856
17966.0,1098.43,5,2571,2011-03-23 17:25:00,2011-11-02 10:26:00,United Kingdom,37,219.686
17967.0,112.27,1,73,2010-12-03 11:19:00,2010-12-03 11:19:00,United Kingdom,371,112.27
17968.0,265.1,1,151,2010-12-01 12:23:00,2010-12-01 12:23:00,United Kingdom,373,265.1
17969.0,228.2,2,152,2010-12-13 15:34:00,2011-06-26 13:00:00,United Kingdom,165,114.1
17970.0,562.79,1,513,2011-05-12 20:03:00,2011-05-12 20:03:00,United Kingdom,210,562.79
17972.0,135.19,1,36,2011-04-12 12:16:00,2011-04-12 12:16:00,United Kingdom,241,135.19
17973.0,337.04,1,176,2011-10-19 10:34:00,2011-10-19 10:34:00,United Kingdom,51,337.04
17974.0,703.99,3,500,2011-05-04 11:50:00,2011-11-15 11:37:00,United Kingdom,24,234.66333333333333
17975.0,4483.26,13,1565,2010-12-08 11:38:00,2011-11-24 13:27:00,United Kingdom,14,344.86615384615385
17976.0,321.79,1,93,2010-12-02 13:49:00,2010-12-02 13:49:00,United Kingdom,371,321.79
17977.0,288.14,1,342,2011-11-10 13:28:00,2011-11-10 13:28:00,United Kingdom,28,288.14
17978.0,300.91999999999996,1,499,2010-12-09 14:05:00,2010-12-09 14:05:00,United Kingdom,364,300.91999999999996
17979.0,732.41,4,383,2011-03-25 11:34:00,2011-11-04 12:05:00,United Kingdom,35,183.1025
17980.0,811.45,3,682,2010-12-15 15:50:00,2011-06-27 12:01:00,United Kingdom,165,270.48333333333335
17984.0,152.68,1,98,2011-07-17 15:59:00,2011-07-17 15:59:00,United Kingdom,144,152.68
17985.0,631.35,1,171,2011-11-17 14:24:00,2011-11-17 14:24:00,United Kingdom,21,631.35
17986.0,20.8,1,10,2011-10-14 14:22:00,2011-10-14 14:22:00,United Kingdom,55,20.8
17987.0,198.57,1,261,2011-06-07 14:22:00,2011-06-07 14:22:00,United Kingdom,184,198.57
17988.0,201.12,7,43,2011-01-17 11:59:00,2011-11-28 11:00:00,United Kingdom,11,28.731428571428573
17990.0,630.84,3,414,2010-12-13 12:10:00,2011-04-17 11:44:00,United Kingdom,236,210.28
17991.0,93.35,2,25,2011-04-27 16:39:00,2011-04-28 15:58:00,United Kingdom,224,46.675
17994.0,674.89,4,495,2011-02-22 11:02:00,2011-08-10 11:41:00,United Kingdom,121,168.7225
17995.0,76.1,1,133,2011-03-03 12:30:00,2011-03-03 12:30:00,United Kingdom,281,76.1
17997.0,1962.46,8,2273,2011-06-28 17:28:00,2011-09-26 16:13:00,United Kingdom,73,245.3075
17999.0,380.39,2,219,2010-12-08 15:17:00,2011-11-02 15:56:00,United Kingdom,36,190.195
18001.0,415.13,2,362,2011-09-14 11:21:00,2011-11-27 16:02:00,United Kingdom,11,207.565
18004.0,157.92,1,75,2010-12-12 13:47:00,2010-12-12 13:47:00,United Kingdom,361,157.92
18005.0,226.47,2,86,2011-10-23 14:40:00,2011-12-06 11:51:00,United Kingdom,3,113.235
18006.0,444.68,1,220,2011-11-16 16:52:00,2011-11-16 16:52:00,United Kingdom,22,444.68
18008.0,2116.19,9,1581,2011-01-25 12:26:00,2011-09-30 15:17:00,United Kingdom,69,235.13222222222223
18009.0,247.39,1,125,2011-04-18 13:36:00,2011-04-18 13:36:00,United Kingdom,234,247.39
18010.0,174.8,1,60,2011-03-28 12:27:00,2011-03-28 12:27:00,United Kingdom,256,174.8
18011.0,102.78999999999999,1,71,2010-12-01 17:35:00,2010-12-01 17:35:00,United Kingdom,372,102.78999999999999
18013.0,187.29,2,285,2011-07-07 14:08:00,2011-07-07 14:11:00,United Kingdom,154,93.645
18014.0,162.22,1,66,2011-11-11 15:28:00,2011-11-11 15:28:00,United Kingdom,27,162.22
18015.0,120.03,1,157,2011-12-05 14:49:00,2011-12-05 14:49:00,United Kingdom,3,120.03
18016.0,1477.66,5,1027,2010-12-10 17:14:00,2011-11-07 13:25:00,United Kingdom,31,295.53200000000004
18017.0,523.0,3,300,2011-02-02 13:57:00,2011-09-19 16:15:00,United Kingdom,80,174.33333333333334
18018.0,122.14,2,55,2011-05-24 13:22:00,2011-08-23 17:37:00,United Kingdom,107,61.07
18019.0,38.45,1,7,2011-10-19 12:10:00,2011-10-19 12:10:00,United Kingdom,51,38.45
18022.0,612.72,1,703,2011-11-04 12:45:00,2011-11-04 12:45:00,United Kingdom,35,612.72
18024.0,389.78,2,184,2011-07-10 12:28:00,2011-07-10 12:40:00,United Kingdom,152,194.89
18027.0,115.31,1,78,2011-09-02 10:38:00,2011-09-02 10:38:00,United Kingdom,98,115.31
18030.0,230.64999999999998,2,67,2011-10-28 13:55:00,2011-12-05 16:37:00,United Kingdom,3,115.32499999999999
18032.0,73.5,1,42,2011-01-09 15:32:00,2011-01-09 15:32:00,United Kingdom,333,73.5
18033.0,93.82000000000001,1,252,2011-10-05 17:28:00,2011-10-05 17:28:00,United Kingdom,64,93.82000000000001
18034.0,418.68,2,559,2011-11-18 12:08:00,2011-11-18 12:22:00,United Kingdom,21,209.34
18035.0,713.89,3,584,2011-10-27 17:48:00,2011-11-04 12:39:00,United Kingdom,35,237.96333333333334
18036.0,403.12,3,232,2011-04-08 11:26:00,2011-11-07 14:40:00,United Kingdom,31,134.37333333333333
18037.0,70.02,6,20,2010-12-12 16:20:00,2011-07-08 13:39:00,United Kingdom,153,11.67
18040.0,357.20000000000005,2,148,2011-04-08 08:27:00,2011-11-20 14:20:00,United Kingdom,18,178.60000000000002
18041.0,4097.37,21,3758,2010-12-02 11:21:00,2011-11-28 11:39:00,United Kingdom,11,195.11285714285714
18042.0,165.04999999999998,1,33,2011-10-17 11:49:00,2011-10-17 11:49:00,United Kingdom,53,165.04999999999998
18043.0,529.29,3,265,2010-12-08 12:35:00,2011-11-15 12:48:00,United Kingdom,24,176.42999999999998
18044.0,2088.6,10,1033,2010-12-14 12:25:00,2011-12-05 14:26:00,United Kingdom,3,208.85999999999999
18045.0,178.34,1,138,2011-10-25 13:07:00,2011-10-25 13:07:00,United Kingdom,44,178.34
18048.0,172.29000000000002,2,127,2011-05-20 14:54:00,2011-05-20 14:58:00,United Kingdom,202,86.14500000000001
18050.0,74.4,1,40,2010-12-15 14:25:00,2010-12-15 14:25:00,United Kingdom,358,74.4
18053.0,300.02,1,302,2011-09-30 09:05:00,2011-09-30 09:05:00,United Kingdom,70,300.02
18055.0,6761.34,10,2452,2010-12-05 10:52:00,2011-12-02 14:25:00,United Kingdom,6,676.134
18056.0,363.65,1,211,2011-02-24 14:27:00,2011-02-24 14:27:00,United Kingdom,287,363.65
18058.0,170.16,1,88,2011-11-30 08:38:00,2011-11-30 08:38:00,United Kingdom,9,170.16
18059.0,306.46,3,258,2011-10-03 09:30:00,2011-11-16 16:49:00,United Kingdom,22,102.15333333333332
18061.0,2119.41,10,955,2010-12-08 13:03:00,2011-11-18 11:20:00,United Kingdom,21,211.94099999999997
18062.0,720.52,3,396,2011-01-06 10:03:00,2011-06-19 14:47:00,United Kingdom,172,240.17333333333332
18064.0,814.0,2,384,2011-04-18 15:08:00,2011-07-29 16:39:00,United Kingdom,132,407.0
18065.0,2392.83,14,1027,2010-12-10 12:44:00,2011-12-04 10:30:00,United Kingdom,5,170.91642857142855
18066.0,318.0,1,108,2011-09-25 15:30:00,2011-09-25 15:30:00,United Kingdom,74,318.0
18067.0,396.33,1,189,2011-10-30 15:58:00,2011-10-30 15:58:00,United Kingdom,39,396.33
18068.0,101.69999999999999,1,6,2011-02-23 14:50:00,2011-02-23 14:50:00,United Kingdom,288,101.69999999999999
18069.0,2009.24,5,1296,2011-01-16 15:50:00,2011-11-13 16:03:00,United Kingdom,25,401.848
18071.0,453.0,2,260,2010-12-09 10:33:00,2011-03-27 11:59:00,United Kingdom,257,226.5
18072.0,247.44,1,288,2011-06-07 10:44:00,2011-06-07 10:44:00,United Kingdom,185,247.44
18073.0,3859.82,12,3102,2011-05-26 19:38:00,2011-08-17 14:02:00,United Kingdom,113,321.6516666666667
18074.0,489.6,1,190,2010-12-01 09:53:00,2010-12-01 09:53:00,United Kingdom,373,489.6
18075.0,2611.75,10,1464,2010-12-14 10:48:00,2011-11-16 15:21:00,United Kingdom,22,261.175
18077.0,2584.41,11,1839,2010-12-08 10:21:00,2011-12-01 13:32:00,United Kingdom,7,234.94636363636363
18078.0,336.13,2,145,2011-03-25 15:08:00,2011-05-06 14:32:00,United Kingdom,216,168.065
18079.0,3613.15,4,7347,2011-04-15 12:14:00,2011-10-25 15:27:00,United Kingdom,44,903.2875
18080.0,1231.5,2,642,2011-04-11 10:10:00,2011-11-21 08:02:00,United Kingdom,18,615.75
18081.0,343.45,3,195,2011-07-29 11:56:00,2011-11-03 16:30:00,United Kingdom,35,114.48333333333333
18082.0,680.84,1,608,2011-11-14 12:45:00,2011-11-14 12:45:00,United Kingdom,25,680.84
18084.0,90.47999999999999,1,312,2011-11-23 13:57:00,2011-11-23 13:57:00,United Kingdom,15,90.47999999999999
18085.0,689.95,2,265,2010-12-01 12:08:00,2011-01-13 15:17:00,United Kingdom,329,344.975
18086.0,101.34,1,106,2011-03-10 13:34:00,2011-03-10 13:34:00,United Kingdom,273,101.34
18087.0,4055.7199999999993,2,3907,2011-02-22 10:43:00,2011-09-02 15:12:00,United Kingdom,97,2027.8599999999997
18088.0,166.03,1,107,2011-10-09 13:41:00,2011-10-09 13:41:00,United Kingdom,60,166.03
18092.0,9068.26,11,4252,2010-12-09 10:00:00,2011-12-07 13:14:00,United Kingdom,1,824.3872727272727
18093.0,2106.52,4,1392,2011-02-10 12:15:00,2011-09-07 15:43:00,United Kingdom,92,526.63
18094.0,3017.3,7,2518,2011-02-21 08:50:00,2011-09-19 09:28:00,United Kingdom,81,431.04285714285714
18095.0,580.0500000000001,2,419,2011-01-11 12:37:00,2011-01-31 12:50:00,United Kingdom,312,290.02500000000003
18096.0,849.06,3,788,2011-10-07 11:55:00,2011-11-28 12:44:00,United Kingdom,11,283.02
18097.0,2662.4,6,1662,2010-12-20 14:49:00,2011-12-02 11:16:00,United Kingdom,7,443.73333333333335
18099.0,168.31,1,149,2011-08-04 15:52:00,2011-08-04 15:52:00,United Kingdom,126,168.31
18101.0,222.4,2,87,2011-07-19 13:05:00,2011-11-28 13:37:00,United Kingdom,10,111.2
18102.0,259657.3,60,64124,2010-12-07 16:42:00,2011-12-09 11:50:00,United Kingdom,0,4327.621666666667
18104.0,754.64,1,362,2011-11-02 14:07:00,2011-11-02 14:07:00,United Kingdom,36,754.64
18105.0,113.48000000000002,1,46,2011-11-02 12:04:00,2011-11-02 12:04:00,United Kingdom,37,113.48000000000002
18106.0,421.9,1,126,2011-01-14 12:23:00,2011-01-14 12:23:00,United Kingdom,329,421.9
18108.0,271.0,1,84,2011-03-30 13:56:00,2011-03-30 13:56:00,United Kingdom,253,271.0
18109.0,8004.92,26,4230,2010-12-05 10:58:00,2011-12-08 11:36:00,United Kingdom,1,307.88153846153847
18110.0,198.8,1,72,2011-11-20 12:34:00,2011-11-20 12:34:00,United Kingdom,19,198.8
18112.0,352.69,2,255,2011-06-26 13:56:00,2011-11-27 14:43:00,United Kingdom,11,176.345
18113.0,76.32000000000001,1,72,2010-12-06 12:31:00,2010-12-06 12:31:00,United Kingdom,368,76.32000000000001
18114.0,220.1,1,55,2011-02-22 13:20:00,2011-02-22 13:20:00,United Kingdom,289,220.1
18116.0,1403.1100000000001,8,837,2010-12-10 12:14:00,2011-10-03 11:00:00,United Kingdom,67,175.38875000000002
18117.0,315.65,1,605,2011-11-14 12:47:00,2011-11-14 12:47:00,United Kingdom,25,315.65
18118.0,5625.08,26,2865,2010-12-05 12:13:00,2011-11-29 11:32:00,United Kingdom,10,216.34923076923076
18119.0,180.7,1,124,2010-12-07 11:59:00,2010-12-07 11:59:00,United Kingdom,367,180.7
18120.0,111.15,1,31,2011-05-09 13:45:00,2011-05-09 13:45:00,United Kingdom,213,111.15
18121.0,653.3,2,438,2011-07-08 12:14:00,2011-07-13 12:53:00,United Kingdom,148,326.65
18122.0,1793.06,6,1225,2011-07-12 11:37:00,2011-12-01 13:08:00,United Kingdom,7,298.8433333333333
18123.0,574.4399999999999,2,582,2011-11-08 13:31:00,2011-11-15 14:23:00,United Kingdom,23,287.21999999999997
18125.0,1131.75,4,800,2011-01-27 15:02:00,2011-11-10 12:29:00,United Kingdom,29,282.9375
18126.0,200.92000000000002,1,135,2011-10-10 12:19:00,2011-10-10 12:19:00,United Kingdom,60,200.92000000000002
18127.0,347.08,3,187,2011-07-29 10:06:00,2011-11-20 14:05:00,United Kingdom,18,115.69333333333333
18129.0,112.55000000000001,1,48,2011-04-10 14:16:00,2011-04-10 14:16:00,United Kingdom,242,112.55000000000001
18130.0,1059.39,3,824,2011-10-13 15:58:00,2011-11-24 14:40:00,United Kingdom,14,353.13000000000005
18133.0,931.4999999999999,1,1350,2011-05-11 14:14:00,2011-05-11 14:14:00,United Kingdom,211,931.4999999999999
18135.0,681.9100000000001,5,349,2011-06-02 14:04:00,2011-11-10 19:32:00,United Kingdom,28,136.382
18136.0,784.33,3,379,2011-01-24 12:08:00,2011-10-07 15:40:00,United Kingdom,62,261.4433333333333
18138.0,152.65,1,38,2011-02-17 14:51:00,2011-02-17 14:51:00,United Kingdom,294,152.65
18139.0,8438.34,6,5557,2011-11-21 14:06:00,2011-11-22 10:44:00,United Kingdom,17,1406.39
18142.0,1019.52,2,1276,2011-05-08 12:31:00,2011-07-05 13:19:00,United Kingdom,156,509.76
18143.0,1000.16,2,570,2011-07-21 10:44:00,2011-08-15 12:07:00,United Kingdom,116,500.08
18144.0,2888.75,12,1343,2010-12-01 13:45:00,2011-12-02 12:46:00,United Kingdom,7,240.72916666666666
18145.0,2861.55,4,2625,2011-01-31 12:10:00,2011-11-27 11:22:00,United Kingdom,12,715.3875
18146.0,160.35000000000002,2,153,2011-05-03 16:35:00,2011-07-22 12:08:00,United Kingdom,140,80.17500000000001
18147.0,179.33999999999997,2,203,2011-08-23 12:22:00,2011-10-25 11:46:00,United Kingdom,45,89.66999999999999
18149.0,612.0799999999999,3,310,2011-03-11 12:44:00,2011-10-20 12:04:00,United Kingdom,50,204.02666666666664
18150.0,566.58,3,332,2011-05-22 10:47:00,2011-11-07 16:49:00,United Kingdom,31,188.86
18151.0,653.35,2,355,2011-02-23 08:29:00,2011-07-28 11:35:00,United Kingdom,134,326.675
18154.0,399.19,2,255,2011-10-27 10:40:00,2011-12-06 16:41:00,United Kingdom,2,199.595
18155.0,371.62,3,266,2011-02-21 10:36:00,2011-09-25 13:32:00,United Kingdom,74,123.87333333333333
18156.0,675.64,2,283,2010-12-05 12:29:00,2011-11-27 12:24:00,United Kingdom,12,337.82
18158.0,453.4,2,354,2011-09-12 09:03:00,2011-11-30 16:19:00,United Kingdom,8,226.7
18159.0,530.15,1,139,2011-02-11 14:26:00,2011-02-11 14:26:00,United Kingdom,300,530.15
18160.0,638.0600000000001,2,294,2011-05-23 13:41:00,2011-10-13 15:50:00,United Kingdom,56,319.03000000000003
18161.0,1618.69,5,812,2011-01-24 11:56:00,2011-11-24 16:40:00,United Kingdom,14,323.738
18164.0,399.65000000000003,1,184,2011-11-02 12:56:00,2011-11-02 12:56:00,United Kingdom,36,399.65000000000003
18165.0,302.46000000000004,1,254,2011-06-15 13:23:00,2011-06-15 13:23:00,United Kingdom,176,302.46000000000004
18167.0,1384.8600000000001,3,382,2011-08-26 11:40:00,2011-11-16 15:56:00,United Kingdom,22,461.62000000000006
18168.0,1160.04,6,592,2010-12-02 18:08:00,2011-06-16 19:21:00,United Kingdom,175,193.34
18169.0,202.65,1,61,2011-10-10 12:18:00,2011-10-10 12:18:00,United Kingdom,60,202.65
18170.0,980.31,3,409,2011-05-06 15:13:00,2011-11-06 14:35:00,United Kingdom,32,326.77
18171.0,1231.31,5,481,2011-01-10 09:55:00,2011-10-12 09:13:00,United Kingdom,58,246.262
18172.0,7561.68,20,3184,2011-02-23 10:44:00,2011-11-25 11:12:00,United Kingdom,14,378.084
18173.0,2106.84,4,1220,2011-03-10 11:56:00,2011-09-14 11:26:00,United Kingdom,86,526.71
18174.0,104.0,1,50,2011-12-02 16:56:00,2011-12-02 16:56:00,United Kingdom,6,104.0
18176.0,476.35,1,283,2010-12-16 15:45:00,2010-12-16 15:45:00,United Kingdom,357,476.35
18177.0,1340.8700000000001,6,709,2011-03-29 08:46:00,2011-11-08 14:44:00,United Kingdom,30,223.47833333333335
18178.0,1590.81,4,983,2010-12-10 12:42:00,2011-08-03 09:30:00,United Kingdom,128,397.7025
18179.0,1793.17,6,1360,2011-01-07 14:22:00,2011-11-30 16:23:00,United Kingdom,8,298.8616666666667
18180.0,1843.75,6,1721,2011-07-20 08:59:00,2011-12-05 08:39:00,United Kingdom,4,307.2916666666667
18181.0,366.85,1,133,2011-11-15 15:08:00,2011-11-15 15:08:00,United Kingdom,23,366.85
18183.0,632.07,2,371,2011-03-10 10:08:00,2011-04-26 15:26:00,United Kingdom,226,316.035
18184.0,49.8,1,60,2011-11-24 15:28:00,2011-11-24 15:28:00,United Kingdom,14,49.8
18185.0,304.25,1,183,2011-04-04 13:42:00,2011-04-04 13:42:00,United Kingdom,248,304.25
18188.0,2001.04,3,1168,2011-02-22 14:43:00,2011-11-24 16:46:00,United Kingdom,14,667.0133333333333
18189.0,1090.24,2,566,2011-03-17 09:49:00,2011-09-23 12:40:00,United Kingdom,77,545.12
18190.0,284.46000000000004,2,140,2011-01-13 10:35:00,2011-05-31 14:48:00,United Kingdom,191,142.23000000000002
18191.0,207.79999999999998,1,140,2011-03-23 12:08:00,2011-03-23 12:08:00,United Kingdom,261,207.79999999999998
18192.0,957.97,1,339,2011-09-29 09:53:00,2011-09-29 09:53:00,United Kingdom,71,957.97
18193.0,243.76,1,124,2011-06-27 13:58:00,2011-06-27 13:58:00,United Kingdom,164,243.76
18194.0,973.8399999999999,1,632,2011-09-18 13:29:00,2011-09-18 13:29:00,United Kingdom,81,973.8399999999999
18196.0,686.63,2,431,2011-02-22 16:13:00,2011-09-05 16:22:00,United Kingdom,94,343.315
18198.0,5425.56,17,4074,2011-01-07 13:39:00,2011-12-05 14:49:00,United Kingdom,3,319.15058823529415
18200.0,150.35,1,104,2011-08-25 18:45:00,2011-08-25 18:45:00,United Kingdom,105,150.35
18202.0,1396.99,3,581,2011-02-01 13:36:00,2011-05-24 12:12:00,United Kingdom,199,465.66333333333336
18203.0,160.42000000000002,1,43,2011-07-05 13:07:00,2011-07-05 13:07:00,United Kingdom,156,160.42000000000002
18204.0,1975.35,3,1190,2011-05-31 15:26:00,2011-09-29 16:44:00,United Kingdom,70,658.4499999999999
18205.0,517.36,2,192,2011-09-26 12:02:00,2011-11-03 13:22:00,United Kingdom,35,258.68
18209.0,139.10000000000002,1,58,2011-11-11 12:07:00,2011-11-11 12:07:00,United Kingdom,28,139.10000000000002
18210.0,2621.38,6,1398,2011-03-17 16:58:00,2011-12-08 11:02:00,United Kingdom,1,436.8966666666667
18211.0,600.07,5,359,2011-03-06 12:09:00,2011-11-14 08:10:00,United Kingdom,25,120.01400000000001
18212.0,216.07,1,92,2011-01-17 16:14:00,2011-01-17 16:14:00,United Kingdom,325,216.07
18213.0,232.48000000000002,1,232,2011-04-17 10:21:00,2011-04-17 10:21:00,United Kingdom,236,232.48000000000002
18215.0,299.34000000000003,1,118,2011-09-11 16:05:00,2011-09-11 16:05:00,United Kingdom,88,299.34000000000003
18216.0,481.75,1,200,2011-11-08 16:55:00,2011-11-08 16:55:00,United Kingdom,30,481.75
18217.0,621.75,2,491,2011-09-30 10:44:00,2011-11-10 13:18:00,United Kingdom,28,310.875
18218.0,641.92,2,536,2011-03-03 12:24:00,2011-05-12 12:53:00,United Kingdom,210,320.96
18219.0,2069.77,10,885,2010-12-06 10:05:00,2011-12-07 11:43:00,United Kingdom,2,206.977
18220.0,305.28000000000003,1,288,2011-04-27 09:03:00,2011-04-27 09:03:00,United Kingdom,226,305.28000000000003
18221.0,1041.61,5,791,2011-05-12 14:13:00,2011-11-17 14:40:00,United Kingdom,21,208.32199999999997
18222.0,443.0,1,335,2011-09-08 10:45:00,2011-09-08 10:45:00,United Kingdom,92,443.0
18223.0,6484.54,14,2948,2010-12-16 16:42:00,2011-12-05 09:11:00,United Kingdom,4,463.18142857142857
18224.0,158.95000000000002,1,69,2011-03-21 10:30:00,2011-03-21 10:30:00,United Kingdom,263,158.95000000000002
18225.0,5504.96,12,3242,2010-12-09 15:46:00,2011-12-06 13:27:00,United Kingdom,2,458.74666666666667
18226.0,5228.05,11,3466,2011-01-06 09:00:00,2011-10-26 13:36:00,United Kingdom,43,475.27727272727276
18227.0,93.75,1,21,2011-05-06 12:23:00,2011-05-06 12:23:00,United Kingdom,217,93.75
18228.0,779.9,2,238,2011-09-21 10:48:00,2011-10-14 09:21:00,United Kingdom,56,389.95
18229.0,7276.900000000001,20,2488,2010-12-01 16:25:00,2011-11-28 09:48:00,United Kingdom,11,363.845
18230.0,2810.2000000000003,7,1316,2011-02-10 13:06:00,2011-11-30 13:22:00,United Kingdom,8,401.4571428571429
18231.0,2071.77,5,819,2011-02-24 09:08:00,2011-05-31 14:18:00,United Kingdom,191,414.354
18232.0,592.97,4,302,2011-05-26 16:30:00,2011-09-19 11:49:00,United Kingdom,81,148.2425
18233.0,440.0,1,4,2011-01-18 08:44:00,2011-01-18 08:44:00,United Kingdom,325,440.0
18235.0,1796.48,3,1578,2011-05-06 13:35:00,2011-09-29 08:27:00,United Kingdom,71,598.8266666666667
18236.0,882.24,6,403,2011-04-13 09:52:00,2011-11-10 08:06:00,United Kingdom,29,147.04
18237.0,987.1,5,622,2011-07-28 13:05:00,2011-12-07 12:49:00,United Kingdom,2,197.42000000000002
18239.0,1561.6100000000001,5,795,2010-12-02 17:48:00,2011-05-05 12:38:00,United Kingdom,218,312.322
18240.0,422.58,1,126,2011-10-24 13:06:00,2011-10-24 13:06:00,United Kingdom,45,422.58
18241.0,2073.09,17,1051,2011-05-06 09:22:00,2011-11-30 12:10:00,United Kingdom,9,121.9464705882353
18242.0,2232.4900000000002,4,1017,2011-05-10 11:20:00,2011-09-28 13:43:00,United Kingdom,71,558.1225000000001
18245.0,2567.06,7,1788,2010-12-19 14:58:00,2011-12-02 14:48:00,United Kingdom,6,366.72285714285715
18246.0,596.1,2,166,2011-04-20 13:55:00,2011-11-16 11:49:00,United Kingdom,23,298.05
18248.0,804.02,2,511,2011-06-06 13:18:00,2011-08-09 10:19:00,United Kingdom,122,402.01
18249.0,95.34,1,128,2011-11-22 15:07:00,2011-11-22 15:07:00,United Kingdom,16,95.34
18250.0,349.27,1,199,2011-02-02 13:16:00,2011-02-02 13:16:00,United Kingdom,309,349.27
18251.0,4314.72,1,7824,2011-09-13 15:03:00,2011-09-13 15:03:00,United Kingdom,86,4314.72
18252.0,518.27,2,234,2011-06-21 11:47:00,2011-10-20 12:43:00,United Kingdom,50,259.135
18255.0,103.3,1,74,2011-09-11 13:16:00,2011-09-11 13:16:00,United Kingdom,88,103.3
18257.0,2337.63,8,1041,2011-02-16 15:13:00,2011-10-31 14:48:00,United Kingdom,38,292.20375
18259.0,2338.6000000000004,3,714,2010-12-08 13:38:00,2011-11-15 12:34:00,United Kingdom,24,779.5333333333334
18260.0,2628.35,6,1475,2010-12-16 18:23:00,2011-06-20 12:37:00,United Kingdom,172,438.05833333333334
18261.0,324.24,2,146,2011-09-05 09:34:00,2011-10-27 15:36:00,United Kingdom,42,162.12
18262.0,149.48,1,182,2011-07-22 16:04:00,2011-07-22 16:04:00,United Kingdom,139,149.48
18263.0,1213.1599999999999,3,1468,2011-04-01 11:48:00,2011-11-14 09:00:00,United Kingdom,25,404.3866666666666
18265.0,801.51,2,311,2011-07-04 15:26:00,2011-09-28 14:10:00,United Kingdom,71,400.755
18268.0,25.5,1,2,2011-07-28 19:13:00,2011-07-28 19:13:00,United Kingdom,133,25.5
18269.0,168.6,1,76,2010-12-08 13:53:00,2010-12-08 13:53:00,United Kingdom,365,168.6
18270.0,283.15,2,101,2011-03-18 12:41:00,2011-11-01 13:57:00,United Kingdom,37,141.575
18272.0,3078.58,6,2050,2011-04-07 09:35:00,2011-12-07 12:43:00,United Kingdom,2,513.0966666666667
18273.0,204.0,3,80,2011-03-27 11:22:00,2011-12-07 13:16:00,United Kingdom,1,68.0
18274.0,175.92,1,88,2011-11-09 17:03:00,2011-11-09 17:03:00,United Kingdom,29,175.92
18276.0,335.86,1,186,2011-10-27 10:54:00,2011-10-27 10:54:00,United Kingdom,43,335.86
18277.0,110.38,1,68,2011-10-12 15:22:00,2011-10-12 15:22:00,United Kingdom,57,110.38
18278.0,173.9,1,66,2011-09-27 11:58:00,2011-09-27 11:58:00,United Kingdom,73,173.9
18280.0,180.60000000000002,1,45,2011-03-07 09:52:00,2011-03-07 09:52:00,United Kingdom,277,180.60000000000002
18281.0,80.82,1,54,2011-06-12 10:53:00,2011-06-12 10:53:00,United Kingdom,180,80.82
18282.0,178.05,2,103,2011-08-05 13:35:00,2011-12-02 11:43:00,United Kingdom,7,89.025
18283.0,2045.53,16,1357,2011-01-06 14:14:00,2011-12-06 12:02:00,United Kingdom,3,127.845625
18287.0,1837.28,3,1586,2011-05-22 10:39:00,2011-10-28 09:29:00,United Kingdom,42,612.4266666666666
